company_id,company_name,year,peer_group_name,metric,value,percentile_rank
ADANIGREEN,Adani Green Energy Ltd,Mar 2017,Power & Utilities,return_on_equity_pct,-3.906899418121363,0.125
ADANIGREEN,Adani Green Energy Ltd,Mar 2018,Power & Utilities,return_on_equity_pct,-10.290827740492169,0.1
ADANIGREEN,Adani Green Energy Ltd,Mar 2019,Power & Utilities,return_on_equity_pct,-24.573202276254527,0.0625
ADANIGREEN,Adani Green Energy Ltd,Mar 2020,Power & Utilities,return_on_equity_pct,-2.8850233347475602,0.1375
ADANIGREEN,Adani Green Energy Ltd,Mar 2021,Power & Utilities,return_on_equity_pct,8.272727272727273,0.325
ADANIGREEN,Adani Green Energy Ltd,Mar 2022,Power & Utilities,return_on_equity_pct,18.706962509563887,0.95
ADANIGREEN,Adani Green Energy Ltd,Mar 2023,Power & Utilities,return_on_equity_pct,13.321467688937568,0.75
ADANIGREEN,Adani Green Energy Ltd,Mar 2024,Power & Utilities,return_on_equity_pct,12.812690665039659,0.6625
ADANIGREEN,Adani Green Energy Ltd,TTM,Power & Utilities,return_on_equity_pct,,
ADANIPOWER,Adani Power Ltd,Mar 2013,Power & Utilities,return_on_equity_pct,-53.459119496855344,0.0375
ADANIPOWER,Adani Power Ltd,Mar 2014,Power & Utilities,return_on_equity_pct,-4.447501146263182,0.1125
ADANIPOWER,Adani Power Ltd,Mar 2015,Power & Utilities,return_on_equity_pct,-14.253275109170305,0.075
ADANIPOWER,Adani Power Ltd,Mar 2016,Power & Utilities,return_on_equity_pct,7.378146759507231,0.2875
ADANIPOWER,Adani Power Ltd,Mar 2017,Power & Utilities,return_on_equity_pct,-205.79999999999998,0.025
ADANIPOWER,Adani Power Ltd,Mar 2018,Power & Utilities,return_on_equity_pct,-236.55793025871765,0.0125
ADANIPOWER,Adani Power Ltd,Mar 2019,Power & Utilities,return_on_equity_pct,-12.759336099585061,0.0875
ADANIPOWER,Adani Power Ltd,Mar 2020,Power & Utilities,return_on_equity_pct,-35.102607622280516,0.05
ADANIPOWER,Adani Power Ltd,Mar 2021,Power & Utilities,return_on_equity_pct,9.685045374818882,0.4375
ADANIPOWER,Adani Power Ltd,Mar 2022,Power & Utilities,return_on_equity_pct,26.613209080565635,0.975
ADANIPOWER,Adani Power Ltd,Mar 2023,Power & Utilities,return_on_equity_pct,35.90507430713616,0.9875
ADANIPOWER,Adani Power Ltd,Mar 2024,Power & Utilities,return_on_equity_pct,48.27674122146251,1.0
ADANIPOWER,Adani Power Ltd,TTM,Power & Utilities,return_on_equity_pct,,
JSWENERGY,JSW Energy Ltd,Mar 2013,Power & Utilities,return_on_equity_pct,14.522888459058672,0.7875
JSWENERGY,JSW Energy Ltd,Mar 2014,Power & Utilities,return_on_equity_pct,11.565971693806118,0.5625
JSWENERGY,JSW Energy Ltd,Mar 2015,Power & Utilities,return_on_equity_pct,18.063314711359403,0.925
JSWENERGY,JSW Energy Ltd,Mar 2016,Power & Utilities,return_on_equity_pct,15.045342126957955,0.8125
JSWENERGY,JSW Energy Ltd,Mar 2017,Power & Utilities,return_on_equity_pct,6.00829395312952,0.2375
JSWENERGY,JSW Energy Ltd,Mar 2018,Power & Utilities,return_on_equity_pct,0.7650765076507651,0.1625
JSWENERGY,JSW Energy Ltd,Mar 2019,Power & Utilities,return_on_equity_pct,5.785823041786499,0.225
JSWENERGY,JSW Energy Ltd,Mar 2020,Power & Utilities,return_on_equity_pct,9.282156963764383,0.4
JSWENERGY,JSW Energy Ltd,Mar 2021,Power & Utilities,return_on_equity_pct,5.67312331977666,0.2
JSWENERGY,JSW Energy Ltd,Mar 2022,Power & Utilities,return_on_equity_pct,10.008613264427218,0.45
JSWENERGY,JSW Energy Ltd,Mar 2023,Power & Utilities,return_on_equity_pct,7.944602501476193,0.3125
JSWENERGY,JSW Energy Ltd,Mar 2024,Power & Utilities,return_on_equity_pct,8.280529953917052,0.3375
JSWENERGY,JSW Energy Ltd,TTM,Power & Utilities,return_on_equity_pct,,
NHPC,"NHPC Ltd
",Mar 2013,Power & Utilities,return_on_equity_pct,9.64255747608659,0.425
NHPC,"NHPC Ltd
",Mar 2014,Power & Utilities,return_on_equity_pct,5.781349571620761,0.2125
NHPC,"NHPC Ltd
",Mar 2015,Power & Utilities,return_on_equity_pct,9.096820339423891,0.3625
NHPC,"NHPC Ltd
",Mar 2016,Power & Utilities,return_on_equity_pct,7.4740068893594165,0.3
NHPC,"NHPC Ltd
",Mar 2017,Power & Utilities,return_on_equity_pct,11.993796312252284,0.6125
NHPC,"NHPC Ltd
",Mar 2018,Power & Utilities,return_on_equity_pct,9.270663426650245,0.3875
NHPC,"NHPC Ltd
",Mar 2019,Power & Utilities,return_on_equity_pct,9.208390155204883,0.375
NHPC,"NHPC Ltd
",Mar 2020,Power & Utilities,return_on_equity_pct,10.659316146712978,0.5
NHPC,"NHPC Ltd
",Mar 2021,Power & Utilities,return_on_equity_pct,10.891598342056696,0.525
NHPC,"NHPC Ltd
",Mar 2022,Power & Utilities,return_on_equity_pct,10.807250651470463,0.5125
NHPC,"NHPC Ltd
",Mar 2023,Power & Utilities,return_on_equity_pct,11.5283677389681,0.55
NHPC,"NHPC Ltd
",Mar 2024,Power & Utilities,return_on_equity_pct,10.407730866621879,0.4875
NHPC,"NHPC Ltd
",TTM,Power & Utilities,return_on_equity_pct,,
NTPC,NTPC Ltd,Mar 2013,Power & Utilities,return_on_equity_pct,15.492368291482029,0.8375
NTPC,NTPC Ltd,Mar 2014,Power & Utilities,return_on_equity_pct,13.057518121128147,0.675
NTPC,NTPC Ltd,Mar 2015,Power & Utilities,return_on_equity_pct,12.171413257972569,0.625
NTPC,NTPC Ltd,Mar 2016,Power & Utilities,return_on_equity_pct,11.772863772863772,0.5875
NTPC,NTPC Ltd,Mar 2017,Power & Utilities,return_on_equity_pct,10.950755330239783,0.5375
NTPC,NTPC Ltd,Mar 2018,Power & Utilities,return_on_equity_pct,10.140687311105317,0.475
NTPC,NTPC Ltd,Mar 2019,Power & Utilities,return_on_equity_pct,12.602710202322262,0.65
NTPC,NTPC Ltd,Mar 2020,Power & Utilities,return_on_equity_pct,10.015146415348369,0.4625
NTPC,NTPC Ltd,Mar 2021,Power & Utilities,return_on_equity_pct,11.904818711775981,0.6
NTPC,NTPC Ltd,Mar 2022,Power & Utilities,return_on_equity_pct,12.528255056362376,0.6375
NTPC,NTPC Ltd,Mar 2023,Power & Utilities,return_on_equity_pct,11.645116750440407,0.575
NTPC,NTPC Ltd,Mar 2024,Power & Utilities,return_on_equity_pct,13.273598407068633,0.7375
NTPC,NTPC Ltd,TTM,Power & Utilities,return_on_equity_pct,,
POWERGRID,Power Grid Corporation of India Ltd,Mar 2013,Power & Utilities,return_on_equity_pct,16.3352649320153,0.8625
POWERGRID,Power Grid Corporation of India Ltd,Mar 2014,Power & Utilities,return_on_equity_pct,13.107383710876707,0.6875
POWERGRID,Power Grid Corporation of India Ltd,Mar 2015,Power & Utilities,return_on_equity_pct,13.127292593459766,0.7
POWERGRID,Power Grid Corporation of India Ltd,Mar 2016,Power & Utilities,return_on_equity_pct,13.552422105981352,0.7625
POWERGRID,Power Grid Corporation of India Ltd,Mar 2017,Power & Utilities,return_on_equity_pct,14.94204467974171,0.8
POWERGRID,Power Grid Corporation of India Ltd,Mar 2018,Power & Utilities,return_on_equity_pct,15.073678021533826,0.825
POWERGRID,Power Grid Corporation of India Ltd,Mar 2019,Power & Utilities,return_on_equity_pct,16.981164006837144,0.875
POWERGRID,Power Grid Corporation of India Ltd,Mar 2020,Power & Utilities,return_on_equity_pct,17.0937925064919,0.8875
POWERGRID,Power Grid Corporation of India Ltd,Mar 2021,Power & Utilities,return_on_equity_pct,17.210020590253947,0.9
POWERGRID,Power Grid Corporation of India Ltd,Mar 2022,Power & Utilities,return_on_equity_pct,22.065130431361236,0.9625
POWERGRID,Power Grid Corporation of India Ltd,Mar 2023,Power & Utilities,return_on_equity_pct,18.57249536289837,0.9375
POWERGRID,Power Grid Corporation of India Ltd,Mar 2024,Power & Utilities,return_on_equity_pct,17.870011245496066,0.9125
POWERGRID,Power Grid Corporation of India Ltd,TTM,Power & Utilities,return_on_equity_pct,,
TATAPOWER,"Tata Power Company Ltd
",Mar 2013,Power & Utilities,return_on_equity_pct,0.9971625456019456,0.175
TATAPOWER,"Tata Power Company Ltd
",Mar 2014,Power & Utilities,return_on_equity_pct,0.0967663898072736,0.15
TATAPOWER,"Tata Power Company Ltd
",Mar 2015,Power & Utilities,return_on_equity_pct,3.1917865623690456,0.1875
TATAPOWER,"Tata Power Company Ltd
",Mar 2016,Power & Utilities,return_on_equity_pct,6.7566405914209575,0.275
TATAPOWER,"Tata Power Company Ltd
",Mar 2017,Power & Utilities,return_on_equity_pct,8.32450431360678,0.35
TATAPOWER,"Tata Power Company Ltd
",Mar 2018,Power & Utilities,return_on_equity_pct,15.921702542837979,0.85
TATAPOWER,"Tata Power Company Ltd
",Mar 2019,Power & Utilities,return_on_equity_pct,14.236547391423107,0.775
TATAPOWER,"Tata Power Company Ltd
",Mar 2020,Power & Utilities,return_on_equity_pct,6.725953184094859,0.2625
TATAPOWER,"Tata Power Company Ltd
",Mar 2021,Power & Utilities,return_on_equity_pct,6.446266182860727,0.25
TATAPOWER,"Tata Power Company Ltd
",Mar 2022,Power & Utilities,return_on_equity_pct,9.606986899563319,0.4125
TATAPOWER,"Tata Power Company Ltd
",Mar 2023,Power & Utilities,return_on_equity_pct,13.234681117132139,0.725
TATAPOWER,"Tata Power Company Ltd
",Mar 2024,Power & Utilities,return_on_equity_pct,13.227840276919272,0.7125
TATAPOWER,"Tata Power Company Ltd
",TTM,Power & Utilities,return_on_equity_pct,,
ADANIGREEN,Adani Green Energy Ltd,Mar 2017,Power & Utilities,net_profit_margin_pct,-9.362549800796813,0.05747126436781609
ADANIGREEN,Adani Green Energy Ltd,Mar 2018,Power & Utilities,net_profit_margin_pct,-9.324324324324325,0.06896551724137931
ADANIGREEN,Adani Green Energy Ltd,Mar 2019,Power & Utilities,net_profit_margin_pct,-23.080660835762874,0.034482758620689655
ADANIGREEN,Adani Green Energy Ltd,Mar 2020,Power & Utilities,net_profit_margin_pct,-2.6677128285602194,0.11494252873563218
ADANIGREEN,Adani Green Energy Ltd,Mar 2021,Power & Utilities,net_profit_margin_pct,5.8258642765685025,0.26436781609195403
ADANIGREEN,Adani Green Energy Ltd,Mar 2022,Power & Utilities,net_profit_margin_pct,9.526592635885448,0.3563218390804598
ADANIGREEN,Adani Green Energy Ltd,Mar 2023,Power & Utilities,net_profit_margin_pct,12.512860082304528,0.47126436781609193
ADANIGREEN,Adani Green Energy Ltd,Mar 2024,Power & Utilities,net_profit_margin_pct,13.665943600867678,0.5287356321839081
ADANIGREEN,Adani Green Energy Ltd,TTM,Power & Utilities,net_profit_margin_pct,17.881654609534408,0.6551724137931034
ADANIPOWER,Adani Power Ltd,Mar 2013,Power & Utilities,net_profit_margin_pct,-34.294680215182304,0.011494252873563218
ADANIPOWER,Adani Power Ltd,Mar 2014,Power & Utilities,net_profit_margin_pct,-1.8984864300626305,0.12643678160919541
ADANIPOWER,Adani Power Ltd,Mar 2015,Power & Utilities,net_profit_margin_pct,-4.367606915377617,0.09195402298850575
ADANIPOWER,Adani Power Ltd,Mar 2016,Power & Utilities,net_profit_margin_pct,2.171257437837412,0.1839080459770115
ADANIPOWER,Adani Power Ltd,Mar 2017,Power & Utilities,net_profit_margin_pct,-27.299257163070394,0.022988505747126436
ADANIPOWER,Adani Power Ltd,Mar 2018,Power & Utilities,net_profit_margin_pct,-10.35756501182033,0.04597701149425287
ADANIPOWER,Adani Power Ltd,Mar 2019,Power & Utilities,net_profit_margin_pct,-4.119912912409982,0.10344827586206896
ADANIPOWER,Adani Power Ltd,Mar 2020,Power & Utilities,net_profit_margin_pct,-8.595284872298626,0.08045977011494253
ADANIPOWER,Adani Power Ltd,Mar 2021,Power & Utilities,net_profit_margin_pct,4.84344609282636,0.2413793103448276
ADANIPOWER,Adani Power Ltd,Mar 2022,Power & Utilities,net_profit_margin_pct,17.725812854101257,0.6436781609195402
ADANIPOWER,Adani Power Ltd,Mar 2023,Power & Utilities,net_profit_margin_pct,27.666159440848016,0.7126436781609196
ADANIPOWER,Adani Power Ltd,Mar 2024,Power & Utilities,net_profit_margin_pct,41.36759945184802,0.9770114942528736
ADANIPOWER,Adani Power Ltd,TTM,Power & Utilities,net_profit_margin_pct,23.213174748398902,0.6896551724137931
JSWENERGY,JSW Energy Ltd,Mar 2013,Power & Utilities,net_profit_margin_pct,10.15783540022548,0.39080459770114945
JSWENERGY,JSW Energy Ltd,Mar 2014,Power & Utilities,net_profit_margin_pct,8.788159111933396,0.3448275862068966
JSWENERGY,JSW Energy Ltd,Mar 2015,Power & Utilities,net_profit_margin_pct,14.528725794372527,0.5632183908045977
JSWENERGY,JSW Energy Ltd,Mar 2016,Power & Utilities,net_profit_margin_pct,14.861563517915311,0.5977011494252874
JSWENERGY,JSW Energy Ltd,Mar 2017,Power & Utilities,net_profit_margin_pct,7.53963451530921,0.3218390804597701
JSWENERGY,JSW Energy Ltd,Mar 2018,Power & Utilities,net_profit_margin_pct,1.0560318051931916,0.16091954022988506
JSWENERGY,JSW Energy Ltd,Mar 2019,Power & Utilities,net_profit_margin_pct,7.485226526592252,0.3103448275862069
JSWENERGY,JSW Energy Ltd,Mar 2020,Power & Utilities,net_profit_margin_pct,13.066602199927473,0.5057471264367817
JSWENERGY,JSW Energy Ltd,Mar 2021,Power & Utilities,net_profit_margin_pct,11.889627275353943,0.41379310344827586
JSWENERGY,JSW Energy Ltd,Mar 2022,Power & Utilities,net_profit_margin_pct,21.341986041386065,0.6666666666666666
JSWENERGY,JSW Energy Ltd,Mar 2023,Power & Utilities,net_profit_margin_pct,14.3244289585753,0.5517241379310345
JSWENERGY,JSW Energy Ltd,Mar 2024,Power & Utilities,net_profit_margin_pct,15.018283127285393,0.6091954022988506
JSWENERGY,JSW Energy Ltd,TTM,Power & Utilities,net_profit_margin_pct,17.41415557112824,0.6206896551724138
NHPC,"NHPC Ltd
",Mar 2013,Power & Utilities,net_profit_margin_pct,45.02429086350102,1.0
NHPC,"NHPC Ltd
",Mar 2014,Power & Utilities,net_profit_margin_pct,22.10041954256327,0.6781609195402298
NHPC,"NHPC Ltd
",Mar 2015,Power & Utilities,net_profit_margin_pct,34.03478895511495,0.8735632183908046
NHPC,"NHPC Ltd
",Mar 2016,Power & Utilities,net_profit_margin_pct,28.309791716542975,0.7241379310344828
NHPC,"NHPC Ltd
",Mar 2017,Power & Utilities,net_profit_margin_pct,40.357184274614404,0.9425287356321839
NHPC,"NHPC Ltd
",Mar 2018,Power & Utilities,net_profit_margin_pct,35.912314635718886,0.9080459770114943
NHPC,"NHPC Ltd
",Mar 2019,Power & Utilities,net_profit_margin_pct,31.570744740064566,0.8160919540229885
NHPC,"NHPC Ltd
",Mar 2020,Power & Utilities,net_profit_margin_pct,33.42326139088729,0.8390804597701149
NHPC,"NHPC Ltd
",Mar 2021,Power & Utilities,net_profit_margin_pct,37.3134328358209,0.9195402298850575
NHPC,"NHPC Ltd
",Mar 2022,Power & Utilities,net_profit_margin_pct,41.272965879265094,0.9655172413793104
NHPC,"NHPC Ltd
",Mar 2023,Power & Utilities,net_profit_margin_pct,40.17158480248892,0.9310344827586207
NHPC,"NHPC Ltd
",Mar 2024,Power & Utilities,net_profit_margin_pct,41.81893687707641,0.9885057471264368
NHPC,"NHPC Ltd
",TTM,Power & Utilities,net_profit_margin_pct,35.26315789473684,0.896551724137931
NTPC,NTPC Ltd,Mar 2013,Power & Utilities,net_profit_margin_pct,17.598366844710423,0.632183908045977
NTPC,NTPC Ltd,Mar 2014,Power & Utilities,net_profit_margin_pct,14.557640750670242,0.5747126436781609
NTPC,NTPC Ltd,Mar 2015,Power & Utilities,net_profit_margin_pct,12.496716985379642,0.45977011494252873
NTPC,NTPC Ltd,Mar 2016,Power & Utilities,net_profit_margin_pct,14.688811379366722,0.5862068965517241
NTPC,NTPC Ltd,Mar 2017,Power & Utilities,net_profit_margin_pct,13.059164818020038,0.4942528735632184
NTPC,NTPC Ltd,Mar 2018,Power & Utilities,net_profit_margin_pct,11.922845497996208,0.42528735632183906
NTPC,NTPC Ltd,Mar 2019,Power & Utilities,net_profit_margin_pct,13.993837685841633,0.5402298850574713
NTPC,NTPC Ltd,Mar 2020,Power & Utilities,net_profit_margin_pct,10.872981071402469,0.40229885057471265
NTPC,NTPC Ltd,Mar 2021,Power & Utilities,net_profit_margin_pct,13.421380602702387,0.5172413793103449
NTPC,NTPC Ltd,Mar 2022,Power & Utilities,net_profit_margin_pct,12.7836947591374,0.4827586206896552
NTPC,NTPC Ltd,Mar 2023,Power & Utilities,net_profit_margin_pct,9.716413082340656,0.367816091954023
NTPC,NTPC Ltd,Mar 2024,Power & Utilities,net_profit_margin_pct,11.950633329785267,0.4367816091954023
NTPC,NTPC Ltd,TTM,Power & Utilities,net_profit_margin_pct,12.12854775891378,0.4482758620689655
POWERGRID,Power Grid Corporation of India Ltd,Mar 2013,Power & Utilities,net_profit_margin_pct,32.97148536044645,0.8275862068965517
POWERGRID,Power Grid Corporation of India Ltd,Mar 2014,Power & Utilities,net_profit_margin_pct,29.238187078109934,0.7816091954022989
POWERGRID,Power Grid Corporation of India Ltd,Mar 2015,Power & Utilities,net_profit_margin_pct,28.76852907639681,0.7471264367816092
POWERGRID,Power Grid Corporation of India Ltd,Mar 2016,Power & Utilities,net_profit_margin_pct,28.854348247143136,0.7586206896551724
POWERGRID,Power Grid Corporation of India Ltd,Mar 2017,Power & Utilities,net_profit_margin_pct,28.995602599525238,0.7701149425287356
POWERGRID,Power Grid Corporation of India Ltd,Mar 2018,Power & Utilities,net_profit_margin_pct,27.388662616011217,0.7011494252873564
POWERGRID,Power Grid Corporation of India Ltd,Mar 2019,Power & Utilities,net_profit_margin_pct,28.62032573661542,0.735632183908046
POWERGRID,Power Grid Corporation of India Ltd,Mar 2020,Power & Utilities,net_profit_margin_pct,29.300021195421788,0.7931034482758621
POWERGRID,Power Grid Corporation of India Ltd,Mar 2021,Power & Utilities,net_profit_margin_pct,30.363269424823407,0.8045977011494253
POWERGRID,Power Grid Corporation of India Ltd,Mar 2022,Power & Utilities,net_profit_margin_pct,40.420931238287444,0.9540229885057471
POWERGRID,Power Grid Corporation of India Ltd,Mar 2023,Power & Utilities,net_profit_margin_pct,33.81356489704624,0.8505747126436781
POWERGRID,Power Grid Corporation of India Ltd,Mar 2024,Power & Utilities,net_profit_margin_pct,33.97028990249329,0.8620689655172413
POWERGRID,Power Grid Corporation of India Ltd,TTM,Power & Utilities,net_profit_margin_pct,34.296690823365054,0.8850574712643678
TATAPOWER,"Tata Power Company Ltd
",Mar 2013,Power & Utilities,net_profit_margin_pct,0.37073876480694457,0.14942528735632185
TATAPOWER,"Tata Power Company Ltd
",Mar 2014,Power & Utilities,net_profit_margin_pct,0.033588982813637126,0.13793103448275862
TATAPOWER,"Tata Power Company Ltd
",Mar 2015,Power & Utilities,net_profit_margin_pct,1.3604024647992141,0.1724137931034483
TATAPOWER,"Tata Power Company Ltd
",Mar 2016,Power & Utilities,net_profit_margin_pct,2.664948803146403,0.19540229885057472
TATAPOWER,"Tata Power Company Ltd
",Mar 2017,Power & Utilities,net_profit_margin_pct,3.9872408293460926,0.20689655172413793
TATAPOWER,"Tata Power Company Ltd
",Mar 2018,Power & Utilities,net_profit_margin_pct,9.728017883755587,0.3793103448275862
TATAPOWER,"Tata Power Company Ltd
",Mar 2019,Power & Utilities,net_profit_margin_pct,8.721261001974499,0.3333333333333333
TATAPOWER,"Tata Power Company Ltd
",Mar 2020,Power & Utilities,net_profit_margin_pct,4.516749038989566,0.22988505747126436
TATAPOWER,"Tata Power Company Ltd
",Mar 2021,Power & Utilities,net_profit_margin_pct,4.400207931994006,0.21839080459770116
TATAPOWER,"Tata Power Company Ltd
",Mar 2022,Power & Utilities,net_profit_margin_pct,5.035500747384155,0.25287356321839083
TATAPOWER,"Tata Power Company Ltd
",Mar 2023,Power & Utilities,net_profit_margin_pct,6.913571285996843,0.27586206896551724
TATAPOWER,"Tata Power Company Ltd
",Mar 2024,Power & Utilities,net_profit_margin_pct,6.965125551270159,0.2988505747126437
TATAPOWER,"Tata Power Company Ltd
",TTM,Power & Utilities,net_profit_margin_pct,6.935059616626502,0.28735632183908044
ADANIGREEN,Adani Green Energy Ltd,Mar 2017,Power & Utilities,debt_to_equity,3.6134663341645887,0.21250000000000002
ADANIGREEN,Adani Green Energy Ltd,Mar 2018,Power & Utilities,debt_to_equity,7.355704697986577,0.09999999999999998
ADANIGREEN,Adani Green Energy Ltd,Mar 2019,Power & Utilities,debt_to_equity,5.764097258147957,0.17500000000000004
ADANIGREEN,Adani Green Energy Ltd,Mar 2020,Power & Utilities,debt_to_equity,6.307170131523122,0.15000000000000002
ADANIGREEN,Adani Green Energy Ltd,Mar 2021,Power & Utilities,debt_to_equity,11.004090909090909,0.03749999999999998
ADANIGREEN,Adani Green Energy Ltd,Mar 2022,Power & Utilities,debt_to_equity,20.211170619739864,0.012499999999999956
ADANIGREEN,Adani Green Energy Ltd,Mar 2023,Power & Utilities,debt_to_equity,7.423740416210296,0.08750000000000002
ADANIGREEN,Adani Green Energy Ltd,Mar 2024,Power & Utilities,debt_to_equity,6.595281675818589,0.13749999999999996
ADANIGREEN,Adani Green Energy Ltd,TTM,Power & Utilities,debt_to_equity,,
ADANIPOWER,Adani Power Ltd,Mar 2013,Power & Utilities,debt_to_equity,9.735616119263918,0.050000000000000044
ADANIPOWER,Adani Power Ltd,Mar 2014,Power & Utilities,debt_to_equity,6.747669264863212,0.125
ADANIPOWER,Adani Power Ltd,Mar 2015,Power & Utilities,debt_to_equity,7.815196506550218,0.07499999999999996
ADANIPOWER,Adani Power Ltd,Mar 2016,Power & Utilities,debt_to_equity,7.06065881092662,0.11250000000000004
ADANIPOWER,Adani Power Ltd,Mar 2017,Power & Utilities,debt_to_equity,17.494666666666667,0.025000000000000022
ADANIPOWER,Adani Power Ltd,Mar 2018,Power & Utilities,debt_to_equity,59.43194600674916,0.0
ADANIPOWER,Adani Power Ltd,Mar 2019,Power & Utilities,debt_to_equity,6.091804979253112,0.16249999999999998
ADANIPOWER,Adani Power Ltd,Mar 2020,Power & Utilities,debt_to_equity,8.517049837987965,0.0625
ADANIPOWER,Adani Power Ltd,Mar 2021,Power & Utilities,debt_to_equity,4.005109433386716,0.1875
ADANIPOWER,Adani Power Ltd,Mar 2022,Power & Utilities,debt_to_equity,2.662675407704394,0.2875
ADANIPOWER,Adani Power Ltd,Mar 2023,Power & Utilities,debt_to_equity,1.4175257731958764,0.6375
ADANIPOWER,Adani Power Ltd,Mar 2024,Power & Utilities,debt_to_equity,0.8023177656738903,0.825
ADANIPOWER,Adani Power Ltd,TTM,Power & Utilities,debt_to_equity,,
JSWENERGY,JSW Energy Ltd,Mar 2013,Power & Utilities,debt_to_equity,1.6726305609284333,0.5
JSWENERGY,JSW Energy Ltd,Mar 2014,Power & Utilities,debt_to_equity,1.5379698676000608,0.575
JSWENERGY,JSW Energy Ltd,Mar 2015,Power & Utilities,debt_to_equity,1.2362330407023145,0.7125
JSWENERGY,JSW Energy Ltd,Mar 2016,Power & Utilities,debt_to_equity,1.5315333882934872,0.5875
JSWENERGY,JSW Energy Ltd,Mar 2017,Power & Utilities,debt_to_equity,1.3838364355289807,0.6625
JSWENERGY,JSW Energy Ltd,Mar 2018,Power & Utilities,debt_to_equity,1.0695769576957697,0.75
JSWENERGY,JSW Energy Ltd,Mar 2019,Power & Utilities,debt_to_equity,0.8928269328370834,0.775
JSWENERGY,JSW Energy Ltd,Mar 2020,Power & Utilities,debt_to_equity,0.844925296239052,0.8
JSWENERGY,JSW Energy Ltd,Mar 2021,Power & Utilities,debt_to_equity,0.5770317777624595,0.975
JSWENERGY,JSW Energy Ltd,Mar 2022,Power & Utilities,debt_to_equity,0.5135228251507321,0.9875
JSWENERGY,JSW Energy Ltd,Mar 2023,Power & Utilities,debt_to_equity,1.3447313328681088,0.675
JSWENERGY,JSW Energy Ltd,Mar 2024,Power & Utilities,debt_to_equity,1.5156009984639016,0.6125
JSWENERGY,JSW Energy Ltd,TTM,Power & Utilities,debt_to_equity,,
NHPC,"NHPC Ltd
",Mar 2013,Power & Utilities,debt_to_equity,0.6826648766571572,0.9
NHPC,"NHPC Ltd
",Mar 2014,Power & Utilities,debt_to_equity,0.7370601147065071,0.875
NHPC,"NHPC Ltd
",Mar 2015,Power & Utilities,debt_to_equity,0.669224266857403,0.9125
NHPC,"NHPC Ltd
",Mar 2016,Power & Utilities,debt_to_equity,0.6300919634674336,0.9375
NHPC,"NHPC Ltd
",Mar 2017,Power & Utilities,debt_to_equity,0.6626572462519387,0.925
NHPC,"NHPC Ltd
",Mar 2018,Power & Utilities,debt_to_equity,0.6192203987883226,0.95
NHPC,"NHPC Ltd
",Mar 2019,Power & Utilities,debt_to_equity,0.6190661731281252,0.9625
NHPC,"NHPC Ltd
",Mar 2020,Power & Utilities,debt_to_equity,0.7401293776488959,0.8625
NHPC,"NHPC Ltd
",Mar 2021,Power & Utilities,debt_to_equity,0.7068949868393186,0.8875
NHPC,"NHPC Ltd
",Mar 2022,Power & Utilities,debt_to_equity,0.7472867329114287,0.85
NHPC,"NHPC Ltd
",Mar 2023,Power & Utilities,debt_to_equity,0.7992208003030221,0.8375
NHPC,"NHPC Ltd
",Mar 2024,Power & Utilities,debt_to_equity,0.8413260296625498,0.8125
NHPC,"NHPC Ltd
",TTM,Power & Utilities,debt_to_equity,,
NTPC,NTPC Ltd,Mar 2013,Power & Utilities,debt_to_equity,0.8668020679468242,0.7875
NTPC,NTPC Ltd,Mar 2014,Power & Utilities,debt_to_equity,0.9327371205441491,0.7625
NTPC,NTPC Ltd,Mar 2015,Power & Utilities,debt_to_equity,1.2455477866835578,0.7
NTPC,NTPC Ltd,Mar 2016,Power & Utilities,debt_to_equity,1.0857111657111658,0.7375
NTPC,NTPC Ltd,Mar 2017,Power & Utilities,debt_to_equity,1.1628712770089331,0.725
NTPC,NTPC Ltd,Mar 2018,Power & Utilities,debt_to_equity,1.2557477091239149,0.6875
NTPC,NTPC Ltd,Mar 2019,Power & Utilities,debt_to_equity,1.5540828147310004,0.55
NTPC,NTPC Ltd,Mar 2020,Power & Utilities,debt_to_equity,1.7080444294850219,0.48750000000000004
NTPC,NTPC Ltd,Mar 2021,Power & Utilities,debt_to_equity,1.6717804340737559,0.5125
NTPC,NTPC Ltd,Mar 2022,Power & Utilities,debt_to_equity,1.5564805649533884,0.5375
NTPC,NTPC Ltd,Mar 2023,Power & Utilities,debt_to_equity,1.5161777408976826,0.6
NTPC,NTPC Ltd,Mar 2024,Power & Utilities,debt_to_equity,1.475521125007778,0.625
NTPC,NTPC Ltd,TTM,Power & Utilities,debt_to_equity,,
POWERGRID,Power Grid Corporation of India Ltd,Mar 2013,Power & Utilities,debt_to_equity,2.6221641480134834,0.32499999999999996
POWERGRID,Power Grid Corporation of India Ltd,Mar 2014,Power & Utilities,debt_to_equity,2.427229235114416,0.375
POWERGRID,Power Grid Corporation of India Ltd,Mar 2015,Power & Utilities,debt_to_equity,2.503785218137829,0.3375
POWERGRID,Power Grid Corporation of India Ltd,Mar 2016,Power & Utilities,debt_to_equity,2.468614964748692,0.36250000000000004
POWERGRID,Power Grid Corporation of India Ltd,Mar 2017,Power & Utilities,debt_to_equity,2.386154895118919,0.4
POWERGRID,Power Grid Corporation of India Ltd,Mar 2018,Power & Utilities,debt_to_equity,2.416179767023114,0.38749999999999996
POWERGRID,Power Grid Corporation of India Ltd,Mar 2019,Power & Utilities,debt_to_equity,2.477212340706392,0.35
POWERGRID,Power Grid Corporation of India Ltd,Mar 2020,Power & Utilities,debt_to_equity,2.2917954742178805,0.4125
POWERGRID,Power Grid Corporation of India Ltd,Mar 2021,Power & Utilities,debt_to_equity,2.0480439258750858,0.44999999999999996
POWERGRID,Power Grid Corporation of India Ltd,Mar 2022,Power & Utilities,debt_to_equity,1.7665744226002336,0.475
POWERGRID,Power Grid Corporation of India Ltd,Mar 2023,Power & Utilities,debt_to_equity,1.5487196781731023,0.5625
POWERGRID,Power Grid Corporation of India Ltd,Mar 2024,Power & Utilities,debt_to_equity,1.4173456039290386,0.65
POWERGRID,Power Grid Corporation of India Ltd,TTM,Power & Utilities,debt_to_equity,,
TATAPOWER,"Tata Power Company Ltd
",Mar 2013,Power & Utilities,debt_to_equity,3.0710985002026754,0.25
TATAPOWER,"Tata Power Company Ltd
",Mar 2014,Power & Utilities,debt_to_equity,3.2394968147730023,0.23750000000000004
TATAPOWER,"Tata Power Company Ltd
",Mar 2015,Power & Utilities,debt_to_equity,2.836080458164548,0.275
TATAPOWER,"Tata Power Company Ltd
",Mar 2016,Power & Utilities,debt_to_equity,3.3395512765408752,0.22499999999999998
TATAPOWER,"Tata Power Company Ltd
",Mar 2017,Power & Utilities,debt_to_equity,3.694187982442864,0.19999999999999996
TATAPOWER,"Tata Power Company Ltd
",Mar 2018,Power & Utilities,debt_to_equity,2.962924568571254,0.26249999999999996
TATAPOWER,"Tata Power Company Ltd
",Mar 2019,Power & Utilities,debt_to_equity,2.649877082764272,0.3125
TATAPOWER,"Tata Power Company Ltd
",Mar 2020,Power & Utilities,debt_to_equity,2.6544004906470406,0.30000000000000004
TATAPOWER,"Tata Power Company Ltd
",Mar 2021,Power & Utilities,debt_to_equity,2.092371097074766,0.4375
TATAPOWER,"Tata Power Company Ltd
",Mar 2022,Power & Utilities,debt_to_equity,2.281213795561893,0.42500000000000004
TATAPOWER,"Tata Power Company Ltd
",Mar 2023,Power & Utilities,debt_to_equity,1.8383701542309296,0.4625
TATAPOWER,"Tata Power Company Ltd
",Mar 2024,Power & Utilities,debt_to_equity,1.659321300531586,0.525
TATAPOWER,"Tata Power Company Ltd
",TTM,Power & Utilities,debt_to_equity,,
ADANIGREEN,Adani Green Energy Ltd,Mar 2017,Power & Utilities,interest_coverage,1.4461077844311376,0.12643678160919541
ADANIGREEN,Adani Green Energy Ltd,Mar 2018,Power & Utilities,interest_coverage,1.6032608695652173,0.16091954022988506
ADANIGREEN,Adani Green Energy Ltd,Mar 2019,Power & Utilities,interest_coverage,1.4264049955396967,0.11494252873563218
ADANIGREEN,Adani Green Energy Ltd,Mar 2020,Power & Utilities,interest_coverage,1.3457286432160804,0.09195402298850575
ADANIGREEN,Adani Green Energy Ltd,Mar 2021,Power & Utilities,interest_coverage,1.3476702508960574,0.10344827586206896
ADANIGREEN,Adani Green Energy Ltd,Mar 2022,Power & Utilities,interest_coverage,1.5357279327474207,0.13793103448275862
ADANIGREEN,Adani Green Energy Ltd,Mar 2023,Power & Utilities,interest_coverage,1.936447956028856,0.21839080459770116
ADANIGREEN,Adani Green Energy Ltd,Mar 2024,Power & Utilities,interest_coverage,1.713943268078306,0.1724137931034483
ADANIGREEN,Adani Green Energy Ltd,TTM,Power & Utilities,interest_coverage,1.8130671506352087,0.1839080459770115
ADANIPOWER,Adani Power Ltd,Mar 2013,Power & Utilities,interest_coverage,0.6899588960657663,0.022988505747126436
ADANIPOWER,Adani Power Ltd,Mar 2014,Power & Utilities,interest_coverage,1.1364728495915426,0.04597701149425287
ADANIPOWER,Adani Power Ltd,Mar 2015,Power & Utilities,interest_coverage,1.2060032894736843,0.06896551724137931
ADANIPOWER,Adani Power Ltd,Mar 2016,Power & Utilities,interest_coverage,1.5469424460431656,0.14942528735632185
ADANIPOWER,Adani Power Ltd,Mar 2017,Power & Utilities,interest_coverage,0.3920704845814978,0.011494252873563218
ADANIPOWER,Adani Power Ltd,Mar 2018,Power & Utilities,interest_coverage,1.111310592459605,0.034482758620689655
ADANIPOWER,Adani Power Ltd,Mar 2019,Power & Utilities,interest_coverage,1.313593777620647,0.08045977011494253
ADANIPOWER,Adani Power Ltd,Mar 2020,Power & Utilities,interest_coverage,1.139604891815616,0.05747126436781609
ADANIPOWER,Adani Power Ltd,Mar 2021,Power & Utilities,interest_coverage,2.0754014884449665,0.26436781609195403
ADANIPOWER,Adani Power Ltd,Mar 2022,Power & Utilities,interest_coverage,3.3672771672771673,0.4942528735632184
ADANIPOWER,Adani Power Ltd,Mar 2023,Power & Utilities,interest_coverage,4.2927414517096585,0.6091954022988506
ADANIPOWER,Adani Power Ltd,Mar 2024,Power & Utilities,interest_coverage,8.297225501770956,0.9195402298850575
ADANIPOWER,Adani Power Ltd,TTM,Power & Utilities,interest_coverage,7.13724884080371,0.896551724137931
JSWENERGY,JSW Energy Ltd,Mar 2013,Power & Utilities,interest_coverage,2.917964693665628,0.41379310344827586
JSWENERGY,JSW Energy Ltd,Mar 2014,Power & Utilities,interest_coverage,2.5505804311774463,0.3563218390804598
JSWENERGY,JSW Energy Ltd,Mar 2015,Power & Utilities,interest_coverage,3.3597185576077395,0.4827586206896552
JSWENERGY,JSW Energy Ltd,Mar 2016,Power & Utilities,interest_coverage,2.916555407209613,0.40229885057471265
JSWENERGY,JSW Energy Ltd,Mar 2017,Power & Utilities,interest_coverage,2.1038575667655786,0.28735632183908044
JSWENERGY,JSW Energy Ltd,Mar 2018,Power & Utilities,interest_coverage,1.8956043956043955,0.19540229885057472
JSWENERGY,JSW Energy Ltd,Mar 2019,Power & Utilities,interest_coverage,2.7290268456375837,0.367816091954023
JSWENERGY,JSW Energy Ltd,Mar 2020,Power & Utilities,interest_coverage,3.1712654614652713,0.4482758620689655
JSWENERGY,JSW Energy Ltd,Mar 2021,Power & Utilities,interest_coverage,3.5279017857142856,0.5057471264367817
JSWENERGY,JSW Energy Ltd,Mar 2022,Power & Utilities,interest_coverage,5.337194337194338,0.7931034482758621
JSWENERGY,JSW Energy Ltd,Mar 2023,Power & Utilities,interest_coverage,4.687203791469194,0.7126436781609196
JSWENERGY,JSW Energy Ltd,Mar 2024,Power & Utilities,interest_coverage,2.8514369215781783,0.3793103448275862
JSWENERGY,JSW Energy Ltd,TTM,Power & Utilities,interest_coverage,2.8948631781084972,0.39080459770114945
NHPC,"NHPC Ltd
",Mar 2013,Power & Utilities,interest_coverage,9.405891980360066,0.9540229885057471
NHPC,"NHPC Ltd
",Mar 2014,Power & Utilities,interest_coverage,4.348295926849543,0.6206896551724138
NHPC,"NHPC Ltd
",Mar 2015,Power & Utilities,interest_coverage,5.193672839506172,0.7816091954022989
NHPC,"NHPC Ltd
",Mar 2016,Power & Utilities,interest_coverage,5.135344827586207,0.7701149425287356
NHPC,"NHPC Ltd
",Mar 2017,Power & Utilities,interest_coverage,6.292144748455428,0.8505747126436781
NHPC,"NHPC Ltd
",Mar 2018,Power & Utilities,interest_coverage,5.87987012987013,0.8275862068965517
NHPC,"NHPC Ltd
",Mar 2019,Power & Utilities,interest_coverage,7.493303571428571,0.9080459770114943
NHPC,"NHPC Ltd
",Mar 2020,Power & Utilities,interest_coverage,6.56442417331813,0.8735632183908046
NHPC,"NHPC Ltd
",Mar 2021,Power & Utilities,interest_coverage,11.029462738301559,0.9770114942528736
NHPC,"NHPC Ltd
",Mar 2022,Power & Utilities,interest_coverage,8.522184300341298,0.9310344827586207
NHPC,"NHPC Ltd
",Mar 2023,Power & Utilities,interest_coverage,14.583157894736843,1.0
NHPC,"NHPC Ltd
",Mar 2024,Power & Utilities,interest_coverage,11.243421052631579,0.9885057471264368
NHPC,"NHPC Ltd
",TTM,Power & Utilities,interest_coverage,9.901114206128133,0.9655172413793104
NTPC,NTPC Ltd,Mar 2013,Power & Utilities,interest_coverage,9.203532717784022,0.9425287356321839
NTPC,NTPC Ltd,Mar 2014,Power & Utilities,interest_coverage,6.901317805700276,0.8850574712643678
NTPC,NTPC Ltd,Mar 2015,Power & Utilities,interest_coverage,5.366584900517852,0.8045977011494253
NTPC,NTPC Ltd,Mar 2016,Power & Utilities,interest_coverage,5.869281045751634,0.8160919540229885
NTPC,NTPC Ltd,Mar 2017,Power & Utilities,interest_coverage,6.179056754596323,0.8390804597701149
NTPC,NTPC Ltd,Mar 2018,Power & Utilities,interest_coverage,6.31009669440072,0.8620689655172413
NTPC,NTPC Ltd,Mar 2019,Power & Utilities,interest_coverage,4.554504906333631,0.6666666666666666
NTPC,NTPC Ltd,Mar 2020,Power & Utilities,interest_coverage,4.859567712785444,0.7471264367816092
NTPC,NTPC Ltd,Mar 2021,Power & Utilities,interest_coverage,4.235147441457069,0.5977011494252874
NTPC,NTPC Ltd,Mar 2022,Power & Utilities,interest_coverage,4.817726109215017,0.735632183908046
NTPC,NTPC Ltd,Mar 2023,Power & Utilities,interest_coverage,4.381672053813226,0.632183908045977
NTPC,NTPC Ltd,Mar 2024,Power & Utilities,interest_coverage,4.604991464108609,0.6896551724137931
NTPC,NTPC Ltd,TTM,Power & Utilities,interest_coverage,4.747334669338677,0.7241379310344828
POWERGRID,Power Grid Corporation of India Ltd,Mar 2013,Power & Utilities,interest_coverage,4.541362062331666,0.6551724137931034
POWERGRID,Power Grid Corporation of India Ltd,Mar 2014,Power & Utilities,interest_coverage,4.207744314689613,0.5747126436781609
POWERGRID,Power Grid Corporation of India Ltd,Mar 2015,Power & Utilities,interest_coverage,3.836804704729233,0.5517241379310345
POWERGRID,Power Grid Corporation of India Ltd,Mar 2016,Power & Utilities,interest_coverage,3.7042862760519073,0.5172413793103449
POWERGRID,Power Grid Corporation of India Ltd,Mar 2017,Power & Utilities,interest_coverage,3.7690199871050933,0.5402298850574713
POWERGRID,Power Grid Corporation of India Ltd,Mar 2018,Power & Utilities,interest_coverage,4.099672310212998,0.5632183908045977
POWERGRID,Power Grid Corporation of India Ltd,Mar 2019,Power & Utilities,interest_coverage,3.253405058944718,0.47126436781609193
POWERGRID,Power Grid Corporation of India Ltd,Mar 2020,Power & Utilities,interest_coverage,3.75496897675886,0.5287356321839081
POWERGRID,Power Grid Corporation of India Ltd,Mar 2021,Power & Utilities,interest_coverage,4.385371850030731,0.6436781609195402
POWERGRID,Power Grid Corporation of India Ltd,Mar 2022,Power & Utilities,interest_coverage,5.042060726729717,0.7586206896551724
POWERGRID,Power Grid Corporation of India Ltd,Mar 2023,Power & Utilities,interest_coverage,4.22140336308906,0.5862068965517241
POWERGRID,Power Grid Corporation of India Ltd,Mar 2024,Power & Utilities,interest_coverage,4.60298643565485,0.6781609195402298
POWERGRID,Power Grid Corporation of India Ltd,TTM,Power & Utilities,interest_coverage,4.6443415405466455,0.7011494252873564
TATAPOWER,"Tata Power Company Ltd
",Mar 2013,Power & Utilities,interest_coverage,2.259651778955337,0.3103448275862069
TATAPOWER,"Tata Power Company Ltd
",Mar 2014,Power & Utilities,interest_coverage,2.07703488372093,0.27586206896551724
TATAPOWER,"Tata Power Company Ltd
",Mar 2015,Power & Utilities,interest_coverage,1.9889159232224927,0.22988505747126436
TATAPOWER,"Tata Power Company Ltd
",Mar 2016,Power & Utilities,interest_coverage,1.9051297898640296,0.20689655172413793
TATAPOWER,"Tata Power Company Ltd
",Mar 2017,Power & Utilities,interest_coverage,2.011887072808321,0.2413793103448276
TATAPOWER,"Tata Power Company Ltd
",Mar 2018,Power & Utilities,interest_coverage,2.3613400691305504,0.3218390804597701
TATAPOWER,"Tata Power Company Ltd
",Mar 2019,Power & Utilities,interest_coverage,2.4594724220623503,0.3333333333333333
TATAPOWER,"Tata Power Company Ltd
",Mar 2020,Power & Utilities,interest_coverage,2.021584334668447,0.25287356321839083
TATAPOWER,"Tata Power Company Ltd
",Mar 2021,Power & Utilities,interest_coverage,2.1685785536159603,0.2988505747126437
TATAPOWER,"Tata Power Company Ltd
",Mar 2022,Power & Utilities,interest_coverage,2.466182948950505,0.3448275862068966
TATAPOWER,"Tata Power Company Ltd
",Mar 2023,Power & Utilities,interest_coverage,3.0347666971637692,0.42528735632183906
TATAPOWER,"Tata Power Company Ltd
",Mar 2024,Power & Utilities,interest_coverage,3.054392402331103,0.4367816091954023
TATAPOWER,"Tata Power Company Ltd
",TTM,Power & Utilities,interest_coverage,3.2457683007254343,0.45977011494252873
ADANIGREEN,Adani Green Energy Ltd,Mar 2017,Power & Utilities,asset_turnover,0.08149350649350649,0.0125
ADANIGREEN,Adani Green Energy Ltd,Mar 2018,Power & Utilities,asset_turnover,0.09421350818002419,0.0375
ADANIGREEN,Adani Green Energy Ltd,Mar 2019,Power & Utilities,asset_turnover,0.14040114613180515,0.3125
ADANIGREEN,Adani Green Energy Ltd,Mar 2020,Power & Utilities,asset_turnover,0.13835214937038645,0.3
ADANIGREEN,Adani Green Energy Ltd,Mar 2021,Power & Utilities,asset_turnover,0.10888052418792694,0.0875
ADANIGREEN,Adani Green Energy Ltd,Mar 2022,Power & Utilities,asset_turnover,0.08706788343454218,0.025
ADANIGREEN,Adani Green Energy Ltd,Mar 2023,Power & Utilities,asset_turnover,0.11621754920862665,0.15
ADANIGREEN,Adani Green Energy Ltd,Mar 2024,Power & Utilities,asset_turnover,0.10467043571055559,0.075
ADANIGREEN,Adani Green Energy Ltd,TTM,Power & Utilities,asset_turnover,,
ADANIPOWER,Adani Power Ltd,Mar 2013,Power & Utilities,asset_turnover,0.12236688121708601,0.1875
ADANIPOWER,Adani Power Ltd,Mar 2014,Power & Utilities,asset_turnover,0.2609509865676978,0.45
ADANIPOWER,Adani Power Ltd,Mar 2015,Power & Utilities,asset_turnover,0.3195095256011219,0.6
ADANIPOWER,Adani Power Ltd,Mar 2016,Power & Utilities,asset_turnover,0.33481542074570547,0.7125
ADANIPOWER,Adani Power Ltd,Mar 2017,Power & Utilities,asset_turnover,0.31625903707121983,0.575
ADANIPOWER,Adani Power Ltd,Mar 2018,Power & Utilities,asset_turnover,0.29202623403520883,0.5375
ADANIPOWER,Adani Power Ltd,Mar 2019,Power & Utilities,asset_turnover,0.3513127895859381,0.75
ADANIPOWER,Adani Power Ltd,Mar 2020,Power & Utilities,asset_turnover,0.3527890703098967,0.775
ADANIPOWER,Adani Power Ltd,Mar 2021,Power & Utilities,asset_turnover,0.3327284724513362,0.6875
ADANIPOWER,Adani Power Ltd,Mar 2022,Power & Utilities,asset_turnover,0.33801734548248985,0.725
ADANIPOWER,Adani Power Ltd,Mar 2023,Power & Utilities,asset_turnover,0.4517891891262045,0.95
ADANIPOWER,Adani Power Ltd,Mar 2024,Power & Utilities,asset_turnover,0.5472399439185297,1.0
ADANIPOWER,Adani Power Ltd,TTM,Power & Utilities,asset_turnover,,
JSWENERGY,JSW Energy Ltd,Mar 2013,Power & Utilities,asset_turnover,0.43527333398763374,0.9
JSWENERGY,JSW Energy Ltd,Mar 2014,Power & Utilities,asset_turnover,0.4493868218665558,0.9375
JSWENERGY,JSW Energy Ltd,Mar 2015,Power & Utilities,asset_turnover,0.48130792996910404,0.9625
JSWENERGY,JSW Energy Ltd,Mar 2016,Power & Utilities,asset_turnover,0.3442307018465959,0.7375
JSWENERGY,JSW Energy Ltd,Mar 2017,Power & Utilities,asset_turnover,0.2910634400648138,0.525
JSWENERGY,JSW Energy Ltd,Mar 2018,Power & Utilities,asset_turnover,0.30122375659593575,0.55
JSWENERGY,JSW Energy Ltd,Mar 2019,Power & Utilities,asset_turnover,0.3524647072436936,0.7625
JSWENERGY,JSW Energy Ltd,Mar 2020,Power & Utilities,asset_turnover,0.3318358669929004,0.675
JSWENERGY,JSW Energy Ltd,Mar 2021,Power & Utilities,asset_turnover,0.2641279047582707,0.4625
JSWENERGY,JSW Energy Ltd,Mar 2022,Power & Utilities,asset_turnover,0.2676476371501606,0.475
JSWENERGY,JSW Energy Ltd,Mar 2023,Power & Utilities,asset_turnover,0.2133961211971002,0.4375
JSWENERGY,JSW Energy Ltd,Mar 2024,Power & Utilities,asset_turnover,0.19883324389357246,0.425
JSWENERGY,JSW Energy Ltd,TTM,Power & Utilities,asset_turnover,,
NHPC,"NHPC Ltd
",Mar 2013,Power & Utilities,asset_turnover,0.10232356761437437,0.05
NHPC,"NHPC Ltd
",Mar 2014,Power & Utilities,asset_turnover,0.1202891236752568,0.175
NHPC,"NHPC Ltd
",Mar 2015,Power & Utilities,asset_turnover,0.13381405039390584,0.275
NHPC,"NHPC Ltd
",Mar 2016,Power & Utilities,asset_turnover,0.13297677602152078,0.2625
NHPC,"NHPC Ltd
",Mar 2017,Power & Utilities,asset_turnover,0.14327014139265953,0.35
NHPC,"NHPC Ltd
",Mar 2018,Power & Utilities,asset_turnover,0.12322628827483197,0.2125
NHPC,"NHPC Ltd
",Mar 2019,Power & Utilities,asset_turnover,0.13460904486468667,0.2875
NHPC,"NHPC Ltd
",Mar 2020,Power & Utilities,asset_turnover,0.1404099499137169,0.325
NHPC,"NHPC Ltd
",Mar 2021,Power & Utilities,asset_turnover,0.13191861737037847,0.2375
NHPC,"NHPC Ltd
",Mar 2022,Power & Utilities,asset_turnover,0.11831073387848048,0.1625
NHPC,"NHPC Ltd
",Mar 2023,Power & Utilities,asset_turnover,0.12303534351764855,0.2
NHPC,"NHPC Ltd
",Mar 2024,Power & Utilities,asset_turnover,0.10324018993108032,0.0625
NHPC,"NHPC Ltd
",TTM,Power & Utilities,asset_turnover,,
NTPC,NTPC Ltd,Mar 2013,Power & Utilities,asset_turnover,0.4000425112990558,0.8625
NTPC,NTPC Ltd,Mar 2014,Power & Utilities,asset_turnover,0.3914190627529757,0.8375
NTPC,NTPC Ltd,Mar 2015,Power & Utilities,asset_turnover,0.3639173099330032,0.8
NTPC,NTPC Ltd,Mar 2016,Power & Utilities,asset_turnover,0.32669085082233545,0.625
NTPC,NTPC Ltd,Mar 2017,Power & Utilities,asset_turnover,0.33001476261157436,0.65
NTPC,NTPC Ltd,Mar 2018,Power & Utilities,asset_turnover,0.3118070600229387,0.5625
NTPC,NTPC Ltd,Mar 2019,Power & Utilities,asset_turnover,0.2890756738526993,0.5
NTPC,NTPC Ltd,Mar 2020,Power & Utilities,asset_turnover,0.28991786931660174,0.5125
NTPC,NTPC Ltd,Mar 2021,Power & Utilities,asset_turnover,0.2802131540467612,0.4875
NTPC,NTPC Ltd,Mar 2022,Power & Utilities,asset_turnover,0.3190454776098944,0.5875
NTPC,NTPC Ltd,Mar 2023,Power & Utilities,asset_turnover,0.39403250079943825,0.85
NTPC,NTPC Ltd,Mar 2024,Power & Utilities,asset_turnover,0.37243729109201756,0.8125
NTPC,NTPC Ltd,TTM,Power & Utilities,asset_turnover,,
POWERGRID,Power Grid Corporation of India Ltd,Mar 2013,Power & Utilities,asset_turnover,0.11536901150074085,0.1375
POWERGRID,Power Grid Corporation of India Ltd,Mar 2014,Power & Utilities,asset_turnover,0.1099448685326548,0.1125
POWERGRID,Power Grid Corporation of India Ltd,Mar 2015,Power & Utilities,asset_turnover,0.10909045676186685,0.1
POWERGRID,Power Grid Corporation of India Ltd,Mar 2016,Power & Utilities,asset_turnover,0.11517355224413313,0.125
POWERGRID,Power Grid Corporation of India Ltd,Mar 2017,Power & Utilities,asset_turnover,0.13133362635565413,0.225
POWERGRID,Power Grid Corporation of India Ltd,Mar 2018,Power & Utilities,asset_turnover,0.13291976179699494,0.25
POWERGRID,Power Grid Corporation of India Ltd,Mar 2019,Power & Utilities,asset_turnover,0.14172123858032176,0.3375
POWERGRID,Power Grid Corporation of India Ltd,Mar 2020,Power & Utilities,asset_turnover,0.14705206275738203,0.3625
POWERGRID,Power Grid Corporation of India Ltd,Mar 2021,Power & Utilities,asset_turnover,0.15502057033804184,0.375
POWERGRID,Power Grid Corporation of India Ltd,Mar 2022,Power & Utilities,asset_turnover,0.16585774058577407,0.3875
POWERGRID,Power Grid Corporation of India Ltd,Mar 2023,Power & Utilities,asset_turnover,0.1808028545941124,0.4
POWERGRID,Power Grid Corporation of India Ltd,Mar 2024,Power & Utilities,asset_turnover,0.18276594811604718,0.4125
POWERGRID,Power Grid Corporation of India Ltd,TTM,Power & Utilities,asset_turnover,,
TATAPOWER,"Tata Power Company Ltd
",Mar 2013,Power & Utilities,asset_turnover,0.49328694410990676,0.975
TATAPOWER,"Tata Power Company Ltd
",Mar 2014,Power & Utilities,asset_turnover,0.5004833083507277,0.9875
TATAPOWER,"Tata Power Company Ltd
",Mar 2015,Power & Utilities,asset_turnover,0.4468045487796768,0.925
TATAPOWER,"Tata Power Company Ltd
",Mar 2016,Power & Utilities,asset_turnover,0.42100004282227327,0.875
TATAPOWER,"Tata Power Company Ltd
",Mar 2017,Power & Utilities,asset_turnover,0.33307175023240654,0.7
TATAPOWER,"Tata Power Company Ltd
",Mar 2018,Power & Utilities,asset_turnover,0.32774874224588485,0.6375
TATAPOWER,"Tata Power Company Ltd
",Mar 2019,Power & Utilities,asset_turnover,0.3554173159040358,0.7875
TATAPOWER,"Tata Power Company Ltd
",Mar 2020,Power & Utilities,asset_turnover,0.3249102303900796,0.6125
TATAPOWER,"Tata Power Company Ltd
",Mar 2021,Power & Utilities,asset_turnover,0.3314885206020982,0.6625
TATAPOWER,"Tata Power Company Ltd
",Mar 2022,Power & Utilities,asset_turnover,0.38041759218125276,0.825
TATAPOWER,"Tata Power Company Ltd
",Mar 2023,Power & Utilities,asset_turnover,0.43021640019985014,0.8875
TATAPOWER,"Tata Power Company Ltd
",Mar 2024,Power & Utilities,asset_turnover,0.4419074604110633,0.9125
TATAPOWER,"Tata Power Company Ltd
",TTM,Power & Utilities,asset_turnover,,
ADANIGREEN,Adani Green Energy Ltd,Mar 2017,Power & Utilities,free_cash_flow_cr,-1483.0,0.2125
ADANIGREEN,Adani Green Energy Ltd,Mar 2018,Power & Utilities,free_cash_flow_cr,-3779.0,0.15
ADANIGREEN,Adani Green Energy Ltd,Mar 2019,Power & Utilities,free_cash_flow_cr,-1041.0,0.2625
ADANIGREEN,Adani Green Energy Ltd,Mar 2020,Power & Utilities,free_cash_flow_cr,-1778.0,0.2
ADANIGREEN,Adani Green Energy Ltd,Mar 2021,Power & Utilities,free_cash_flow_cr,-7536.0,0.075
ADANIGREEN,Adani Green Energy Ltd,Mar 2022,Power & Utilities,free_cash_flow_cr,-15603.0,0.0125
ADANIGREEN,Adani Green Energy Ltd,Mar 2023,Power & Utilities,free_cash_flow_cr,3408.0,0.6375
ADANIGREEN,Adani Green Energy Ltd,Mar 2024,Power & Utilities,free_cash_flow_cr,-13347.0,0.025
ADANIGREEN,Adani Green Energy Ltd,TTM,Power & Utilities,free_cash_flow_cr,,
ADANIPOWER,Adani Power Ltd,Mar 2013,Power & Utilities,free_cash_flow_cr,-1063.0,0.25
ADANIPOWER,Adani Power Ltd,Mar 2014,Power & Utilities,free_cash_flow_cr,-1462.0,0.225
ADANIPOWER,Adani Power Ltd,Mar 2015,Power & Utilities,free_cash_flow_cr,1087.0,0.425
ADANIPOWER,Adani Power Ltd,Mar 2016,Power & Utilities,free_cash_flow_cr,2565.0,0.525
ADANIPOWER,Adani Power Ltd,Mar 2017,Power & Utilities,free_cash_flow_cr,3513.0,0.6625
ADANIPOWER,Adani Power Ltd,Mar 2018,Power & Utilities,free_cash_flow_cr,4581.0,0.7375
ADANIPOWER,Adani Power Ltd,Mar 2019,Power & Utilities,free_cash_flow_cr,4626.0,0.75
ADANIPOWER,Adani Power Ltd,Mar 2020,Power & Utilities,free_cash_flow_cr,3294.0,0.625
ADANIPOWER,Adani Power Ltd,Mar 2021,Power & Utilities,free_cash_flow_cr,4826.0,0.7625
ADANIPOWER,Adani Power Ltd,Mar 2022,Power & Utilities,free_cash_flow_cr,11007.0,0.8875
ADANIPOWER,Adani Power Ltd,Mar 2023,Power & Utilities,free_cash_flow_cr,9976.0,0.875
ADANIPOWER,Adani Power Ltd,Mar 2024,Power & Utilities,free_cash_flow_cr,17651.0,0.9125
ADANIPOWER,Adani Power Ltd,TTM,Power & Utilities,free_cash_flow_cr,,
JSWENERGY,JSW Energy Ltd,Mar 2013,Power & Utilities,free_cash_flow_cr,781.0,0.3875
JSWENERGY,JSW Energy Ltd,Mar 2014,Power & Utilities,free_cash_flow_cr,1906.0,0.475
JSWENERGY,JSW Energy Ltd,Mar 2015,Power & Utilities,free_cash_flow_cr,2972.0,0.5875
JSWENERGY,JSW Energy Ltd,Mar 2016,Power & Utilities,free_cash_flow_cr,266.0,0.35
JSWENERGY,JSW Energy Ltd,Mar 2017,Power & Utilities,free_cash_flow_cr,3091.0,0.6
JSWENERGY,JSW Energy Ltd,Mar 2018,Power & Utilities,free_cash_flow_cr,3719.0,0.6875
JSWENERGY,JSW Energy Ltd,Mar 2019,Power & Utilities,free_cash_flow_cr,2436.0,0.5125
JSWENERGY,JSW Energy Ltd,Mar 2020,Power & Utilities,free_cash_flow_cr,2383.0,0.5
JSWENERGY,JSW Energy Ltd,Mar 2021,Power & Utilities,free_cash_flow_cr,2670.0,0.55
JSWENERGY,JSW Energy Ltd,Mar 2022,Power & Utilities,free_cash_flow_cr,1565.0,0.4625
JSWENERGY,JSW Energy Ltd,Mar 2023,Power & Utilities,free_cash_flow_cr,-4694.0,0.125
JSWENERGY,JSW Energy Ltd,Mar 2024,Power & Utilities,free_cash_flow_cr,-1963.0,0.1875
JSWENERGY,JSW Energy Ltd,TTM,Power & Utilities,free_cash_flow_cr,,
NHPC,"NHPC Ltd
",Mar 2013,Power & Utilities,free_cash_flow_cr,1516.0,0.45
NHPC,"NHPC Ltd
",Mar 2014,Power & Utilities,free_cash_flow_cr,2702.0,0.5625
NHPC,"NHPC Ltd
",Mar 2015,Power & Utilities,free_cash_flow_cr,3293.0,0.6125
NHPC,"NHPC Ltd
",Mar 2016,Power & Utilities,free_cash_flow_cr,5225.0,0.8
NHPC,"NHPC Ltd
",Mar 2017,Power & Utilities,free_cash_flow_cr,6465.0,0.825
NHPC,"NHPC Ltd
",Mar 2018,Power & Utilities,free_cash_flow_cr,3810.0,0.7
NHPC,"NHPC Ltd
",Mar 2019,Power & Utilities,free_cash_flow_cr,2642.0,0.5375
NHPC,"NHPC Ltd
",Mar 2020,Power & Utilities,free_cash_flow_cr,6.0,0.3375
NHPC,"NHPC Ltd
",Mar 2021,Power & Utilities,free_cash_flow_cr,3463.0,0.65
NHPC,"NHPC Ltd
",Mar 2022,Power & Utilities,free_cash_flow_cr,1506.0,0.4375
NHPC,"NHPC Ltd
",Mar 2023,Power & Utilities,free_cash_flow_cr,514.0,0.375
NHPC,"NHPC Ltd
",Mar 2024,Power & Utilities,free_cash_flow_cr,970.0,0.4
NHPC,"NHPC Ltd
",TTM,Power & Utilities,free_cash_flow_cr,,
NTPC,NTPC Ltd,Mar 2013,Power & Utilities,free_cash_flow_cr,-337.0,0.3125
NTPC,NTPC Ltd,Mar 2014,Power & Utilities,free_cash_flow_cr,1022.0,0.4125
NTPC,NTPC Ltd,Mar 2015,Power & Utilities,free_cash_flow_cr,-1088.0,0.2375
NTPC,NTPC Ltd,Mar 2016,Power & Utilities,free_cash_flow_cr,4963.0,0.7875
NTPC,NTPC Ltd,Mar 2017,Power & Utilities,free_cash_flow_cr,-4313.0,0.1375
NTPC,NTPC Ltd,Mar 2018,Power & Utilities,free_cash_flow_cr,-1008.0,0.275
NTPC,NTPC Ltd,Mar 2019,Power & Utilities,free_cash_flow_cr,-5377.0,0.1125
NTPC,NTPC Ltd,Mar 2020,Power & Utilities,free_cash_flow_cr,-5738.0,0.1
NTPC,NTPC Ltd,Mar 2021,Power & Utilities,free_cash_flow_cr,11410.0,0.9
NTPC,NTPC Ltd,Mar 2022,Power & Utilities,free_cash_flow_cr,18897.0,0.925
NTPC,NTPC Ltd,Mar 2023,Power & Utilities,free_cash_flow_cr,21007.0,0.9625
NTPC,NTPC Ltd,Mar 2024,Power & Utilities,free_cash_flow_cr,8644.0,0.85
NTPC,NTPC Ltd,TTM,Power & Utilities,free_cash_flow_cr,,
POWERGRID,Power Grid Corporation of India Ltd,Mar 2013,Power & Utilities,free_cash_flow_cr,-10394.0,0.05
POWERGRID,Power Grid Corporation of India Ltd,Mar 2014,Power & Utilities,free_cash_flow_cr,-11416.0,0.0375
POWERGRID,Power Grid Corporation of India Ltd,Mar 2015,Power & Utilities,free_cash_flow_cr,-8385.0,0.0625
POWERGRID,Power Grid Corporation of India Ltd,Mar 2016,Power & Utilities,free_cash_flow_cr,-6568.0,0.0875
POWERGRID,Power Grid Corporation of India Ltd,Mar 2017,Power & Utilities,free_cash_flow_cr,-2261.0,0.175
POWERGRID,Power Grid Corporation of India Ltd,Mar 2018,Power & Utilities,free_cash_flow_cr,-2991.0,0.1625
POWERGRID,Power Grid Corporation of India Ltd,Mar 2019,Power & Utilities,free_cash_flow_cr,4544.0,0.725
POWERGRID,Power Grid Corporation of India Ltd,Mar 2020,Power & Utilities,free_cash_flow_cr,20006.0,0.9375
POWERGRID,Power Grid Corporation of India Ltd,Mar 2021,Power & Utilities,free_cash_flow_cr,20159.0,0.95
POWERGRID,Power Grid Corporation of India Ltd,Mar 2022,Power & Utilities,free_cash_flow_cr,26877.0,0.9875
POWERGRID,Power Grid Corporation of India Ltd,Mar 2023,Power & Utilities,free_cash_flow_cr,33065.0,1.0
POWERGRID,Power Grid Corporation of India Ltd,Mar 2024,Power & Utilities,free_cash_flow_cr,24176.0,0.975
POWERGRID,Power Grid Corporation of India Ltd,TTM,Power & Utilities,free_cash_flow_cr,,
TATAPOWER,"Tata Power Company Ltd
",Mar 2013,Power & Utilities,free_cash_flow_cr,-740.0,0.2875
TATAPOWER,"Tata Power Company Ltd
",Mar 2014,Power & Utilities,free_cash_flow_cr,2874.0,0.575
TATAPOWER,"Tata Power Company Ltd
",Mar 2015,Power & Utilities,free_cash_flow_cr,2116.0,0.4875
TATAPOWER,"Tata Power Company Ltd
",Mar 2016,Power & Utilities,free_cash_flow_cr,5610.0,0.8125
TATAPOWER,"Tata Power Company Ltd
",Mar 2017,Power & Utilities,free_cash_flow_cr,-359.0,0.3
TATAPOWER,"Tata Power Company Ltd
",Mar 2018,Power & Utilities,free_cash_flow_cr,4852.0,0.775
TATAPOWER,"Tata Power Company Ltd
",Mar 2019,Power & Utilities,free_cash_flow_cr,4302.0,0.7125
TATAPOWER,"Tata Power Company Ltd
",Mar 2020,Power & Utilities,free_cash_flow_cr,6882.0,0.8375
TATAPOWER,"Tata Power Company Ltd
",Mar 2021,Power & Utilities,free_cash_flow_cr,9338.0,0.8625
TATAPOWER,"Tata Power Company Ltd
",Mar 2022,Power & Utilities,free_cash_flow_cr,443.0,0.3625
TATAPOWER,"Tata Power Company Ltd
",Mar 2023,Power & Utilities,free_cash_flow_cr,-97.0,0.325
TATAPOWER,"Tata Power Company Ltd
",Mar 2024,Power & Utilities,free_cash_flow_cr,3569.0,0.675
TATAPOWER,"Tata Power Company Ltd
",TTM,Power & Utilities,free_cash_flow_cr,,
BAJAJ-AUTO,Bajaj Auto Ltd,Mar 2013,Automobiles,return_on_equity_pct,38.84686918784873,1.0
BAJAJ-AUTO,Bajaj Auto Ltd,Mar 2014,Automobiles,return_on_equity_pct,33.24481164551982,0.9156626506024096
BAJAJ-AUTO,Bajaj Auto Ltd,Mar 2015,Automobiles,return_on_equity_pct,27.273546642631818,0.8433734939759037
BAJAJ-AUTO,Bajaj Auto Ltd,Mar 2016,Automobiles,return_on_equity_pct,28.96576319543509,0.8795180722891566
BAJAJ-AUTO,Bajaj Auto Ltd,Mar 2017,Automobiles,return_on_equity_pct,22.843862007168457,0.6385542168674698
BAJAJ-AUTO,Bajaj Auto Ltd,Mar 2018,Automobiles,return_on_equity_pct,20.656058751529986,0.5301204819277109
BAJAJ-AUTO,Bajaj Auto Ltd,Mar 2019,Automobiles,return_on_equity_pct,21.211208195239532,0.5662650602409639
BAJAJ-AUTO,Bajaj Auto Ltd,Mar 2020,Automobiles,return_on_equity_pct,24.06056689133044,0.6987951807228916
BAJAJ-AUTO,Bajaj Auto Ltd,Mar 2021,Automobiles,return_on_equity_pct,17.808821911780882,0.3855421686746988
BAJAJ-AUTO,Bajaj Auto Ltd,Mar 2022,Automobiles,return_on_equity_pct,20.650390167118793,0.5180722891566265
BAJAJ-AUTO,Bajaj Auto Ltd,Mar 2023,Automobiles,return_on_equity_pct,20.638921054424088,0.5060240963855421
BAJAJ-AUTO,Bajaj Auto Ltd,Mar 2024,Automobiles,return_on_equity_pct,26.61418410330778,0.8192771084337349
BAJAJ-AUTO,Bajaj Auto Ltd,TTM,Automobiles,return_on_equity_pct,,
EICHERMOT,Eicher Motors Ltd,Dec 2012,Automobiles,return_on_equity_pct,27.065527065527068,0.8313253012048193
EICHERMOT,Eicher Motors Ltd,Dec 2013,Automobiles,return_on_equity_pct,25.547445255474454,0.7710843373493976
EICHERMOT,Eicher Motors Ltd,Dec 2014,Automobiles,return_on_equity_pct,27.90143084260731,0.8674698795180723
EICHERMOT,Eicher Motors Ltd,Mar 2016,Automobiles,return_on_equity_pct,36.627429509991785,0.963855421686747
EICHERMOT,Eicher Motors Ltd,Mar 2017,Automobiles,return_on_equity_pct,31.18802619270346,0.9036144578313253
EICHERMOT,Eicher Motors Ltd,Mar 2018,Automobiles,return_on_equity_pct,27.880512091038405,0.8554216867469879
EICHERMOT,Eicher Motors Ltd,Mar 2019,Automobiles,return_on_equity_pct,24.702848172235928,0.7108433734939759
EICHERMOT,Eicher Motors Ltd,Mar 2020,Automobiles,return_on_equity_pct,18.30477908025248,0.40963855421686746
EICHERMOT,Eicher Motors Ltd,Mar 2021,Automobiles,return_on_equity_pct,11.776534359153699,0.1566265060240964
EICHERMOT,Eicher Motors Ltd,Mar 2022,Automobiles,return_on_equity_pct,13.301078680203046,0.21686746987951808
EICHERMOT,Eicher Motors Ltd,Mar 2023,Automobiles,return_on_equity_pct,19.43962641761174,0.4578313253012048
EICHERMOT,Eicher Motors Ltd,Mar 2024,Automobiles,return_on_equity_pct,22.172346910501524,0.6265060240963856
EICHERMOT,Eicher Motors Ltd,TTM,Automobiles,return_on_equity_pct,,
HEROMOTOCO,"Hero MotoCorp Ltd
",Mar 2014,Automobiles,return_on_equity_pct,37.38218033078428,0.9759036144578314
HEROMOTOCO,"Hero MotoCorp Ltd
",Mar 2015,Automobiles,return_on_equity_pct,36.14678899082569,0.9518072289156626
HEROMOTOCO,"Hero MotoCorp Ltd
",Mar 2016,Automobiles,return_on_equity_pct,35.22752999773602,0.9397590361445783
HEROMOTOCO,"Hero MotoCorp Ltd
",Mar 2017,Automobiles,return_on_equity_pct,34.373788290034895,0.927710843373494
HEROMOTOCO,"Hero MotoCorp Ltd
",Mar 2018,Automobiles,return_on_equity_pct,31.089208152355496,0.891566265060241
HEROMOTOCO,"Hero MotoCorp Ltd
",Mar 2019,Automobiles,return_on_equity_pct,26.417682926829265,0.7951807228915663
HEROMOTOCO,"Hero MotoCorp Ltd
",Mar 2020,Automobiles,return_on_equity_pct,25.39913924753575,0.7590361445783133
HEROMOTOCO,"Hero MotoCorp Ltd
",Mar 2021,Automobiles,return_on_equity_pct,19.045147898287492,0.4457831325301205
HEROMOTOCO,"Hero MotoCorp Ltd
",Mar 2022,Automobiles,return_on_equity_pct,14.696788035590332,0.25301204819277107
HEROMOTOCO,"Hero MotoCorp Ltd
",Mar 2023,Automobiles,return_on_equity_pct,16.810758885686838,0.37349397590361444
HEROMOTOCO,"Hero MotoCorp Ltd
",Mar 2024,Automobiles,return_on_equity_pct,21.14243742584327,0.5542168674698795
HEROMOTOCO,"Hero MotoCorp Ltd
",TTM,Automobiles,return_on_equity_pct,,
M&M,"Mahindra & Mahindra Ltd
",Mar 2013,Automobiles,return_on_equity_pct,20.685336405991684,0.5421686746987951
M&M,"Mahindra & Mahindra Ltd
",Mar 2014,Automobiles,return_on_equity_pct,22.11352812459776,0.6144578313253012
M&M,"Mahindra & Mahindra Ltd
",Mar 2015,Automobiles,return_on_equity_pct,13.075762849518505,0.1927710843373494
M&M,"Mahindra & Mahindra Ltd
",Mar 2016,Automobiles,return_on_equity_pct,13.41537067794051,0.2289156626506024
M&M,"Mahindra & Mahindra Ltd
",Mar 2017,Automobiles,return_on_equity_pct,13.604002955201826,0.24096385542168675
M&M,"Mahindra & Mahindra Ltd
",Mar 2018,Automobiles,return_on_equity_pct,21.63970088375255,0.5903614457831325
M&M,"Mahindra & Mahindra Ltd
",Mar 2019,Automobiles,return_on_equity_pct,15.0488957807068,0.27710843373493976
M&M,"Mahindra & Mahindra Ltd
",Mar 2020,Automobiles,return_on_equity_pct,-0.8031224198754034,0.060240963855421686
M&M,"Mahindra & Mahindra Ltd
",Mar 2021,Automobiles,return_on_equity_pct,3.636188735510557,0.07228915662650602
M&M,"Mahindra & Mahindra Ltd
",Mar 2022,Automobiles,return_on_equity_pct,15.391634658234832,0.2891566265060241
M&M,"Mahindra & Mahindra Ltd
",Mar 2023,Automobiles,return_on_equity_pct,20.178831210304086,0.4819277108433735
M&M,"Mahindra & Mahindra Ltd
",Mar 2024,Automobiles,return_on_equity_pct,18.537543435564285,0.43373493975903615
M&M,"Mahindra & Mahindra Ltd
",TTM,Automobiles,return_on_equity_pct,,
MARUTI,Maruti Suzuki India Ltd,Mar 2013,Automobiles,return_on_equity_pct,12.980870296405298,0.1686746987951807
MARUTI,Maruti Suzuki India Ltd,Mar 2014,Automobiles,return_on_equity_pct,13.276888723483438,0.20481927710843373
MARUTI,Maruti Suzuki India Ltd,Mar 2015,Automobiles,return_on_equity_pct,15.66329467883872,0.30120481927710846
MARUTI,Maruti Suzuki India Ltd,Mar 2016,Automobiles,return_on_equity_pct,17.954664227854717,0.39759036144578314
MARUTI,Maruti Suzuki India Ltd,Mar 2017,Automobiles,return_on_equity_pct,20.258934592043158,0.4939759036144578
MARUTI,Maruti Suzuki India Ltd,Mar 2018,Automobiles,return_on_equity_pct,18.517822317253696,0.42168674698795183
MARUTI,Maruti Suzuki India Ltd,Mar 2019,Automobiles,return_on_equity_pct,16.24692092075087,0.3493975903614458
MARUTI,Maruti Suzuki India Ltd,Mar 2020,Automobiles,return_on_equity_pct,11.490903203610387,0.14457831325301204
MARUTI,Maruti Suzuki India Ltd,Mar 2021,Automobiles,return_on_equity_pct,8.359840764937811,0.10843373493975904
MARUTI,Maruti Suzuki India Ltd,Mar 2022,Automobiles,return_on_equity_pct,7.012090434279725,0.0963855421686747
MARUTI,Maruti Suzuki India Ltd,Mar 2023,Automobiles,return_on_equity_pct,11.077747989276139,0.13253012048192772
MARUTI,Maruti Suzuki India Ltd,Mar 2024,Automobiles,return_on_equity_pct,15.750385351954785,0.3132530120481928
MARUTI,Maruti Suzuki India Ltd,TTM,Automobiles,return_on_equity_pct,,
TATAMOTORS,Tata Motors Ltd,Mar 2013,Automobiles,return_on_equity_pct,26.505832026994714,0.8072289156626506
TATAMOTORS,Tata Motors Ltd,Mar 2014,Automobiles,return_on_equity_pct,21.416377050179864,0.5783132530120482
TATAMOTORS,Tata Motors Ltd,Mar 2015,Automobiles,return_on_equity_pct,25.013330489495573,0.7469879518072289
TATAMOTORS,Tata Motors Ltd,Mar 2016,Automobiles,return_on_equity_pct,14.791265579086026,0.26506024096385544
TATAMOTORS,Tata Motors Ltd,Mar 2017,Automobiles,return_on_equity_pct,13.015397333884469,0.18072289156626506
TATAMOTORS,Tata Motors Ltd,Mar 2018,Automobiles,return_on_equity_pct,9.526554051221863,0.12048192771084337
TATAMOTORS,Tata Motors Ltd,Mar 2019,Automobiles,return_on_equity_pct,-47.73093604081158,0.012048192771084338
TATAMOTORS,Tata Motors Ltd,Mar 2020,Automobiles,return_on_equity_pct,-18.984131010320393,0.04819277108433735
TATAMOTORS,Tata Motors Ltd,Mar 2021,Automobiles,return_on_equity_pct,-24.245660397849658,0.03614457831325301
TATAMOTORS,Tata Motors Ltd,Mar 2022,Automobiles,return_on_equity_pct,-25.378694374004173,0.024096385542168676
TATAMOTORS,Tata Motors Ltd,Mar 2023,Automobiles,return_on_equity_pct,5.935307356250828,0.08433734939759036
TATAMOTORS,Tata Motors Ltd,Mar 2024,Automobiles,return_on_equity_pct,37.45613415294755,0.9879518072289156
TATAMOTORS,Tata Motors Ltd,TTM,Automobiles,return_on_equity_pct,,
TVSMOTOR,TVS Motor Company Ltd,Mar 2013,Automobiles,return_on_equity_pct,22.024471635150167,0.6024096385542169
TVSMOTOR,TVS Motor Company Ltd,Mar 2014,Automobiles,return_on_equity_pct,16.1068044788975,0.3373493975903614
TVSMOTOR,TVS Motor Company Ltd,Mar 2015,Automobiles,return_on_equity_pct,24.754716981132074,0.7228915662650602
TVSMOTOR,TVS Motor Company Ltd,Mar 2016,Automobiles,return_on_equity_pct,23.58438702583837,0.6746987951807228
TVSMOTOR,TVS Motor Company Ltd,Mar 2017,Automobiles,return_on_equity_pct,22.95895354082093,0.6626506024096386
TVSMOTOR,TVS Motor Company Ltd,Mar 2018,Automobiles,return_on_equity_pct,24.8319641523525,0.7349397590361446
TVSMOTOR,TVS Motor Company Ltd,Mar 2019,Automobiles,return_on_equity_pct,22.863450015767896,0.6506024096385542
TVSMOTOR,TVS Motor Company Ltd,Mar 2020,Automobiles,return_on_equity_pct,19.70758452634785,0.46987951807228917
TVSMOTOR,TVS Motor Company Ltd,Mar 2021,Automobiles,return_on_equity_pct,15.88711784687745,0.3253012048192771
TVSMOTOR,TVS Motor Company Ltd,Mar 2022,Automobiles,return_on_equity_pct,16.613636363636363,0.3614457831325301
TVSMOTOR,TVS Motor Company Ltd,Mar 2023,Automobiles,return_on_equity_pct,23.77838328792007,0.6867469879518072
TVSMOTOR,TVS Motor Company Ltd,Mar 2024,Automobiles,return_on_equity_pct,26.223466981132077,0.7831325301204819
TVSMOTOR,TVS Motor Company Ltd,TTM,Automobiles,return_on_equity_pct,,
BAJAJ-AUTO,Bajaj Auto Ltd,Mar 2013,Automobiles,net_profit_margin_pct,15.645443196004994,0.7888888888888889
BAJAJ-AUTO,Bajaj Auto Ltd,Mar 2014,Automobiles,net_profit_margin_pct,16.785022595222724,0.8444444444444444
BAJAJ-AUTO,Bajaj Auto Ltd,Mar 2015,Automobiles,net_profit_margin_pct,14.012502894188469,0.7555555555555555
BAJAJ-AUTO,Bajaj Auto Ltd,Mar 2016,Automobiles,net_profit_margin_pct,17.989722689820148,0.8888888888888888
BAJAJ-AUTO,Bajaj Auto Ltd,Mar 2017,Automobiles,net_profit_margin_pct,18.7497127097219,0.9111111111111111
BAJAJ-AUTO,Bajaj Auto Ltd,Mar 2018,Automobiles,net_profit_margin_pct,16.735422451408173,0.8333333333333334
BAJAJ-AUTO,Bajaj Auto Ltd,Mar 2019,Automobiles,net_profit_margin_pct,16.2329534224916,0.8
BAJAJ-AUTO,Bajaj Auto Ltd,Mar 2020,Automobiles,net_profit_margin_pct,17.42036832781844,0.8666666666666667
BAJAJ-AUTO,Bajaj Auto Ltd,Mar 2021,Automobiles,net_profit_margin_pct,17.508381096571863,0.8777777777777778
BAJAJ-AUTO,Bajaj Auto Ltd,Mar 2022,Automobiles,net_profit_margin_pct,18.60310755770101,0.9
BAJAJ-AUTO,Bajaj Auto Ltd,Mar 2023,Automobiles,net_profit_margin_pct,16.62323412426279,0.8222222222222222
BAJAJ-AUTO,Bajaj Auto Ltd,Mar 2024,Automobiles,net_profit_margin_pct,17.178515712057056,0.8555555555555555
BAJAJ-AUTO,Bajaj Auto Ltd,TTM,Automobiles,net_profit_margin_pct,15.073619631901842,0.7666666666666667
EICHERMOT,Eicher Motors Ltd,Dec 2012,Automobiles,net_profit_margin_pct,7.433489827856025,0.43333333333333335
EICHERMOT,Eicher Motors Ltd,Dec 2013,Automobiles,net_profit_margin_pct,7.709251101321586,0.4777777777777778
EICHERMOT,Eicher Motors Ltd,Dec 2014,Automobiles,net_profit_margin_pct,8.033875028610666,0.5
EICHERMOT,Eicher Motors Ltd,Mar 2016,Automobiles,net_profit_margin_pct,21.675036449052325,0.9444444444444444
EICHERMOT,Eicher Motors Ltd,Mar 2017,Automobiles,net_profit_margin_pct,23.702545144319636,0.9777777777777777
EICHERMOT,Eicher Motors Ltd,Mar 2018,Automobiles,net_profit_margin_pct,21.862799776910204,0.9555555555555556
EICHERMOT,Eicher Motors Ltd,Mar 2019,Automobiles,net_profit_margin_pct,22.486475451668877,0.9666666666666667
EICHERMOT,Eicher Motors Ltd,Mar 2020,Automobiles,net_profit_margin_pct,19.958488092637097,0.9222222222222223
EICHERMOT,Eicher Motors Ltd,Mar 2021,Automobiles,net_profit_margin_pct,15.447247706422019,0.7777777777777778
EICHERMOT,Eicher Motors Ltd,Mar 2022,Automobiles,net_profit_margin_pct,16.284715478733737,0.8111111111111111
EICHERMOT,Eicher Motors Ltd,Mar 2023,Automobiles,net_profit_margin_pct,20.177260767206757,0.9333333333333333
EICHERMOT,Eicher Motors Ltd,Mar 2024,Automobiles,net_profit_margin_pct,24.195694242864054,0.9888888888888889
EICHERMOT,Eicher Motors Ltd,TTM,Automobiles,net_profit_margin_pct,24.972207594640455,1.0
HEROMOTOCO,"Hero MotoCorp Ltd
",Mar 2014,Automobiles,net_profit_margin_pct,8.316518298714143,0.5333333333333333
HEROMOTOCO,"Hero MotoCorp Ltd
",Mar 2015,Automobiles,net_profit_margin_pct,8.584501416224853,0.5444444444444444
HEROMOTOCO,"Hero MotoCorp Ltd
",Mar 2016,Automobiles,net_profit_margin_pct,10.935797870471237,0.7
HEROMOTOCO,"Hero MotoCorp Ltd
",Mar 2017,Automobiles,net_profit_margin_pct,12.394267738552953,0.7333333333333333
HEROMOTOCO,"Hero MotoCorp Ltd
",Mar 2018,Automobiles,net_profit_margin_pct,11.467126748413333,0.7222222222222222
HEROMOTOCO,"Hero MotoCorp Ltd
",Mar 2019,Automobiles,net_profit_margin_pct,10.202820052397634,0.6777777777777778
HEROMOTOCO,"Hero MotoCorp Ltd
",Mar 2020,Automobiles,net_profit_margin_pct,12.50769125589663,0.7444444444444445
HEROMOTOCO,"Hero MotoCorp Ltd
",Mar 2021,Automobiles,net_profit_margin_pct,9.483510449303918,0.6111111111111112
HEROMOTOCO,"Hero MotoCorp Ltd
",Mar 2022,Automobiles,net_profit_margin_pct,7.881289973266556,0.4888888888888889
HEROMOTOCO,"Hero MotoCorp Ltd
",Mar 2023,Automobiles,net_profit_margin_pct,8.197201241290474,0.5222222222222223
HEROMOTOCO,"Hero MotoCorp Ltd
",Mar 2024,Automobiles,net_profit_margin_pct,9.902352536452407,0.6666666666666666
HEROMOTOCO,"Hero MotoCorp Ltd
",TTM,Automobiles,net_profit_margin_pct,10.307247244251585,0.6888888888888889
M&M,"Mahindra & Mahindra Ltd
",Mar 2013,Automobiles,net_profit_margin_pct,6.010801682849781,0.35555555555555557
M&M,"Mahindra & Mahindra Ltd
",Mar 2014,Automobiles,net_profit_margin_pct,6.964770746341266,0.4
M&M,"Mahindra & Mahindra Ltd
",Mar 2015,Automobiles,net_profit_margin_pct,4.732112865300638,0.2777777777777778
M&M,"Mahindra & Mahindra Ltd
",Mar 2016,Automobiles,net_profit_margin_pct,4.686119645046874,0.26666666666666666
M&M,"Mahindra & Mahindra Ltd
",Mar 2017,Automobiles,net_profit_margin_pct,4.83568691583207,0.28888888888888886
M&M,"Mahindra & Mahindra Ltd
",Mar 2018,Automobiles,net_profit_margin_pct,8.641170977479531,0.5555555555555556
M&M,"Mahindra & Mahindra Ltd
",Mar 2019,Automobiles,net_profit_margin_pct,5.745743451647711,0.34444444444444444
M&M,"Mahindra & Mahindra Ltd
",Mar 2020,Automobiles,net_profit_margin_pct,-0.4258311002626622,0.05555555555555555
M&M,"Mahindra & Mahindra Ltd
",Mar 2021,Automobiles,net_profit_margin_pct,2.035596004200436,0.07777777777777778
M&M,"Mahindra & Mahindra Ltd
",Mar 2022,Automobiles,net_profit_margin_pct,8.043606037417796,0.5111111111111111
M&M,"Mahindra & Mahindra Ltd
",Mar 2023,Automobiles,net_profit_margin_pct,9.379148834409454,0.6
M&M,"Mahindra & Mahindra Ltd
",Mar 2024,Automobiles,net_profit_margin_pct,8.82238743726542,0.5666666666666667
M&M,"Mahindra & Mahindra Ltd
",TTM,Automobiles,net_profit_margin_pct,8.916808894189577,0.5888888888888889
MARUTI,Maruti Suzuki India Ltd,Mar 2013,Automobiles,net_profit_margin_pct,5.575117370892019,0.3333333333333333
MARUTI,Maruti Suzuki India Ltd,Mar 2014,Automobiles,net_profit_margin_pct,6.407435678685286,0.3888888888888889
MARUTI,Maruti Suzuki India Ltd,Mar 2015,Automobiles,net_profit_margin_pct,7.49788389992323,0.4444444444444444
MARUTI,Maruti Suzuki India Ltd,Mar 2016,Automobiles,net_profit_margin_pct,9.54522565073191,0.6333333333333333
MARUTI,Maruti Suzuki India Ltd,Mar 2017,Automobiles,net_profit_margin_pct,11.031798487185137,0.7111111111111111
MARUTI,Maruti Suzuki India Ltd,Mar 2018,Automobiles,net_profit_margin_pct,9.874826147426981,0.6555555555555556
MARUTI,Maruti Suzuki India Ltd,Mar 2019,Automobiles,net_profit_margin_pct,8.889482734581959,0.5777777777777777
MARUTI,Maruti Suzuki India Ltd,Mar 2020,Automobiles,net_profit_margin_pct,7.504625958234206,0.45555555555555555
MARUTI,Maruti Suzuki India Ltd,Mar 2021,Automobiles,net_profit_margin_pct,6.236855567555278,0.37777777777777777
MARUTI,Maruti Suzuki India Ltd,Mar 2022,Automobiles,net_profit_margin_pct,4.3926185893807315,0.24444444444444444
MARUTI,Maruti Suzuki India Ltd,Mar 2023,Automobiles,net_profit_margin_pct,6.9791402753145855,0.4111111111111111
MARUTI,Maruti Suzuki India Ltd,Mar 2024,Automobiles,net_profit_margin_pct,9.50809964894472,0.6222222222222222
MARUTI,Maruti Suzuki India Ltd,TTM,Automobiles,net_profit_margin_pct,9.655471617554902,0.6444444444444445
TATAMOTORS,Tata Motors Ltd,Mar 2013,Automobiles,net_profit_margin_pct,5.284094219595007,0.3111111111111111
TATAMOTORS,Tata Motors Ltd,Mar 2014,Automobiles,net_profit_margin_pct,6.034342063444342,0.36666666666666664
TATAMOTORS,Tata Motors Ltd,Mar 2015,Automobiles,net_profit_margin_pct,5.347717539586334,0.32222222222222224
TATAMOTORS,Tata Motors Ltd,Mar 2016,Automobiles,net_profit_margin_pct,4.276935021937695,0.23333333333333334
TATAMOTORS,Tata Motors Ltd,Mar 2017,Automobiles,net_profit_margin_pct,2.8020749518897414,0.1111111111111111
TATAMOTORS,Tata Motors Ltd,Mar 2018,Automobiles,net_profit_margin_pct,3.1181615503344196,0.13333333333333333
TATAMOTORS,Tata Motors Ltd,Mar 2019,Automobiles,net_profit_margin_pct,-9.513211321529585,0.011111111111111112
TATAMOTORS,Tata Motors Ltd,Mar 2020,Automobiles,net_profit_margin_pct,-4.586927543781696,0.03333333333333333
TATAMOTORS,Tata Motors Ltd,Mar 2021,Automobiles,net_profit_margin_pct,-5.362397165675854,0.022222222222222223
TATAMOTORS,Tata Motors Ltd,Mar 2022,Automobiles,net_profit_margin_pct,-4.061353042154179,0.044444444444444446
TATAMOTORS,Tata Motors Ltd,Mar 2023,Automobiles,net_profit_margin_pct,0.7775308049611668,0.06666666666666667
TATAMOTORS,Tata Motors Ltd,Mar 2024,Automobiles,net_profit_margin_pct,7.263066074788551,0.4222222222222222
TATAMOTORS,Tata Motors Ltd,TTM,Automobiles,net_profit_margin_pct,7.684389209677748,0.4666666666666667
TVSMOTOR,TVS Motor Company Ltd,Mar 2013,Automobiles,net_profit_margin_pct,2.6364846870838883,0.1
TVSMOTOR,TVS Motor Company Ltd,Mar 2014,Automobiles,net_profit_margin_pct,2.23043893129771,0.08888888888888889
TVSMOTOR,TVS Motor Company Ltd,Mar 2015,Automobiles,net_profit_margin_pct,3.1981279251170043,0.15555555555555556
TVSMOTOR,TVS Motor Company Ltd,Mar 2016,Automobiles,net_profit_margin_pct,3.7707655796782986,0.18888888888888888
TVSMOTOR,TVS Motor Company Ltd,Mar 2017,Automobiles,net_profit_margin_pct,4.084088903153334,0.2111111111111111
TVSMOTOR,TVS Motor Company Ltd,Mar 2018,Automobiles,net_profit_margin_pct,4.069767441860465,0.2
TVSMOTOR,TVS Motor Company Ltd,Mar 2019,Automobiles,net_profit_margin_pct,3.5962301587301586,0.17777777777777778
TVSMOTOR,TVS Motor Company Ltd,Mar 2020,Automobiles,net_profit_margin_pct,3.4325428404689906,0.16666666666666666
TVSMOTOR,TVS Motor Company Ltd,Mar 2021,Automobiles,net_profit_margin_pct,3.1306317903300553,0.14444444444444443
TVSMOTOR,TVS Motor Company Ltd,Mar 2022,Automobiles,net_profit_margin_pct,3.0014370765756517,0.12222222222222222
TVSMOTOR,TVS Motor Company Ltd,Mar 2023,Automobiles,net_profit_margin_pct,4.093951335460061,0.2222222222222222
TVSMOTOR,TVS Motor Company Ltd,Mar 2024,Automobiles,net_profit_margin_pct,4.544641716694342,0.25555555555555554
TVSMOTOR,TVS Motor Company Ltd,TTM,Automobiles,net_profit_margin_pct,4.882712307046589,0.3
BAJAJ-AUTO,Bajaj Auto Ltd,Mar 2013,Automobiles,debt_to_equity,0.014383137011779294,0.7349397590361446
BAJAJ-AUTO,Bajaj Auto Ltd,Mar 2014,Automobiles,debt_to_equity,0.0058030884233303826,0.891566265060241
BAJAJ-AUTO,Bajaj Auto Ltd,Mar 2015,Automobiles,debt_to_equity,0.010094637223974764,0.7831325301204819
BAJAJ-AUTO,Bajaj Auto Ltd,Mar 2016,Automobiles,debt_to_equity,0.008416547788873038,0.8072289156626506
BAJAJ-AUTO,Bajaj Auto Ltd,Mar 2017,Automobiles,debt_to_equity,0.006720430107526882,0.8433734939759037
BAJAJ-AUTO,Bajaj Auto Ltd,Mar 2018,Automobiles,debt_to_equity,0.005924112607099143,0.8674698795180723
BAJAJ-AUTO,Bajaj Auto Ltd,Mar 2019,Automobiles,debt_to_equity,0.005380278052769767,0.9036144578313253
BAJAJ-AUTO,Bajaj Auto Ltd,Mar 2020,Automobiles,debt_to_equity,0.005816637429600221,0.8795180722891567
BAJAJ-AUTO,Bajaj Auto Ltd,Mar 2021,Automobiles,debt_to_equity,0.0044366223004436624,0.9156626506024097
BAJAJ-AUTO,Bajaj Auto Ltd,Mar 2022,Automobiles,debt_to_equity,0.004119360996684417,0.9397590361445783
BAJAJ-AUTO,Bajaj Auto Ltd,Mar 2023,Automobiles,debt_to_equity,0.004223145562291397,0.927710843373494
BAJAJ-AUTO,Bajaj Auto Ltd,Mar 2024,Automobiles,debt_to_equity,0.06601754022512257,0.45783132530120485
BAJAJ-AUTO,Bajaj Auto Ltd,TTM,Automobiles,debt_to_equity,,
EICHERMOT,Eicher Motors Ltd,Dec 2012,Automobiles,debt_to_equity,0.013105413105413105,0.7469879518072289
EICHERMOT,Eicher Motors Ltd,Dec 2013,Automobiles,debt_to_equity,0.040875912408759124,0.4819277108433735
EICHERMOT,Eicher Motors Ltd,Dec 2014,Automobiles,debt_to_equity,0.023052464228934817,0.6265060240963856
EICHERMOT,Eicher Motors Ltd,Mar 2016,Automobiles,debt_to_equity,0.006296194908294552,0.8554216867469879
EICHERMOT,Eicher Motors Ltd,Mar 2017,Automobiles,debt_to_equity,0.02095416276894294,0.6626506024096386
EICHERMOT,Eicher Motors Ltd,Mar 2018,Automobiles,debt_to_equity,0.021479374110953058,0.6385542168674698
EICHERMOT,Eicher Motors Ltd,Mar 2019,Automobiles,debt_to_equity,0.020968827091276072,0.6506024096385542
EICHERMOT,Eicher Motors Ltd,Mar 2020,Automobiles,debt_to_equity,0.024947400060114217,0.5903614457831325
EICHERMOT,Eicher Motors Ltd,Mar 2021,Automobiles,debt_to_equity,0.01914670396922539,0.6867469879518072
EICHERMOT,Eicher Motors Ltd,Mar 2022,Automobiles,debt_to_equity,0.008565989847715736,0.7951807228915663
EICHERMOT,Eicher Motors Ltd,Mar 2023,Automobiles,debt_to_equity,0.019212808539026016,0.6746987951807228
EICHERMOT,Eicher Motors Ltd,Mar 2024,Automobiles,debt_to_equity,0.023219728456636186,0.6144578313253012
EICHERMOT,Eicher Motors Ltd,TTM,Automobiles,debt_to_equity,,
HEROMOTOCO,"Hero MotoCorp Ltd
",Mar 2014,Automobiles,debt_to_equity,0.050506846878890274,0.4698795180722891
HEROMOTOCO,"Hero MotoCorp Ltd
",Mar 2015,Automobiles,debt_to_equity,0.01529051987767584,0.7228915662650602
HEROMOTOCO,"Hero MotoCorp Ltd
",Mar 2016,Automobiles,debt_to_equity,0.026262168892913742,0.5662650602409638
HEROMOTOCO,"Hero MotoCorp Ltd
",Mar 2017,Automobiles,debt_to_equity,0.025300504071345483,0.5783132530120482
HEROMOTOCO,"Hero MotoCorp Ltd
",Mar 2018,Automobiles,debt_to_equity,0.019044437019712663,0.6987951807228916
HEROMOTOCO,"Hero MotoCorp Ltd
",Mar 2019,Automobiles,debt_to_equity,0.02378048780487805,0.6024096385542168
HEROMOTOCO,"Hero MotoCorp Ltd
",Mar 2020,Automobiles,debt_to_equity,0.031445231153685964,0.5421686746987953
HEROMOTOCO,"Hero MotoCorp Ltd
",Mar 2021,Automobiles,debt_to_equity,0.03788271925272444,0.5060240963855422
HEROMOTOCO,"Hero MotoCorp Ltd
",Mar 2022,Automobiles,debt_to_equity,0.038177573042216195,0.49397590361445787
HEROMOTOCO,"Hero MotoCorp Ltd
",Mar 2023,Automobiles,debt_to_equity,0.034101825168107586,0.5301204819277108
HEROMOTOCO,"Hero MotoCorp Ltd
",Mar 2024,Automobiles,debt_to_equity,0.03423922255494661,0.5180722891566265
HEROMOTOCO,"Hero MotoCorp Ltd
",TTM,Automobiles,debt_to_equity,,
M&M,"Mahindra & Mahindra Ltd
",Mar 2013,Automobiles,debt_to_equity,1.438354791844096,0.27710843373493976
M&M,"Mahindra & Mahindra Ltd
",Mar 2014,Automobiles,debt_to_equity,1.5088599991418887,0.2530120481927711
M&M,"Mahindra & Mahindra Ltd
",Mar 2015,Automobiles,debt_to_equity,1.4661793711567468,0.2650602409638554
M&M,"Mahindra & Mahindra Ltd
",Mar 2016,Automobiles,debt_to_equity,1.5685112486788464,0.22891566265060237
M&M,"Mahindra & Mahindra Ltd
",Mar 2017,Automobiles,debt_to_equity,1.6375176304654442,0.20481927710843373
M&M,"Mahindra & Mahindra Ltd
",Mar 2018,Automobiles,debt_to_equity,1.52,0.24096385542168675
M&M,"Mahindra & Mahindra Ltd
",Mar 2019,Automobiles,debt_to_equity,1.771953080059025,0.15662650602409633
M&M,"Mahindra & Mahindra Ltd
",Mar 2020,Automobiles,debt_to_equity,2.053891766118742,0.12048192771084343
M&M,"Mahindra & Mahindra Ltd
",Mar 2021,Automobiles,debt_to_equity,1.9389399259294888,0.14457831325301207
M&M,"Mahindra & Mahindra Ltd
",Mar 2022,Automobiles,debt_to_equity,1.6468603442055896,0.1807228915662651
M&M,"Mahindra & Mahindra Ltd
",Mar 2023,Automobiles,debt_to_equity,1.6365716921548452,0.2168674698795181
M&M,"Mahindra & Mahindra Ltd
",Mar 2024,Automobiles,debt_to_equity,1.6414413053331318,0.19277108433734935
M&M,"Mahindra & Mahindra Ltd
",TTM,Automobiles,debt_to_equity,,
MARUTI,Maruti Suzuki India Ltd,Mar 2013,Automobiles,debt_to_equity,0.08245743115408871,0.4457831325301205
MARUTI,Maruti Suzuki India Ltd,Mar 2014,Automobiles,debt_to_equity,0.09322664681801265,0.4337349397590361
MARUTI,Maruti Suzuki India Ltd,Mar 2015,Automobiles,debt_to_equity,0.027387120651369355,0.5542168674698795
MARUTI,Maruti Suzuki India Ltd,Mar 2016,Automobiles,debt_to_equity,0.0075450744708649075,0.8313253012048193
MARUTI,Maruti Suzuki India Ltd,Mar 2017,Automobiles,debt_to_equity,0.013054619015509103,0.7590361445783133
MARUTI,Maruti Suzuki India Ltd,Mar 2018,Automobiles,debt_to_equity,0.002843111915223572,0.9759036144578314
MARUTI,Maruti Suzuki India Ltd,Mar 2019,Automobiles,debt_to_equity,0.00339760468869447,0.963855421686747
MARUTI,Maruti Suzuki India Ltd,Mar 2020,Automobiles,debt_to_equity,0.0037237164308987513,0.9518072289156626
MARUTI,Maruti Suzuki India Ltd,Mar 2021,Automobiles,debt_to_equity,0.010304565627321384,0.7710843373493976
MARUTI,Maruti Suzuki India Ltd,Mar 2022,Automobiles,debt_to_equity,0.007698841559286501,0.8192771084337349
MARUTI,Maruti Suzuki India Ltd,Mar 2023,Automobiles,debt_to_equity,0.016729222520107237,0.7108433734939759
MARUTI,Maruti Suzuki India Ltd,Mar 2024,Automobiles,debt_to_equity,0.001389602503619973,0.9879518072289156
MARUTI,Maruti Suzuki India Ltd,TTM,Automobiles,debt_to_equity,,
TATAMOTORS,Tata Motors Ltd,Mar 2013,Automobiles,debt_to_equity,1.427212583362117,0.28915662650602414
TATAMOTORS,Tata Motors Ltd,Mar 2014,Automobiles,debt_to_equity,0.9243643680263398,0.3614457831325302
TATAMOTORS,Tata Motors Ltd,Mar 2015,Automobiles,debt_to_equity,1.3083431090256301,0.3132530120481928
TATAMOTORS,Tata Motors Ltd,Mar 2016,Automobiles,debt_to_equity,0.8785084608369642,0.37349397590361444
TATAMOTORS,Tata Motors Ltd,Mar 2017,Automobiles,debt_to_equity,1.3537942199717543,0.3012048192771084
TATAMOTORS,Tata Motors Ltd,Mar 2018,Automobiles,debt_to_equity,0.9321163599782034,0.3493975903614458
TATAMOTORS,Tata Motors Ltd,Mar 2019,Automobiles,debt_to_equity,1.7643197793250136,0.1686746987951807
TATAMOTORS,Tata Motors Ltd,Mar 2020,Automobiles,debt_to_equity,1.9782812029360008,0.1325301204819277
TATAMOTORS,Tata Motors Ltd,Mar 2021,Automobiles,debt_to_equity,2.5726464785418215,0.10843373493975905
TATAMOTORS,Tata Motors Ltd,Mar 2022,Automobiles,debt_to_equity,3.2864836965059134,0.048192771084337394
TATAMOTORS,Tata Motors Ltd,Mar 2023,Automobiles,debt_to_equity,2.9591147786946737,0.07228915662650603
TATAMOTORS,Tata Motors Ltd,Mar 2024,Automobiles,debt_to_equity,1.2631244259167667,0.32530120481927716
TATAMOTORS,Tata Motors Ltd,TTM,Automobiles,debt_to_equity,,
TVSMOTOR,TVS Motor Company Ltd,Mar 2013,Automobiles,debt_to_equity,1.1879866518353726,0.3373493975903614
TVSMOTOR,TVS Motor Company Ltd,Mar 2014,Automobiles,debt_to_equity,0.6270456503014643,0.3975903614457831
TVSMOTOR,TVS Motor Company Ltd,Mar 2015,Automobiles,debt_to_equity,0.8445283018867924,0.3855421686746988
TVSMOTOR,TVS Motor Company Ltd,Mar 2016,Automobiles,debt_to_equity,0.59978009895547,0.40963855421686746
TVSMOTOR,TVS Motor Company Ltd,Mar 2017,Automobiles,debt_to_equity,0.591339648173207,0.42168674698795183
TVSMOTOR,TVS Motor Company Ltd,Mar 2018,Automobiles,debt_to_equity,2.5870052277819267,0.09638554216867468
TVSMOTOR,TVS Motor Company Ltd,Mar 2019,Automobiles,debt_to_equity,2.9321980447808262,0.08433734939759041
TVSMOTOR,TVS Motor Company Ltd,Mar 2020,Automobiles,debt_to_equity,3.5306122448979593,0.03614457831325302
TVSMOTOR,TVS Motor Company Ltd,Mar 2021,Automobiles,debt_to_equity,3.182388293702639,0.06024096385542166
TVSMOTOR,TVS Motor Company Ltd,Mar 2022,Automobiles,debt_to_equity,3.5970454545454547,0.02409638554216864
TVSMOTOR,TVS Motor Company Ltd,Mar 2023,Automobiles,debt_to_equity,4.064668483197093,0.0
TVSMOTOR,TVS Motor Company Ltd,Mar 2024,Automobiles,debt_to_equity,3.833431603773585,0.012048192771084376
TVSMOTOR,TVS Motor Company Ltd,TTM,Automobiles,debt_to_equity,,
BAJAJ-AUTO,Bajaj Auto Ltd,Mar 2013,Automobiles,interest_coverage,4446.0,0.9555555555555556
BAJAJ-AUTO,Bajaj Auto Ltd,Mar 2014,Automobiles,interest_coverage,4837.0,0.9666666666666667
BAJAJ-AUTO,Bajaj Auto Ltd,Mar 2015,Automobiles,interest_coverage,726.0,0.8888888888888888
BAJAJ-AUTO,Bajaj Auto Ltd,Mar 2016,Automobiles,interest_coverage,5987.0,0.9888888888888889
BAJAJ-AUTO,Bajaj Auto Ltd,Mar 2017,Automobiles,interest_coverage,5897.0,0.9777777777777777
BAJAJ-AUTO,Bajaj Auto Ltd,Mar 2018,Automobiles,interest_coverage,6250.0,1.0
BAJAJ-AUTO,Bajaj Auto Ltd,Mar 2019,Automobiles,interest_coverage,1806.5,0.9333333333333333
BAJAJ-AUTO,Bajaj Auto Ltd,Mar 2020,Automobiles,interest_coverage,2313.6666666666665,0.9444444444444444
BAJAJ-AUTO,Bajaj Auto Ltd,Mar 2021,Automobiles,interest_coverage,929.7142857142857,0.9111111111111111
BAJAJ-AUTO,Bajaj Auto Ltd,Mar 2022,Automobiles,interest_coverage,881.1111111111111,0.9
BAJAJ-AUTO,Bajaj Auto Ltd,Mar 2023,Automobiles,interest_coverage,204.2,0.8444444444444444
BAJAJ-AUTO,Bajaj Auto Ltd,Mar 2024,Automobiles,interest_coverage,174.41666666666666,0.8222222222222222
BAJAJ-AUTO,Bajaj Auto Ltd,TTM,Automobiles,interest_coverage,65.10975609756098,0.6333333333333333
EICHERMOT,Eicher Motors Ltd,Dec 2012,Automobiles,interest_coverage,171.5,0.8111111111111111
EICHERMOT,Eicher Motors Ltd,Dec 2013,Automobiles,interest_coverage,101.0,0.6777777777777778
EICHERMOT,Eicher Motors Ltd,Dec 2014,Automobiles,interest_coverage,122.3,0.7333333333333333
EICHERMOT,Eicher Motors Ltd,Mar 2016,Automobiles,interest_coverage,1008.0,0.9222222222222223
EICHERMOT,Eicher Motors Ltd,Mar 2017,Automobiles,interest_coverage,647.5,0.8666666666666667
EICHERMOT,Eicher Motors Ltd,Mar 2018,Automobiles,interest_coverage,669.0,0.8777777777777778
EICHERMOT,Eicher Motors Ltd,Mar 2019,Automobiles,interest_coverage,515.0,0.8555555555555555
EICHERMOT,Eicher Motors Ltd,Mar 2020,Automobiles,interest_coverage,145.0,0.7888888888888889
EICHERMOT,Eicher Motors Ltd,Mar 2021,Automobiles,interest_coverage,141.5625,0.7666666666666667
EICHERMOT,Eicher Motors Ltd,Mar 2022,Automobiles,interest_coverage,140.73684210526315,0.7555555555555555
EICHERMOT,Eicher Motors Ltd,Mar 2023,Automobiles,interest_coverage,155.5,0.8
EICHERMOT,Eicher Motors Ltd,Mar 2024,Automobiles,interest_coverage,114.70588235294117,0.6888888888888889
EICHERMOT,Eicher Motors Ltd,TTM,Automobiles,interest_coverage,117.0,0.7111111111111111
HEROMOTOCO,"Hero MotoCorp Ltd
",Mar 2014,Automobiles,interest_coverage,50.54883720930233,0.5777777777777777
HEROMOTOCO,"Hero MotoCorp Ltd
",Mar 2015,Automobiles,interest_coverage,73.94153846153846,0.6444444444444445
HEROMOTOCO,"Hero MotoCorp Ltd
",Mar 2016,Automobiles,interest_coverage,57.12351543942993,0.6
HEROMOTOCO,"Hero MotoCorp Ltd
",Mar 2017,Automobiles,interest_coverage,28.965060240963854,0.4666666666666667
HEROMOTOCO,"Hero MotoCorp Ltd
",Mar 2018,Automobiles,interest_coverage,48.12056737588652,0.5444444444444444
HEROMOTOCO,"Hero MotoCorp Ltd
",Mar 2019,Automobiles,interest_coverage,39.08367071524966,0.5111111111111111
HEROMOTOCO,"Hero MotoCorp Ltd
",Mar 2020,Automobiles,interest_coverage,17.571827057182706,0.4444444444444444
HEROMOTOCO,"Hero MotoCorp Ltd
",Mar 2021,Automobiles,interest_coverage,48.67088607594937,0.5666666666666667
HEROMOTOCO,"Hero MotoCorp Ltd
",Mar 2022,Automobiles,interest_coverage,48.26788990825688,0.5555555555555556
HEROMOTOCO,"Hero MotoCorp Ltd
",Mar 2023,Automobiles,interest_coverage,53.03703703703704,0.5888888888888889
HEROMOTOCO,"Hero MotoCorp Ltd
",Mar 2024,Automobiles,interest_coverage,47.268505079825836,0.5333333333333333
HEROMOTOCO,"Hero MotoCorp Ltd
",TTM,Automobiles,interest_coverage,37.191603875134554,0.5
M&M,"Mahindra & Mahindra Ltd
",Mar 2013,Automobiles,interest_coverage,4.3347845015237265,0.26666666666666666
M&M,"Mahindra & Mahindra Ltd
",Mar 2014,Automobiles,interest_coverage,3.7044685172647256,0.2222222222222222
M&M,"Mahindra & Mahindra Ltd
",Mar 2015,Automobiles,interest_coverage,3.0386442825467217,0.12222222222222222
M&M,"Mahindra & Mahindra Ltd
",Mar 2016,Automobiles,interest_coverage,3.4088479809976246,0.16666666666666666
M&M,"Mahindra & Mahindra Ltd
",Mar 2017,Automobiles,interest_coverage,3.513024403619413,0.17777777777777778
M&M,"Mahindra & Mahindra Ltd
",Mar 2018,Automobiles,interest_coverage,4.412340105342363,0.2777777777777778
M&M,"Mahindra & Mahindra Ltd
",Mar 2019,Automobiles,interest_coverage,3.5616411073491334,0.18888888888888888
M&M,"Mahindra & Mahindra Ltd
",Mar 2020,Automobiles,interest_coverage,1.8340807174887892,0.022222222222222223
M&M,"Mahindra & Mahindra Ltd
",Mar 2021,Automobiles,interest_coverage,2.0712881022615535,0.03333333333333333
M&M,"Mahindra & Mahindra Ltd
",Mar 2022,Automobiles,interest_coverage,3.564567556795536,0.2
M&M,"Mahindra & Mahindra Ltd
",Mar 2023,Automobiles,interest_coverage,4.158833619210978,0.25555555555555554
M&M,"Mahindra & Mahindra Ltd
",Mar 2024,Automobiles,interest_coverage,3.7646901709401708,0.24444444444444444
M&M,"Mahindra & Mahindra Ltd
",TTM,Automobiles,interest_coverage,3.701295556362756,0.2111111111111111
MARUTI,Maruti Suzuki India Ltd,Mar 2013,Automobiles,interest_coverage,26.050505050505052,0.45555555555555555
MARUTI,Maruti Suzuki India Ltd,Mar 2014,Automobiles,interest_coverage,32.79347826086956,0.4777777777777778
MARUTI,Maruti Suzuki India Ltd,Mar 2015,Automobiles,interest_coverage,35.362385321100916,0.4888888888888889
MARUTI,Maruti Suzuki India Ltd,Mar 2016,Automobiles,interest_coverage,127.90243902439025,0.7444444444444445
MARUTI,Maruti Suzuki India Ltd,Mar 2017,Automobiles,interest_coverage,144.04494382022472,0.7777777777777778
MARUTI,Maruti Suzuki India Ltd,Mar 2018,Automobiles,interest_coverage,41.2514450867052,0.5222222222222223
MARUTI,Maruti Suzuki India Ltd,Mar 2019,Automobiles,interest_coverage,180.52631578947367,0.8333333333333334
MARUTI,Maruti Suzuki India Ltd,Mar 2020,Automobiles,interest_coverage,80.33582089552239,0.6555555555555556
MARUTI,Maruti Suzuki India Ltd,Mar 2021,Automobiles,interest_coverage,82.91176470588235,0.6666666666666666
MARUTI,Maruti Suzuki India Ltd,Mar 2022,Automobiles,interest_coverage,59.94488188976378,0.6111111111111112
MARUTI,Maruti Suzuki India Ltd,Mar 2023,Automobiles,interest_coverage,61.654761904761905,0.6222222222222222
MARUTI,Maruti Suzuki India Ltd,Mar 2024,Automobiles,interest_coverage,117.90721649484536,0.7222222222222222
MARUTI,Maruti Suzuki India Ltd,TTM,Automobiles,interest_coverage,116.83018867924528,0.7
TATAMOTORS,Tata Motors Ltd,Mar 2013,Automobiles,interest_coverage,6.968820224719101,0.3333333333333333
TATAMOTORS,Tata Motors Ltd,Mar 2014,Automobiles,interest_coverage,7.305959149294588,0.34444444444444444
TATAMOTORS,Tata Motors Ltd,Mar 2015,Automobiles,interest_coverage,8.219090722073647,0.4
TATAMOTORS,Tata Motors Ltd,Mar 2016,Automobiles,interest_coverage,7.307220290447944,0.35555555555555557
TATAMOTORS,Tata Motors Ltd,Mar 2017,Automobiles,interest_coverage,7.422840962718263,0.36666666666666664
TATAMOTORS,Tata Motors Ltd,Mar 2018,Automobiles,interest_coverage,7.986117043998291,0.3888888888888889
TATAMOTORS,Tata Motors Ltd,Mar 2019,Automobiles,interest_coverage,-0.35110262198298314,0.011111111111111112
TATAMOTORS,Tata Motors Ltd,Mar 2020,Automobiles,interest_coverage,2.4974458097473424,0.044444444444444446
TATAMOTORS,Tata Motors Ltd,Mar 2021,Automobiles,interest_coverage,2.6144250957144624,0.06666666666666667
TATAMOTORS,Tata Motors Ltd,Mar 2022,Automobiles,interest_coverage,2.9149484536082473,0.1
TATAMOTORS,Tata Motors Ltd,Mar 2023,Automobiles,interest_coverage,3.763325183374083,0.23333333333333334
TATAMOTORS,Tata Motors Ltd,Mar 2024,Automobiles,interest_coverage,6.530242339274985,0.3111111111111111
TATAMOTORS,Tata Motors Ltd,TTM,Automobiles,interest_coverage,7.591222712362855,0.37777777777777777
TVSMOTOR,TVS Motor Company Ltd,Mar 2013,Automobiles,interest_coverage,5.514563106796117,0.3
TVSMOTOR,TVS Motor Company Ltd,Mar 2014,Automobiles,interest_coverage,6.7,0.32222222222222224
TVSMOTOR,TVS Motor Company Ltd,Mar 2015,Automobiles,interest_coverage,11.048387096774194,0.4111111111111111
TVSMOTOR,TVS Motor Company Ltd,Mar 2016,Automobiles,interest_coverage,13.028571428571428,0.4222222222222222
TVSMOTOR,TVS Motor Company Ltd,Mar 2017,Automobiles,interest_coverage,17.233333333333334,0.43333333333333335
TVSMOTOR,TVS Motor Company Ltd,Mar 2018,Automobiles,interest_coverage,4.8579881656804735,0.28888888888888886
TVSMOTOR,TVS Motor Company Ltd,Mar 2019,Automobiles,interest_coverage,3.300150829562594,0.15555555555555556
TVSMOTOR,TVS Motor Company Ltd,Mar 2020,Automobiles,interest_coverage,2.6619883040935672,0.07777777777777778
TVSMOTOR,TVS Motor Company Ltd,Mar 2021,Automobiles,interest_coverage,2.5743473325766173,0.05555555555555555
TVSMOTOR,TVS Motor Company Ltd,Mar 2022,Automobiles,interest_coverage,2.925531914893617,0.1111111111111111
TVSMOTOR,TVS Motor Company Ltd,Mar 2023,Automobiles,interest_coverage,3.04312865497076,0.13333333333333333
TVSMOTOR,TVS Motor Company Ltd,Mar 2024,Automobiles,interest_coverage,2.9076763485477177,0.08888888888888889
TVSMOTOR,TVS Motor Company Ltd,TTM,Automobiles,interest_coverage,3.0450581395348837,0.14444444444444443
BAJAJ-AUTO,Bajaj Auto Ltd,Mar 2013,Automobiles,asset_turnover,1.5840056953013764,0.8554216867469879
BAJAJ-AUTO,Bajaj Auto Ltd,Mar 2014,Automobiles,asset_turnover,1.3154559707342566,0.6987951807228916
BAJAJ-AUTO,Bajaj Auto Ltd,Mar 2015,Automobiles,asset_turnover,1.3525616935988976,0.7590361445783133
BAJAJ-AUTO,Bajaj Auto Ltd,Mar 2016,Automobiles,asset_turnover,1.3093967517401393,0.6626506024096386
BAJAJ-AUTO,Bajaj Auto Ltd,Mar 2017,Automobiles,asset_turnover,1.0054071540807838,0.43373493975903615
BAJAJ-AUTO,Bajaj Auto Ltd,Mar 2018,Automobiles,asset_turnover,1.0027445209021122,0.40963855421686746
BAJAJ-AUTO,Bajaj Auto Ltd,Mar 2019,Automobiles,asset_turnover,1.0528542692654506,0.4819277108433735
BAJAJ-AUTO,Bajaj Auto Ltd,Mar 2020,Automobiles,asset_turnover,1.1285929837797057,0.5301204819277109
BAJAJ-AUTO,Bajaj Auto Ltd,Mar 2021,Automobiles,asset_turnover,0.8255758585798464,0.21686746987951808
BAJAJ-AUTO,Bajaj Auto Ltd,Mar 2022,Automobiles,asset_turnover,0.9440061519182023,0.3493975903614458
BAJAJ-AUTO,Bajaj Auto Ltd,Mar 2023,Automobiles,asset_turnover,1.037539845173042,0.46987951807228917
BAJAJ-AUTO,Bajaj Auto Ltd,Mar 2024,Automobiles,asset_turnover,1.1404534363562424,0.5421686746987951
BAJAJ-AUTO,Bajaj Auto Ltd,TTM,Automobiles,asset_turnover,,
EICHERMOT,Eicher Motors Ltd,Dec 2012,Automobiles,asset_turnover,1.4292104674569448,0.8072289156626506
EICHERMOT,Eicher Motors Ltd,Dec 2013,Automobiles,asset_turnover,1.2759977515458123,0.6506024096385542
EICHERMOT,Eicher Motors Ltd,Dec 2014,Automobiles,asset_turnover,1.3646728096204903,0.7710843373493976
EICHERMOT,Eicher Motors Ltd,Mar 2016,Automobiles,asset_turnover,1.2498481473982588,0.6385542168674698
EICHERMOT,Eicher Motors Ltd,Mar 2017,Automobiles,asset_turnover,1.003424168925667,0.42168674698795183
EICHERMOT,Eicher Motors Ltd,Mar 2018,Automobiles,asset_turnover,0.9415038857382902,0.3373493975903614
EICHERMOT,Eicher Motors Ltd,Mar 2019,Automobiles,asset_turnover,0.8603670852726794,0.25301204819277107
EICHERMOT,Eicher Motors Ltd,Mar 2020,Automobiles,asset_turnover,0.7352610441767068,0.14457831325301204
EICHERMOT,Eicher Motors Ltd,Mar 2021,Automobiles,asset_turnover,0.5989422350436157,0.07228915662650602
EICHERMOT,Eicher Motors Ltd,Mar 2022,Automobiles,asset_turnover,0.6380421313506816,0.08433734939759036
EICHERMOT,Eicher Motors Ltd,Mar 2023,Automobiles,asset_turnover,0.7522658610271903,0.1686746987951807
EICHERMOT,Eicher Motors Ltd,Mar 2024,Automobiles,asset_turnover,0.7153796236210254,0.12048192771084337
EICHERMOT,Eicher Motors Ltd,TTM,Automobiles,asset_turnover,,
HEROMOTOCO,"Hero MotoCorp Ltd
",Mar 2014,Automobiles,asset_turnover,2.497036158861885,0.9879518072289156
HEROMOTOCO,"Hero MotoCorp Ltd
",Mar 2015,Automobiles,asset_turnover,2.5847568988173455,1.0
HEROMOTOCO,"Hero MotoCorp Ltd
",Mar 2016,Automobiles,asset_turnover,2.2066532258064515,0.927710843373494
HEROMOTOCO,"Hero MotoCorp Ltd
",Mar 2017,Automobiles,asset_turnover,1.8684691745036572,0.9036144578313253
HEROMOTOCO,"Hero MotoCorp Ltd
",Mar 2018,Automobiles,asset_turnover,1.8657239753980572,0.891566265060241
HEROMOTOCO,"Hero MotoCorp Ltd
",Mar 2019,Automobiles,asset_turnover,1.8358733246865542,0.8795180722891566
HEROMOTOCO,"Hero MotoCorp Ltd
",Mar 2020,Automobiles,asset_turnover,1.4869370743112738,0.8433734939759037
HEROMOTOCO,"Hero MotoCorp Ltd
",Mar 2021,Automobiles,asset_turnover,1.3404485625216487,0.7228915662650602
HEROMOTOCO,"Hero MotoCorp Ltd
",Mar 2022,Automobiles,asset_turnover,1.314663226265682,0.6867469879518072
HEROMOTOCO,"Hero MotoCorp Ltd
",Mar 2023,Automobiles,asset_turnover,1.4281891541581302,0.7951807228915663
HEROMOTOCO,"Hero MotoCorp Ltd
",Mar 2024,Automobiles,asset_turnover,1.4449202768324858,0.8192771084337349
HEROMOTOCO,"Hero MotoCorp Ltd
",TTM,Automobiles,asset_turnover,,
M&M,"Mahindra & Mahindra Ltd
",Mar 2013,Automobiles,asset_turnover,0.9022999829241701,0.2891566265060241
M&M,"Mahindra & Mahindra Ltd
",Mar 2014,Automobiles,asset_turnover,0.8419825006542343,0.2289156626506024
M&M,"Mahindra & Mahindra Ltd
",Mar 2015,Automobiles,asset_turnover,0.7570568788675087,0.18072289156626506
M&M,"Mahindra & Mahindra Ltd
",Mar 2016,Automobiles,asset_turnover,0.7595341104835156,0.1927710843373494
M&M,"Mahindra & Mahindra Ltd
",Mar 2017,Automobiles,asset_turnover,0.7359160187991391,0.1566265060240964
M&M,"Mahindra & Mahindra Ltd
",Mar 2018,Automobiles,asset_turnover,0.675329437042143,0.10843373493975904
M&M,"Mahindra & Mahindra Ltd
",Mar 2019,Automobiles,asset_turnover,0.6468691510850026,0.0963855421686747
M&M,"Mahindra & Mahindra Ltd
",Mar 2020,Automobiles,asset_turnover,0.4548866735861353,0.024096385542168676
M&M,"Mahindra & Mahindra Ltd
",Mar 2021,Automobiles,asset_turnover,0.45025701954318414,0.012048192771084338
M&M,"Mahindra & Mahindra Ltd
",Mar 2022,Automobiles,asset_turnover,0.5230700512796714,0.03614457831325301
M&M,"Mahindra & Mahindra Ltd
",Mar 2023,Automobiles,asset_turnover,0.5936323629474797,0.060240963855421686
M&M,"Mahindra & Mahindra Ltd
",Mar 2024,Automobiles,asset_turnover,0.5925222177725139,0.04819277108433735
M&M,"Mahindra & Mahindra Ltd
",TTM,Automobiles,asset_turnover,,
MARUTI,Maruti Suzuki India Ltd,Mar 2013,Automobiles,asset_turnover,1.6100592361085875,0.8674698795180723
MARUTI,Maruti Suzuki India Ltd,Mar 2014,Automobiles,asset_turnover,1.4151099250222392,0.7831325301204819
MARUTI,Maruti Suzuki India Ltd,Mar 2015,Automobiles,asset_turnover,1.4734750703367463,0.8313253012048193
MARUTI,Maruti Suzuki India Ltd,Mar 2016,Automobiles,asset_turnover,1.347867808828348,0.7469879518072289
MARUTI,Maruti Suzuki India Ltd,Mar 2017,Automobiles,asset_turnover,1.3103348729792148,0.6746987951807228
MARUTI,Maruti Suzuki India Ltd,Mar 2018,Automobiles,asset_turnover,1.32467467799761,0.7108433734939759
MARUTI,Maruti Suzuki India Ltd,Mar 2019,Automobiles,asset_turnover,1.345464209226344,0.7349397590361446
MARUTI,Maruti Suzuki India Ltd,Mar 2020,Automobiles,asset_turnover,1.1890991387439491,0.5903614457831325
MARUTI,Maruti Suzuki India Ltd,Mar 2021,Automobiles,asset_turnover,0.985933647164313,0.37349397590361444
MARUTI,Maruti Suzuki India Ltd,Mar 2022,Automobiles,asset_turnover,1.1831600942991856,0.5662650602409639
MARUTI,Maruti Suzuki India Ltd,Mar 2023,Automobiles,asset_turnover,1.1828461830459713,0.5542168674698795
MARUTI,Maruti Suzuki India Ltd,Mar 2024,Automobiles,asset_turnover,1.230295566502463,0.6144578313253012
MARUTI,Maruti Suzuki India Ltd,TTM,Automobiles,asset_turnover,,
TATAMOTORS,Tata Motors Ltd,Mar 2013,Automobiles,asset_turnover,1.1215647834610587,0.5180722891566265
TATAMOTORS,Tata Motors Ltd,Mar 2014,Automobiles,asset_turnover,1.0659628432512613,0.4939759036144578
TATAMOTORS,Tata Motors Ltd,Mar 2015,Automobiles,asset_turnover,1.10890167077513,0.5060240963855421
TATAMOTORS,Tata Motors Ltd,Mar 2016,Automobiles,asset_turnover,1.0374718827892273,0.4578313253012048
TATAMOTORS,Tata Motors Ltd,Mar 2017,Automobiles,asset_turnover,0.9894086139848852,0.39759036144578314
TATAMOTORS,Tata Motors Ltd,Mar 2018,Automobiles,asset_turnover,0.8910670187535148,0.27710843373493976
TATAMOTORS,Tata Motors Ltd,Mar 2019,Automobiles,asset_turnover,0.9876841247877842,0.3855421686746988
TATAMOTORS,Tata Motors Ltd,Mar 2020,Automobiles,asset_turnover,0.8153813960315949,0.20481927710843373
TATAMOTORS,Tata Motors Ltd,Mar 2021,Automobiles,asset_turnover,0.7313142254881869,0.13253012048192772
TATAMOTORS,Tata Motors Ltd,Mar 2022,Automobiles,asset_turnover,0.846207845961691,0.24096385542168675
TATAMOTORS,Tata Motors Ltd,Mar 2023,Automobiles,asset_turnover,1.0337432845097019,0.4457831325301205
TATAMOTORS,Tata Motors Ltd,Mar 2024,Automobiles,asset_turnover,1.1851234435931923,0.5783132530120482
TATAMOTORS,Tata Motors Ltd,TTM,Automobiles,asset_turnover,,
TVSMOTOR,TVS Motor Company Ltd,Mar 2013,Automobiles,asset_turnover,2.2212363206152026,0.9518072289156626
TVSMOTOR,TVS Motor Company Ltd,Mar 2014,Automobiles,asset_turnover,2.3083700440528636,0.9759036144578314
TVSMOTOR,TVS Motor Company Ltd,Mar 2015,Automobiles,asset_turnover,2.2442013129102847,0.963855421686747
TVSMOTOR,TVS Motor Company Ltd,Mar 2016,Automobiles,asset_turnover,2.210843373493976,0.9397590361445783
TVSMOTOR,TVS Motor Company Ltd,Mar 2017,Automobiles,asset_turnover,2.033779373368146,0.9156626506024096
TVSMOTOR,TVS Motor Company Ltd,Mar 2018,Automobiles,asset_turnover,1.238817285822593,0.6265060240963856
TVSMOTOR,TVS Motor Company Ltd,Mar 2019,Automobiles,asset_turnover,1.2074748442740777,0.6024096385542169
TVSMOTOR,TVS Motor Company Ltd,Mar 2020,Automobiles,asset_turnover,0.9780510585305106,0.3614457831325301
TVSMOTOR,TVS Motor Company Ltd,Mar 2021,Automobiles,asset_turnover,0.8882231877429683,0.26506024096385544
TVSMOTOR,TVS Motor Company Ltd,Mar 2022,Automobiles,asset_turnover,0.9047512909097664,0.30120481927710846
TVSMOTOR,TVS Motor Company Ltd,Mar 2023,Automobiles,asset_turnover,0.9128907922912206,0.3132530120481928
TVSMOTOR,TVS Motor Company Ltd,Mar 2024,Automobiles,asset_turnover,0.931491528650295,0.3253012048192771
TVSMOTOR,TVS Motor Company Ltd,TTM,Automobiles,asset_turnover,,
BAJAJ-AUTO,Bajaj Auto Ltd,Mar 2013,Automobiles,free_cash_flow_cr,824.0,0.5180722891566265
BAJAJ-AUTO,Bajaj Auto Ltd,Mar 2014,Automobiles,free_cash_flow_cr,1430.0,0.6265060240963856
BAJAJ-AUTO,Bajaj Auto Ltd,Mar 2015,Automobiles,free_cash_flow_cr,1734.0,0.6626506024096386
BAJAJ-AUTO,Bajaj Auto Ltd,Mar 2016,Automobiles,free_cash_flow_cr,3622.0,0.8795180722891566
BAJAJ-AUTO,Bajaj Auto Ltd,Mar 2017,Automobiles,free_cash_flow_cr,-343.0,0.2891566265060241
BAJAJ-AUTO,Bajaj Auto Ltd,Mar 2018,Automobiles,free_cash_flow_cr,2374.0,0.7951807228915663
BAJAJ-AUTO,Bajaj Auto Ltd,Mar 2019,Automobiles,free_cash_flow_cr,2214.0,0.7590361445783133
BAJAJ-AUTO,Bajaj Auto Ltd,Mar 2020,Automobiles,free_cash_flow_cr,5616.0,0.9156626506024096
BAJAJ-AUTO,Bajaj Auto Ltd,Mar 2021,Automobiles,free_cash_flow_cr,251.0,0.42168674698795183
BAJAJ-AUTO,Bajaj Auto Ltd,Mar 2022,Automobiles,free_cash_flow_cr,4473.0,0.891566265060241
BAJAJ-AUTO,Bajaj Auto Ltd,Mar 2023,Automobiles,free_cash_flow_cr,6488.0,0.9518072289156626
BAJAJ-AUTO,Bajaj Auto Ltd,Mar 2024,Automobiles,free_cash_flow_cr,6486.0,0.9397590361445783
BAJAJ-AUTO,Bajaj Auto Ltd,TTM,Automobiles,free_cash_flow_cr,,
EICHERMOT,Eicher Motors Ltd,Dec 2012,Automobiles,free_cash_flow_cr,-277.0,0.3132530120481928
EICHERMOT,Eicher Motors Ltd,Dec 2013,Automobiles,free_cash_flow_cr,-74.0,0.3373493975903614
EICHERMOT,Eicher Motors Ltd,Dec 2014,Automobiles,free_cash_flow_cr,-167.0,0.3253012048192771
EICHERMOT,Eicher Motors Ltd,Mar 2016,Automobiles,free_cash_flow_cr,462.0,0.4939759036144578
EICHERMOT,Eicher Motors Ltd,Mar 2017,Automobiles,free_cash_flow_cr,-36.0,0.3493975903614458
EICHERMOT,Eicher Motors Ltd,Mar 2018,Automobiles,free_cash_flow_cr,337.0,0.4578313253012048
EICHERMOT,Eicher Motors Ltd,Mar 2019,Automobiles,free_cash_flow_cr,915.0,0.5421686746987951
EICHERMOT,Eicher Motors Ltd,Mar 2020,Automobiles,free_cash_flow_cr,186.0,0.39759036144578314
EICHERMOT,Eicher Motors Ltd,Mar 2021,Automobiles,free_cash_flow_cr,66.0,0.3855421686746988
EICHERMOT,Eicher Motors Ltd,Mar 2022,Automobiles,free_cash_flow_cr,544.0,0.5060240963855421
EICHERMOT,Eicher Motors Ltd,Mar 2023,Automobiles,free_cash_flow_cr,426.0,0.4819277108433735
EICHERMOT,Eicher Motors Ltd,Mar 2024,Automobiles,free_cash_flow_cr,890.0,0.5301204819277109
EICHERMOT,Eicher Motors Ltd,TTM,Automobiles,free_cash_flow_cr,,
HEROMOTOCO,"Hero MotoCorp Ltd
",Mar 2014,Automobiles,free_cash_flow_cr,1347.0,0.6024096385542169
HEROMOTOCO,"Hero MotoCorp Ltd
",Mar 2015,Automobiles,free_cash_flow_cr,2217.0,0.7710843373493976
HEROMOTOCO,"Hero MotoCorp Ltd
",Mar 2016,Automobiles,free_cash_flow_cr,1422.0,0.6144578313253012
HEROMOTOCO,"Hero MotoCorp Ltd
",Mar 2017,Automobiles,free_cash_flow_cr,2035.0,0.7228915662650602
HEROMOTOCO,"Hero MotoCorp Ltd
",Mar 2018,Automobiles,free_cash_flow_cr,2159.0,0.7349397590361446
HEROMOTOCO,"Hero MotoCorp Ltd
",Mar 2019,Automobiles,free_cash_flow_cr,2330.0,0.7831325301204819
HEROMOTOCO,"Hero MotoCorp Ltd
",Mar 2020,Automobiles,free_cash_flow_cr,2699.0,0.8072289156626506
HEROMOTOCO,"Hero MotoCorp Ltd
",Mar 2021,Automobiles,free_cash_flow_cr,1821.0,0.6746987951807228
HEROMOTOCO,"Hero MotoCorp Ltd
",Mar 2022,Automobiles,free_cash_flow_cr,1882.0,0.6867469879518072
HEROMOTOCO,"Hero MotoCorp Ltd
",Mar 2023,Automobiles,free_cash_flow_cr,2193.0,0.7469879518072289
HEROMOTOCO,"Hero MotoCorp Ltd
",Mar 2024,Automobiles,free_cash_flow_cr,3095.0,0.8433734939759037
HEROMOTOCO,"Hero MotoCorp Ltd
",TTM,Automobiles,free_cash_flow_cr,,
M&M,"Mahindra & Mahindra Ltd
",Mar 2013,Automobiles,free_cash_flow_cr,-3825.0,0.13253012048192772
M&M,"Mahindra & Mahindra Ltd
",Mar 2014,Automobiles,free_cash_flow_cr,-4768.0,0.12048192771084337
M&M,"Mahindra & Mahindra Ltd
",Mar 2015,Automobiles,free_cash_flow_cr,-3302.0,0.14457831325301204
M&M,"Mahindra & Mahindra Ltd
",Mar 2016,Automobiles,free_cash_flow_cr,-3121.0,0.1566265060240964
M&M,"Mahindra & Mahindra Ltd
",Mar 2017,Automobiles,free_cash_flow_cr,-5692.0,0.0963855421686747
M&M,"Mahindra & Mahindra Ltd
",Mar 2018,Automobiles,free_cash_flow_cr,-4785.0,0.10843373493975904
M&M,"Mahindra & Mahindra Ltd
",Mar 2019,Automobiles,free_cash_flow_cr,-11521.0,0.024096385542168676
M&M,"Mahindra & Mahindra Ltd
",Mar 2020,Automobiles,free_cash_flow_cr,-8327.0,0.060240963855421686
M&M,"Mahindra & Mahindra Ltd
",Mar 2021,Automobiles,free_cash_flow_cr,-1777.0,0.21686746987951808
M&M,"Mahindra & Mahindra Ltd
",Mar 2022,Automobiles,free_cash_flow_cr,5996.0,0.927710843373494
M&M,"Mahindra & Mahindra Ltd
",Mar 2023,Automobiles,free_cash_flow_cr,-15940.0,0.012048192771084338
M&M,"Mahindra & Mahindra Ltd
",Mar 2024,Automobiles,free_cash_flow_cr,-11245.0,0.03614457831325301
M&M,"Mahindra & Mahindra Ltd
",TTM,Automobiles,free_cash_flow_cr,,
MARUTI,Maruti Suzuki India Ltd,Mar 2013,Automobiles,free_cash_flow_cr,940.0,0.5542168674698795
MARUTI,Maruti Suzuki India Ltd,Mar 2014,Automobiles,free_cash_flow_cr,-2.0,0.37349397590361444
MARUTI,Maruti Suzuki India Ltd,Mar 2015,Automobiles,free_cash_flow_cr,1958.0,0.6987951807228916
MARUTI,Maruti Suzuki India Ltd,Mar 2016,Automobiles,free_cash_flow_cr,1252.0,0.5903614457831325
MARUTI,Maruti Suzuki India Ltd,Mar 2017,Automobiles,free_cash_flow_cr,1109.0,0.5662650602409639
MARUTI,Maruti Suzuki India Ltd,Mar 2018,Automobiles,free_cash_flow_cr,3486.0,0.8674698795180723
MARUTI,Maruti Suzuki India Ltd,Mar 2019,Automobiles,free_cash_flow_cr,3061.0,0.8313253012048193
MARUTI,Maruti Suzuki India Ltd,Mar 2020,Automobiles,free_cash_flow_cr,2939.0,0.8192771084337349
MARUTI,Maruti Suzuki India Ltd,Mar 2021,Automobiles,free_cash_flow_cr,1565.0,0.6385542168674698
MARUTI,Maruti Suzuki India Ltd,Mar 2022,Automobiles,free_cash_flow_cr,1601.0,0.6506024096385542
MARUTI,Maruti Suzuki India Ltd,Mar 2023,Automobiles,free_cash_flow_cr,1995.0,0.7108433734939759
MARUTI,Maruti Suzuki India Ltd,Mar 2024,Automobiles,free_cash_flow_cr,4936.0,0.9036144578313253
MARUTI,Maruti Suzuki India Ltd,TTM,Automobiles,free_cash_flow_cr,,
TATAMOTORS,Tata Motors Ltd,Mar 2013,Automobiles,free_cash_flow_cr,-806.0,0.24096385542168675
TATAMOTORS,Tata Motors Ltd,Mar 2014,Automobiles,free_cash_flow_cr,8160.0,0.963855421686747
TATAMOTORS,Tata Motors Ltd,Mar 2015,Automobiles,free_cash_flow_cr,-701.0,0.27710843373493976
TATAMOTORS,Tata Motors Ltd,Mar 2016,Automobiles,free_cash_flow_cr,1206.0,0.5783132530120482
TATAMOTORS,Tata Motors Ltd,Mar 2017,Automobiles,free_cash_flow_cr,-9372.0,0.04819277108433735
TATAMOTORS,Tata Motors Ltd,Mar 2018,Automobiles,free_cash_flow_cr,-1282.0,0.2289156626506024
TATAMOTORS,Tata Motors Ltd,Mar 2019,Automobiles,free_cash_flow_cr,-1987.0,0.20481927710843373
TATAMOTORS,Tata Motors Ltd,Mar 2020,Automobiles,free_cash_flow_cr,-6482.0,0.07228915662650602
TATAMOTORS,Tata Motors Ltd,Mar 2021,Automobiles,free_cash_flow_cr,3329.0,0.8554216867469879
TATAMOTORS,Tata Motors Ltd,Mar 2022,Automobiles,free_cash_flow_cr,9839.0,0.9759036144578314
TATAMOTORS,Tata Motors Ltd,Mar 2023,Automobiles,free_cash_flow_cr,19971.0,0.9879518072289156
TATAMOTORS,Tata Motors Ltd,Mar 2024,Automobiles,free_cash_flow_cr,45133.0,1.0
TATAMOTORS,Tata Motors Ltd,TTM,Automobiles,free_cash_flow_cr,,
TVSMOTOR,TVS Motor Company Ltd,Mar 2013,Automobiles,free_cash_flow_cr,344.0,0.46987951807228917
TVSMOTOR,TVS Motor Company Ltd,Mar 2014,Automobiles,free_cash_flow_cr,235.0,0.40963855421686746
TVSMOTOR,TVS Motor Company Ltd,Mar 2015,Automobiles,free_cash_flow_cr,-332.0,0.30120481927710846
TVSMOTOR,TVS Motor Company Ltd,Mar 2016,Automobiles,free_cash_flow_cr,331.0,0.4457831325301205
TVSMOTOR,TVS Motor Company Ltd,Mar 2017,Automobiles,free_cash_flow_cr,-20.0,0.3614457831325301
TVSMOTOR,TVS Motor Company Ltd,Mar 2018,Automobiles,free_cash_flow_cr,-741.0,0.25301204819277107
TVSMOTOR,TVS Motor Company Ltd,Mar 2019,Automobiles,free_cash_flow_cr,-2022.0,0.1927710843373494
TVSMOTOR,TVS Motor Company Ltd,Mar 2020,Automobiles,free_cash_flow_cr,-717.0,0.26506024096385544
TVSMOTOR,TVS Motor Company Ltd,Mar 2021,Automobiles,free_cash_flow_cr,269.0,0.43373493975903615
TVSMOTOR,TVS Motor Company Ltd,Mar 2022,Automobiles,free_cash_flow_cr,-3046.0,0.1686746987951807
TVSMOTOR,TVS Motor Company Ltd,Mar 2023,Automobiles,free_cash_flow_cr,-5713.0,0.08433734939759036
TVSMOTOR,TVS Motor Company Ltd,Mar 2024,Automobiles,free_cash_flow_cr,-2254.0,0.18072289156626506
TVSMOTOR,TVS Motor Company Ltd,TTM,Automobiles,free_cash_flow_cr,,
AXISBANK,Axis Bank Ltd,Mar 2013,Private Banks,return_on_equity_pct,15.6191567645817,0.7833333333333333
AXISBANK,Axis Bank Ltd,Mar 2014,Private Banks,return_on_equity_pct,16.194395249505156,0.8333333333333334
AXISBANK,Axis Bank Ltd,Mar 2015,Private Banks,return_on_equity_pct,16.369663396293575,0.85
AXISBANK,Axis Bank Ltd,Mar 2016,Private Banks,return_on_equity_pct,15.355029033402415,0.7166666666666667
AXISBANK,Axis Bank Ltd,Mar 2017,Private Banks,return_on_equity_pct,6.525363604114934,0.08333333333333333
AXISBANK,Axis Bank Ltd,Mar 2018,Private Banks,return_on_equity_pct,0.42985967262136526,0.016666666666666666
AXISBANK,Axis Bank Ltd,Mar 2019,Private Banks,return_on_equity_pct,6.898026606884752,0.11666666666666667
AXISBANK,Axis Bank Ltd,Mar 2020,Private Banks,return_on_equity_pct,1.8844104702339586,0.03333333333333333
AXISBANK,Axis Bank Ltd,Mar 2021,Private Banks,return_on_equity_pct,6.359441666505782,0.06666666666666667
AXISBANK,Axis Bank Ltd,Mar 2022,Private Banks,return_on_equity_pct,11.01377461716035,0.23333333333333334
AXISBANK,Axis Bank Ltd,Mar 2023,Private Banks,return_on_equity_pct,7.381666037401469,0.13333333333333333
AXISBANK,Axis Bank Ltd,Mar 2024,Private Banks,return_on_equity_pct,15.832712405189048,0.8
AXISBANK,Axis Bank Ltd,TTM,Private Banks,return_on_equity_pct,,
HDFCBANK,HDFC Bank Ltd,Mar 2013,Private Banks,return_on_equity_pct,18.838523046693776,0.9833333333333333
HDFCBANK,HDFC Bank Ltd,Mar 2014,Private Banks,return_on_equity_pct,19.851925645844183,1.0
HDFCBANK,HDFC Bank Ltd,Mar 2015,Private Banks,return_on_equity_pct,16.947461760141874,0.9333333333333333
HDFCBANK,HDFC Bank Ltd,Mar 2016,Private Banks,return_on_equity_pct,17.25479112833764,0.95
HDFCBANK,HDFC Bank Ltd,Mar 2017,Private Banks,return_on_equity_pct,16.686275791446064,0.8833333333333333
HDFCBANK,HDFC Bank Ltd,Mar 2018,Private Banks,return_on_equity_pct,16.935373497933377,0.9166666666666666
HDFCBANK,HDFC Bank Ltd,Mar 2019,Private Banks,return_on_equity_pct,14.60633943503413,0.6
HDFCBANK,HDFC Bank Ltd,Mar 2020,Private Banks,return_on_equity_pct,15.477608047267491,0.75
HDFCBANK,HDFC Bank Ltd,Mar 2021,Private Banks,return_on_equity_pct,15.183737667413375,0.6666666666666666
HDFCBANK,HDFC Bank Ltd,Mar 2022,Private Banks,return_on_equity_pct,15.425327602728373,0.7333333333333333
HDFCBANK,HDFC Bank Ltd,Mar 2023,Private Banks,return_on_equity_pct,15.944347321360706,0.8166666666666667
HDFCBANK,HDFC Bank Ltd,Mar 2024,Private Banks,return_on_equity_pct,14.33974005030719,0.5666666666666667
HDFCBANK,HDFC Bank Ltd,TTM,Private Banks,return_on_equity_pct,,
ICICIBANK,ICICI Bank Ltd,Mar 2013,Private Banks,return_on_equity_pct,14.731759812689965,0.6333333333333333
ICICIBANK,ICICI Bank Ltd,Mar 2014,Private Banks,return_on_equity_pct,15.278032186314276,0.6833333333333333
ICICIBANK,ICICI Bank Ltd,Mar 2015,Private Banks,return_on_equity_pct,15.278909155303703,0.7
ICICIBANK,ICICI Bank Ltd,Mar 2016,Private Banks,return_on_equity_pct,11.610757509749126,0.25
ICICIBANK,ICICI Bank Ltd,Mar 2017,Private Banks,return_on_equity_pct,10.837984555394144,0.21666666666666667
ICICIBANK,ICICI Bank Ltd,Mar 2018,Private Banks,return_on_equity_pct,8.225616921269095,0.15
ICICIBANK,ICICI Bank Ltd,Mar 2019,Private Banks,return_on_equity_pct,4.979300324717951,0.05
ICICIBANK,ICICI Bank Ltd,Mar 2020,Private Banks,return_on_equity_pct,9.128985035783995,0.16666666666666666
ICICIBANK,ICICI Bank Ltd,Mar 2021,Private Banks,return_on_equity_pct,12.922385729787356,0.4
ICICIBANK,ICICI Bank Ltd,Mar 2022,Private Banks,return_on_equity_pct,14.577073709304432,0.5833333333333334
ICICIBANK,ICICI Bank Ltd,Mar 2023,Private Banks,return_on_equity_pct,16.53208887728557,0.8666666666666667
ICICIBANK,ICICI Bank Ltd,Mar 2024,Private Banks,return_on_equity_pct,17.99027109750765,0.9666666666666667
ICICIBANK,ICICI Bank Ltd,TTM,Private Banks,return_on_equity_pct,,
INDUSINDBK,IndusInd Bank Ltd,Mar 2013,Private Banks,return_on_equity_pct,13.905635648754917,0.5
INDUSINDBK,IndusInd Bank Ltd,Mar 2014,Private Banks,return_on_equity_pct,15.570054185557892,0.7666666666666667
INDUSINDBK,IndusInd Bank Ltd,Mar 2015,Private Banks,return_on_equity_pct,16.85456595264938,0.9
INDUSINDBK,IndusInd Bank Ltd,Mar 2016,Private Banks,return_on_equity_pct,12.918173598553345,0.38333333333333336
INDUSINDBK,IndusInd Bank Ltd,Mar 2017,Private Banks,return_on_equity_pct,13.891310665504214,0.48333333333333334
INDUSINDBK,IndusInd Bank Ltd,Mar 2018,Private Banks,return_on_equity_pct,15.125204479677864,0.65
INDUSINDBK,IndusInd Bank Ltd,Mar 2019,Private Banks,return_on_equity_pct,12.369781908116616,0.2833333333333333
INDUSINDBK,IndusInd Bank Ltd,Mar 2020,Private Banks,return_on_equity_pct,12.729420577981386,0.35
INDUSINDBK,IndusInd Bank Ltd,Mar 2021,Private Banks,return_on_equity_pct,6.5398362734924484,0.1
INDUSINDBK,IndusInd Bank Ltd,Mar 2022,Private Banks,return_on_equity_pct,9.667071994632899,0.18333333333333332
INDUSINDBK,IndusInd Bank Ltd,Mar 2023,Private Banks,return_on_equity_pct,13.5293471495002,0.4666666666666667
INDUSINDBK,IndusInd Bank Ltd,Mar 2024,Private Banks,return_on_equity_pct,14.252273197764223,0.55
INDUSINDBK,IndusInd Bank Ltd,TTM,Private Banks,return_on_equity_pct,,
KOTAKBANK,"Kotak Mahindra Bank Ltd
",Mar 2013,Private Banks,return_on_equity_pct,14.659068579288661,0.6166666666666667
KOTAKBANK,"Kotak Mahindra Bank Ltd
",Mar 2014,Private Banks,return_on_equity_pct,13.241458813665899,0.43333333333333335
KOTAKBANK,"Kotak Mahindra Bank Ltd
",Mar 2015,Private Banks,return_on_equity_pct,14.014262502256724,0.5333333333333333
KOTAKBANK,"Kotak Mahindra Bank Ltd
",Mar 2016,Private Banks,return_on_equity_pct,10.562282699916077,0.2
KOTAKBANK,"Kotak Mahindra Bank Ltd
",Mar 2017,Private Banks,return_on_equity_pct,13.03907305414112,0.4166666666666667
KOTAKBANK,"Kotak Mahindra Bank Ltd
",Mar 2018,Private Banks,return_on_equity_pct,12.395024560291553,0.3
KOTAKBANK,"Kotak Mahindra Bank Ltd
",Mar 2019,Private Banks,return_on_equity_pct,12.467766220729997,0.31666666666666665
KOTAKBANK,"Kotak Mahindra Bank Ltd
",Mar 2020,Private Banks,return_on_equity_pct,12.89523838107958,0.36666666666666664
KOTAKBANK,"Kotak Mahindra Bank Ltd
",Mar 2021,Private Banks,return_on_equity_pct,11.845053889659587,0.26666666666666666
KOTAKBANK,"Kotak Mahindra Bank Ltd
",Mar 2022,Private Banks,return_on_equity_pct,12.50607769099467,0.3333333333333333
KOTAKBANK,"Kotak Mahindra Bank Ltd
",Mar 2023,Private Banks,return_on_equity_pct,13.348060171356002,0.45
KOTAKBANK,"Kotak Mahindra Bank Ltd
",Mar 2024,Private Banks,return_on_equity_pct,14.013018188532914,0.5166666666666667
KOTAKBANK,"Kotak Mahindra Bank Ltd
",TTM,Private Banks,return_on_equity_pct,,
AXISBANK,Axis Bank Ltd,Mar 2013,Private Banks,net_profit_margin_pct,19.05234889452967,0.3230769230769231
AXISBANK,Axis Bank Ltd,Mar 2014,Private Banks,net_profit_margin_pct,20.293071374955126,0.4307692307692308
AXISBANK,Axis Bank Ltd,Mar 2015,Private Banks,net_profit_margin_pct,20.739028721215366,0.5076923076923077
AXISBANK,Axis Bank Ltd,Mar 2016,Private Banks,net_profit_margin_pct,20.064409095344978,0.4153846153846154
AXISBANK,Axis Bank Ltd,Mar 2017,Private Banks,net_profit_margin_pct,8.259620133806294,0.06153846153846154
AXISBANK,Axis Bank Ltd,Mar 2018,Private Banks,net_profit_margin_pct,0.6028833551769331,0.015384615384615385
AXISBANK,Axis Bank Ltd,Mar 2019,Private Banks,net_profit_margin_pct,8.505801476739535,0.07692307692307693
AXISBANK,Axis Bank Ltd,Mar 2020,Private Banks,net_profit_margin_pct,2.5975892073122058,0.03076923076923077
AXISBANK,Axis Bank Ltd,Mar 2021,Private Banks,net_profit_margin_pct,10.400025258106274,0.1076923076923077
AXISBANK,Axis Bank Ltd,Mar 2022,Private Banks,net_profit_margin_pct,19.33152262641554,0.36923076923076925
AXISBANK,Axis Bank Ltd,Mar 2023,Private Banks,net_profit_margin_pct,11.248884505189986,0.12307692307692308
AXISBANK,Axis Bank Ltd,Mar 2024,Private Banks,net_profit_margin_pct,22.73130411725443,0.6923076923076923
AXISBANK,Axis Bank Ltd,TTM,Private Banks,net_profit_margin_pct,21.86824024730853,0.6153846153846154
HDFCBANK,HDFC Bank Ltd,Mar 2013,Private Banks,net_profit_margin_pct,19.249323777920306,0.3384615384615385
HDFCBANK,HDFC Bank Ltd,Mar 2014,Private Banks,net_profit_margin_pct,20.60392433321584,0.47692307692307695
HDFCBANK,HDFC Bank Ltd,Mar 2015,Private Banks,net_profit_margin_pct,21.12462006079027,0.5692307692307692
HDFCBANK,HDFC Bank Ltd,Mar 2016,Private Banks,net_profit_margin_pct,20.298597257844907,0.4461538461538462
HDFCBANK,HDFC Bank Ltd,Mar 2017,Private Banks,net_profit_margin_pct,20.904587080836894,0.5384615384615384
HDFCBANK,HDFC Bank Ltd,Mar 2018,Private Banks,net_profit_margin_pct,21.76273332708001,0.6
HDFCBANK,HDFC Bank Ltd,Mar 2019,Private Banks,net_profit_margin_pct,21.34441475451926,0.5846153846153846
HDFCBANK,HDFC Bank Ltd,Mar 2020,Private Banks,net_profit_margin_pct,22.339163099788035,0.6461538461538462
HDFCBANK,HDFC Bank Ltd,Mar 2021,Private Banks,net_profit_margin_pct,24.78141141328023,0.8
HDFCBANK,HDFC Bank Ltd,Mar 2022,Private Banks,net_profit_margin_pct,28.06541313559322,0.8769230769230769
HDFCBANK,HDFC Bank Ltd,Mar 2023,Private Banks,net_profit_margin_pct,27.026599669700268,0.8461538461538461
HDFCBANK,HDFC Bank Ltd,Mar 2024,Private Banks,net_profit_margin_pct,23.07288232992184,0.7230769230769231
HDFCBANK,HDFC Bank Ltd,TTM,Private Banks,net_profit_margin_pct,21.934095592391998,0.6307692307692307
ICICIBANK,ICICI Bank Ltd,Mar 2013,Private Banks,net_profit_margin_pct,22.568786899855187,0.676923076923077
ICICIBANK,ICICI Bank Ltd,Mar 2014,Private Banks,net_profit_margin_pct,23.599911073384668,0.7692307692307693
ICICIBANK,ICICI Bank Ltd,Mar 2015,Private Banks,net_profit_margin_pct,23.546321228440434,0.7538461538461538
ICICIBANK,ICICI Bank Ltd,Mar 2016,Private Banks,net_profit_margin_pct,18.428508786723782,0.27692307692307694
ICICIBANK,ICICI Bank Ltd,Mar 2017,Private Banks,net_profit_margin_pct,18.608467344929437,0.3076923076923077
ICICIBANK,ICICI Bank Ltd,Mar 2018,Private Banks,net_profit_margin_pct,14.63916862391815,0.15384615384615385
ICICIBANK,ICICI Bank Ltd,Mar 2019,Private Banks,net_profit_margin_pct,7.903364730071407,0.046153846153846156
ICICIBANK,ICICI Bank Ltd,Mar 2020,Private Banks,net_profit_margin_pct,13.231411193361309,0.13846153846153847
ICICIBANK,ICICI Bank Ltd,Mar 2021,Private Banks,net_profit_margin_pct,22.83907001783251,0.7076923076923077
ICICIBANK,ICICI Bank Ltd,Mar 2022,Private Banks,net_profit_margin_pct,27.815569088222038,0.8615384615384616
ICICIBANK,ICICI Bank Ltd,Mar 2023,Private Banks,net_profit_margin_pct,29.290392922926973,0.9230769230769231
ICICIBANK,ICICI Bank Ltd,Mar 2024,Private Banks,net_profit_margin_pct,28.888011233982798,0.8923076923076924
ICICIBANK,ICICI Bank Ltd,TTM,Private Banks,net_profit_margin_pct,29.031132477804057,0.9076923076923077
INDUSINDBK,IndusInd Bank Ltd,Mar 2013,Private Banks,net_profit_margin_pct,15.194042675068022,0.2
INDUSINDBK,IndusInd Bank Ltd,Mar 2014,Private Banks,net_profit_margin_pct,17.058395929246426,0.24615384615384617
INDUSINDBK,IndusInd Bank Ltd,Mar 2015,Private Banks,net_profit_margin_pct,18.510111432108957,0.2923076923076923
INDUSINDBK,IndusInd Bank Ltd,Mar 2016,Private Banks,net_profit_margin_pct,19.255390835579515,0.35384615384615387
INDUSINDBK,IndusInd Bank Ltd,Mar 2017,Private Banks,net_profit_margin_pct,19.908371511870055,0.4
INDUSINDBK,IndusInd Bank Ltd,Mar 2018,Private Banks,net_profit_margin_pct,20.866847983334296,0.5230769230769231
INDUSINDBK,IndusInd Bank Ltd,Mar 2019,Private Banks,net_profit_margin_pct,14.82862405103095,0.16923076923076924
INDUSINDBK,IndusInd Bank Ltd,Mar 2020,Private Banks,net_profit_margin_pct,15.349338150991903,0.2153846153846154
INDUSINDBK,IndusInd Bank Ltd,Mar 2021,Private Banks,net_profit_margin_pct,9.779310344827588,0.09230769230769231
INDUSINDBK,IndusInd Bank Ltd,Mar 2022,Private Banks,net_profit_margin_pct,14.960093439750827,0.18461538461538463
INDUSINDBK,IndusInd Bank Ltd,Mar 2023,Private Banks,net_profit_margin_pct,20.320061592608887,0.46153846153846156
INDUSINDBK,IndusInd Bank Ltd,Mar 2024,Private Banks,net_profit_margin_pct,19.56369677362945,0.38461538461538464
INDUSINDBK,IndusInd Bank Ltd,TTM,Private Banks,net_profit_margin_pct,16.57415721165619,0.23076923076923078
KOTAKBANK,"Kotak Mahindra Bank Ltd
",Mar 2013,Private Banks,net_profit_margin_pct,20.64956634065326,0.49230769230769234
KOTAKBANK,"Kotak Mahindra Bank Ltd
",Mar 2014,Private Banks,net_profit_margin_pct,21.08293008509928,0.5538461538461539
KOTAKBANK,"Kotak Mahindra Bank Ltd
",Mar 2015,Private Banks,net_profit_margin_pct,23.312561003078308,0.7384615384615385
KOTAKBANK,"Kotak Mahindra Bank Ltd
",Mar 2016,Private Banks,net_profit_margin_pct,17.27281639054995,0.26153846153846155
KOTAKBANK,"Kotak Mahindra Bank Ltd
",Mar 2017,Private Banks,net_profit_margin_pct,22.482530012542558,0.6615384615384615
KOTAKBANK,"Kotak Mahindra Bank Ltd
",Mar 2018,Private Banks,net_profit_margin_pct,24.901516055867255,0.8153846153846154
KOTAKBANK,"Kotak Mahindra Bank Ltd
",Mar 2019,Private Banks,net_profit_margin_pct,24.149374811437767,0.7846153846153846
KOTAKBANK,"Kotak Mahindra Bank Ltd
",Mar 2020,Private Banks,net_profit_margin_pct,25.670669773555595,0.8307692307692308
KOTAKBANK,"Kotak Mahindra Bank Ltd
",Mar 2021,Private Banks,net_profit_margin_pct,30.438756855575868,0.9384615384615385
KOTAKBANK,"Kotak Mahindra Bank Ltd
",Mar 2022,Private Banks,net_profit_margin_pct,35.82881360955514,1.0
KOTAKBANK,"Kotak Mahindra Bank Ltd
",Mar 2023,Private Banks,net_profit_margin_pct,35.40841261180043,0.9846153846153847
KOTAKBANK,"Kotak Mahindra Bank Ltd
",Mar 2024,Private Banks,net_profit_margin_pct,32.386151466116615,0.9538461538461539
KOTAKBANK,"Kotak Mahindra Bank Ltd
",TTM,Private Banks,net_profit_margin_pct,35.173996534120185,0.9692307692307692
AXISBANK,Axis Bank Ltd,Mar 2013,Private Banks,debt_to_equity,8.93461608058387,0.1333333333333333
AXISBANK,Axis Bank Ltd,Mar 2014,Private Banks,debt_to_equity,8.680070840712574,0.21666666666666667
AXISBANK,Axis Bank Ltd,Mar 2015,Private Banks,debt_to_equity,9.046652873256358,0.1166666666666667
AXISBANK,Axis Bank Ltd,Mar 2016,Private Banks,debt_to_equity,8.815511865419444,0.18333333333333335
AXISBANK,Axis Bank Ltd,Mar 2017,Private Banks,debt_to_equity,9.355037247250799,0.050000000000000044
AXISBANK,Axis Bank Ltd,Mar 2018,Private Banks,debt_to_equity,9.522715591757908,0.01666666666666672
AXISBANK,Axis Bank Ltd,Mar 2019,Private Banks,debt_to_equity,10.501106162060116,0.0
AXISBANK,Axis Bank Ltd,Mar 2020,Private Banks,debt_to_equity,9.234850590687978,0.06666666666666665
AXISBANK,Axis Bank Ltd,Mar 2021,Private Banks,debt_to_equity,8.210427244821128,0.33333333333333337
AXISBANK,Axis Bank Ltd,Mar 2022,Private Banks,debt_to_equity,8.632964375406939,0.23333333333333328
AXISBANK,Axis Bank Ltd,Mar 2023,Private Banks,debt_to_equity,8.876784737365254,0.16666666666666663
AXISBANK,Axis Bank Ltd,Mar 2024,Private Banks,debt_to_equity,8.249122739980766,0.31666666666666665
AXISBANK,Axis Bank Ltd,TTM,Private Banks,debt_to_equity,,
HDFCBANK,HDFC Bank Ltd,Mar 2013,Private Banks,debt_to_equity,9.158311273640258,0.08333333333333337
HDFCBANK,HDFC Bank Ltd,Mar 2014,Private Banks,debt_to_equity,9.434125025471506,0.033333333333333326
HDFCBANK,HDFC Bank Ltd,Mar 2015,Private Banks,debt_to_equity,8.071729423314437,0.3666666666666667
HDFCBANK,HDFC Bank Ltd,Mar 2016,Private Banks,debt_to_equity,8.742288436692506,0.19999999999999996
HDFCBANK,HDFC Bank Ltd,Mar 2017,Private Banks,debt_to_equity,8.078414711201168,0.35
HDFCBANK,HDFC Bank Ltd,Mar 2018,Private Banks,debt_to_equity,8.620671721457313,0.25
HDFCBANK,HDFC Bank Ltd,Mar 2019,Private Banks,debt_to_equity,7.02943913374503,0.65
HDFCBANK,HDFC Bank Ltd,Mar 2020,Private Banks,debt_to_equity,7.558721464294219,0.43333333333333335
HDFCBANK,HDFC Bank Ltd,Mar 2021,Private Banks,debt_to_equity,7.20374624660407,0.5166666666666666
HDFCBANK,HDFC Bank Ltd,Mar 2022,Private Banks,debt_to_equity,7.217044641304831,0.5
HDFCBANK,HDFC Bank Ltd,Mar 2023,Private Banks,debt_to_equity,7.39091618930479,0.44999999999999996
HDFCBANK,HDFC Bank Ltd,Mar 2024,Private Banks,debt_to_equity,6.808786667718385,0.7166666666666667
HDFCBANK,HDFC Bank Ltd,TTM,Private Banks,debt_to_equity,,
ICICIBANK,ICICI Bank Ltd,Mar 2013,Private Banks,debt_to_equity,7.091880807992671,0.5833333333333333
ICICIBANK,ICICI Bank Ltd,Mar 2014,Private Banks,debt_to_equity,7.1052597147716865,0.5666666666666667
ICICIBANK,ICICI Bank Ltd,Mar 2015,Private Banks,debt_to_equity,7.050433858686028,0.6333333333333333
ICICIBANK,ICICI Bank Ltd,Mar 2016,Private Banks,debt_to_equity,7.1347132641242785,0.55
ICICIBANK,ICICI Bank Ltd,Mar 2017,Private Banks,debt_to_equity,6.698467008181054,0.7333333333333334
ICICIBANK,ICICI Bank Ltd,Mar 2018,Private Banks,debt_to_equity,7.368688420862334,0.4666666666666667
ICICIBANK,ICICI Bank Ltd,Mar 2019,Private Banks,debt_to_equity,7.804092671527225,0.4
ICICIBANK,ICICI Bank Ltd,Mar 2020,Private Banks,debt_to_equity,8.251756668835394,0.30000000000000004
ICICIBANK,ICICI Bank Ltd,Mar 2021,Private Banks,debt_to_equity,7.004638707507599,0.6666666666666667
ICICIBANK,ICICI Bank Ltd,Mar 2022,Private Banks,debt_to_equity,6.882435334765151,0.7
ICICIBANK,ICICI Bank Ltd,Mar 2023,Private Banks,debt_to_equity,6.526373206276982,0.7666666666666666
ICICIBANK,ICICI Bank Ltd,Mar 2024,Private Banks,debt_to_equity,6.445624336310825,0.7833333333333333
ICICIBANK,ICICI Bank Ltd,TTM,Private Banks,debt_to_equity,,
INDUSINDBK,IndusInd Bank Ltd,Mar 2013,Private Banks,debt_to_equity,8.332372214941023,0.2666666666666667
INDUSINDBK,IndusInd Bank Ltd,Mar 2014,Private Banks,debt_to_equity,8.3229016919164,0.2833333333333333
INDUSINDBK,IndusInd Bank Ltd,Mar 2015,Private Banks,debt_to_equity,8.901916572717024,0.15000000000000002
INDUSINDBK,IndusInd Bank Ltd,Mar 2016,Private Banks,debt_to_equity,6.667947558770344,0.75
INDUSINDBK,IndusInd Bank Ltd,Mar 2017,Private Banks,debt_to_equity,7.218153637508476,0.4833333333333333
INDUSINDBK,IndusInd Bank Ltd,Mar 2018,Private Banks,debt_to_equity,7.966444360555346,0.3833333333333333
INDUSINDBK,IndusInd Bank Ltd,Mar 2019,Private Banks,debt_to_equity,9.075507756876265,0.09999999999999998
INDUSINDBK,IndusInd Bank Ltd,Mar 2020,Private Banks,debt_to_equity,7.57175785864523,0.41666666666666663
INDUSINDBK,IndusInd Bank Ltd,Mar 2021,Private Banks,debt_to_equity,7.091617664014758,0.6
INDUSINDBK,IndusInd Bank Ltd,Mar 2022,Private Banks,debt_to_equity,7.149251540945113,0.5333333333333333
INDUSINDBK,IndusInd Bank Ltd,Mar 2023,Private Banks,debt_to_equity,7.056662150781737,0.6166666666666667
INDUSINDBK,IndusInd Bank Ltd,Mar 2024,Private Banks,debt_to_equity,6.885742949503957,0.6833333333333333
INDUSINDBK,IndusInd Bank Ltd,TTM,Private Banks,debt_to_equity,,
KOTAKBANK,"Kotak Mahindra Bank Ltd
",Mar 2013,Private Banks,debt_to_equity,5.60430994956442,0.8
KOTAKBANK,"Kotak Mahindra Bank Ltd
",Mar 2014,Private Banks,debt_to_equity,4.503091595053448,0.9166666666666666
KOTAKBANK,"Kotak Mahindra Bank Ltd
",Mar 2015,Private Banks,debt_to_equity,4.70563278570139,0.9
KOTAKBANK,"Kotak Mahindra Bank Ltd
",Mar 2016,Private Banks,debt_to_equity,5.38541541781561,0.8166666666666667
KOTAKBANK,"Kotak Mahindra Bank Ltd
",Mar 2017,Private Banks,debt_to_equity,5.331757248259379,0.8333333333333334
KOTAKBANK,"Kotak Mahindra Bank Ltd
",Mar 2018,Private Banks,debt_to_equity,4.948502614482649,0.8666666666666667
KOTAKBANK,"Kotak Mahindra Bank Ltd
",Mar 2019,Private Banks,debt_to_equity,5.049462626122774,0.85
KOTAKBANK,"Kotak Mahindra Bank Ltd
",Mar 2020,Private Banks,debt_to_equity,4.899335204165854,0.8833333333333333
KOTAKBANK,"Kotak Mahindra Bank Ltd
",Mar 2021,Private Banks,debt_to_equity,3.878514091938486,0.95
KOTAKBANK,"Kotak Mahindra Bank Ltd
",Mar 2022,Private Banks,debt_to_equity,3.783654890601562,0.9666666666666667
KOTAKBANK,"Kotak Mahindra Bank Ltd
",Mar 2023,Private Banks,debt_to_equity,3.745568533457349,0.9833333333333333
KOTAKBANK,"Kotak Mahindra Bank Ltd
",Mar 2024,Private Banks,debt_to_equity,4.003739266919029,0.9333333333333333
KOTAKBANK,"Kotak Mahindra Bank Ltd
",TTM,Private Banks,debt_to_equity,,
AXISBANK,Axis Bank Ltd,Mar 2013,Private Banks,interest_coverage,1.2697298122424057,0.24615384615384617
AXISBANK,Axis Bank Ltd,Mar 2014,Private Banks,interest_coverage,1.3034436191762322,0.36923076923076925
AXISBANK,Axis Bank Ltd,Mar 2015,Private Banks,interest_coverage,1.331261207411835,0.4
AXISBANK,Axis Bank Ltd,Mar 2016,Private Banks,interest_coverage,1.4272756376053783,0.5538461538461539
AXISBANK,Axis Bank Ltd,Mar 2017,Private Banks,interest_coverage,2.0353263193909847,0.8923076923076924
AXISBANK,Axis Bank Ltd,Mar 2018,Private Banks,interest_coverage,2.632716330810614,1.0
AXISBANK,Axis Bank Ltd,Mar 2019,Private Banks,interest_coverage,2.0674028941355673,0.9076923076923077
AXISBANK,Axis Bank Ltd,Mar 2020,Private Banks,interest_coverage,2.2559052584153956,0.9538461538461539
AXISBANK,Axis Bank Ltd,Mar 2021,Private Banks,interest_coverage,2.588470319634703,0.9846153846153847
AXISBANK,Axis Bank Ltd,Mar 2022,Private Banks,interest_coverage,1.968793114775639,0.8769230769230769
AXISBANK,Axis Bank Ltd,Mar 2023,Private Banks,interest_coverage,1.8029486464721551,0.7230769230769231
AXISBANK,Axis Bank Ltd,Mar 2024,Private Banks,interest_coverage,1.691203992514036,0.6307692307692307
AXISBANK,Axis Bank Ltd,TTM,Private Banks,interest_coverage,1.7657964584241175,0.6615384615384615
HDFCBANK,HDFC Bank Ltd,Mar 2013,Private Banks,interest_coverage,1.7721856161502874,0.676923076923077
HDFCBANK,HDFC Bank Ltd,Mar 2014,Private Banks,interest_coverage,1.6294287780187997,0.6
HDFCBANK,HDFC Bank Ltd,Mar 2015,Private Banks,interest_coverage,1.6947412528807877,0.6461538461538462
HDFCBANK,HDFC Bank Ltd,Mar 2016,Private Banks,interest_coverage,1.7899571887263646,0.7076923076923077
HDFCBANK,HDFC Bank Ltd,Mar 2017,Private Banks,interest_coverage,1.849825648973266,0.8
HDFCBANK,HDFC Bank Ltd,Mar 2018,Private Banks,interest_coverage,1.840194307778539,0.7692307692307693
HDFCBANK,HDFC Bank Ltd,Mar 2019,Private Banks,interest_coverage,1.8405024542143875,0.7846153846153846
HDFCBANK,HDFC Bank Ltd,Mar 2020,Private Banks,interest_coverage,1.8276860002411672,0.7538461538461538
HDFCBANK,HDFC Bank Ltd,Mar 2021,Private Banks,interest_coverage,1.9196575567994731,0.8615384615384616
HDFCBANK,HDFC Bank Ltd,Mar 2022,Private Banks,interest_coverage,1.7812903428949274,0.6923076923076923
HDFCBANK,HDFC Bank Ltd,Mar 2023,Private Banks,interest_coverage,1.859518754423213,0.8153846153846154
HDFCBANK,HDFC Bank Ltd,Mar 2024,Private Banks,interest_coverage,1.4007688224792112,0.5076923076923077
HDFCBANK,HDFC Bank Ltd,TTM,Private Banks,interest_coverage,1.4107329968428333,0.5230769230769231
ICICIBANK,ICICI Bank Ltd,Mar 2013,Private Banks,interest_coverage,1.079467939972715,0.015384615384615385
ICICIBANK,ICICI Bank Ltd,Mar 2014,Private Banks,interest_coverage,1.0911085258434436,0.03076923076923077
ICICIBANK,ICICI Bank Ltd,Mar 2015,Private Banks,interest_coverage,1.0988596391694088,0.046153846153846156
ICICIBANK,ICICI Bank Ltd,Mar 2016,Private Banks,interest_coverage,1.2400123509571992,0.2
ICICIBANK,ICICI Bank Ltd,Mar 2017,Private Banks,interest_coverage,1.2158107438331618,0.09230769230769231
ICICIBANK,ICICI Bank Ltd,Mar 2018,Private Banks,interest_coverage,1.280370376890172,0.2923076923076923
ICICIBANK,ICICI Bank Ltd,Mar 2019,Private Banks,interest_coverage,1.4109397387273495,0.5384615384615384
ICICIBANK,ICICI Bank Ltd,Mar 2020,Private Banks,interest_coverage,1.3134411085450346,0.38461538461538464
ICICIBANK,ICICI Bank Ltd,Mar 2021,Private Banks,interest_coverage,1.2644304043007177,0.23076923076923078
ICICIBANK,ICICI Bank Ltd,Mar 2022,Private Banks,interest_coverage,1.3000370197492315,0.3384615384615385
ICICIBANK,ICICI Bank Ltd,Mar 2023,Private Banks,interest_coverage,1.3492136626121145,0.4461538461538462
ICICIBANK,ICICI Bank Ltd,Mar 2024,Private Banks,interest_coverage,1.3009461331381824,0.35384615384615387
ICICIBANK,ICICI Bank Ltd,TTM,Private Banks,interest_coverage,1.2346170089474253,0.16923076923076924
INDUSINDBK,IndusInd Bank Ltd,Mar 2013,Private Banks,interest_coverage,1.4314013206162877,0.5692307692307692
INDUSINDBK,IndusInd Bank Ltd,Mar 2014,Private Banks,interest_coverage,1.3532522474881015,0.46153846153846156
INDUSINDBK,IndusInd Bank Ltd,Mar 2015,Private Banks,interest_coverage,1.2307692307692308,0.15384615384615385
INDUSINDBK,IndusInd Bank Ltd,Mar 2016,Private Banks,interest_coverage,1.2711555959963603,0.27692307692307694
INDUSINDBK,IndusInd Bank Ltd,Mar 2017,Private Banks,interest_coverage,1.3634619995204986,0.47692307692307695
INDUSINDBK,IndusInd Bank Ltd,Mar 2018,Private Banks,interest_coverage,1.3810526315789473,0.49230769230769234
INDUSINDBK,IndusInd Bank Ltd,Mar 2019,Private Banks,interest_coverage,1.6435275367451745,0.6153846153846154
INDUSINDBK,IndusInd Bank Ltd,Mar 2020,Private Banks,interest_coverage,1.813983599482089,0.7384615384615385
INDUSINDBK,IndusInd Bank Ltd,Mar 2021,Private Banks,interest_coverage,2.4375667022411953,0.9692307692307692
INDUSINDBK,IndusInd Bank Ltd,Mar 2022,Private Banks,interest_coverage,2.1593946004908644,0.9384615384615385
INDUSINDBK,IndusInd Bank Ltd,Mar 2023,Private Banks,interest_coverage,1.90191036002939,0.8461538461538461
INDUSINDBK,IndusInd Bank Ltd,Mar 2024,Private Banks,interest_coverage,1.8795270558159352,0.8307692307692308
INDUSINDBK,IndusInd Bank Ltd,TTM,Private Banks,interest_coverage,2.1118579981094423,0.9230769230769231
KOTAKBANK,"Kotak Mahindra Bank Ltd
",Mar 2013,Private Banks,interest_coverage,1.288341158059468,0.3230769230769231
KOTAKBANK,"Kotak Mahindra Bank Ltd
",Mar 2014,Private Banks,interest_coverage,1.3330177962892844,0.4153846153846154
KOTAKBANK,"Kotak Mahindra Bank Ltd
",Mar 2015,Private Banks,interest_coverage,1.1890333660451422,0.07692307692307693
KOTAKBANK,"Kotak Mahindra Bank Ltd
",Mar 2016,Private Banks,interest_coverage,1.5109422094089897,0.5846153846153846
KOTAKBANK,"Kotak Mahindra Bank Ltd
",Mar 2017,Private Banks,interest_coverage,1.2704974271012006,0.26153846153846155
KOTAKBANK,"Kotak Mahindra Bank Ltd
",Mar 2018,Private Banks,interest_coverage,1.2270866832334455,0.12307692307692308
KOTAKBANK,"Kotak Mahindra Bank Ltd
",Mar 2019,Private Banks,interest_coverage,1.2225043349021552,0.1076923076923077
KOTAKBANK,"Kotak Mahindra Bank Ltd
",Mar 2020,Private Banks,interest_coverage,1.335721051385271,0.4307692307692308
KOTAKBANK,"Kotak Mahindra Bank Ltd
",Mar 2021,Private Banks,interest_coverage,1.262591148041377,0.2153846153846154
KOTAKBANK,"Kotak Mahindra Bank Ltd
",Mar 2022,Private Banks,interest_coverage,1.2298624754420433,0.13846153846153847
KOTAKBANK,"Kotak Mahindra Bank Ltd
",Mar 2023,Private Banks,interest_coverage,1.2877919279750683,0.3076923076923077
KOTAKBANK,"Kotak Mahindra Bank Ltd
",Mar 2024,Private Banks,interest_coverage,1.2363751084470385,0.18461538461538463
KOTAKBANK,"Kotak Mahindra Bank Ltd
",TTM,Private Banks,interest_coverage,1.1673821713078814,0.06153846153846154
AXISBANK,Axis Bank Ltd,Mar 2013,Private Banks,asset_turnover,0.07981900293048468,0.6666666666666666
AXISBANK,Axis Bank Ltd,Mar 2014,Private Banks,asset_turnover,0.0793089167852983,0.6333333333333333
AXISBANK,Axis Bank Ltd,Mar 2015,Private Banks,asset_turnover,0.07593265174652161,0.55
AXISBANK,Axis Bank Ltd,Mar 2016,Private Banks,asset_turnover,0.07501642608627218,0.5
AXISBANK,Axis Bank Ltd,Mar 2017,Private Banks,asset_turnover,0.07284508276883928,0.45
AXISBANK,Axis Bank Ltd,Mar 2018,Private Banks,asset_turnover,0.06505585452953874,0.23333333333333334
AXISBANK,Axis Bank Ltd,Mar 2019,Private Banks,asset_turnover,0.06754655142338394,0.35
AXISBANK,Axis Bank Ltd,Mar 2020,Private Banks,asset_turnover,0.06750392295489033,0.3333333333333333
AXISBANK,Axis Bank Ltd,Mar 2021,Private Banks,asset_turnover,0.06328240118680725,0.16666666666666666
AXISBANK,Axis Bank Ltd,Mar 2022,Private Banks,asset_turnover,0.056345695985629454,0.05
AXISBANK,Axis Bank Ltd,Mar 2023,Private Banks,asset_turnover,0.06334636995339248,0.18333333333333332
AXISBANK,Axis Bank Ltd,Mar 2024,Private Banks,asset_turnover,0.0720367478374617,0.43333333333333335
AXISBANK,Axis Bank Ltd,TTM,Private Banks,asset_turnover,,
HDFCBANK,HDFC Bank Ltd,Mar 2013,Private Banks,asset_turnover,0.08795432192934909,0.8833333333333333
HDFCBANK,HDFC Bank Ltd,Mar 2014,Private Banks,asset_turnover,0.08449823279456734,0.8333333333333334
HDFCBANK,HDFC Bank Ltd,Mar 2015,Private Banks,asset_turnover,0.08345618574955897,0.8166666666666667
HDFCBANK,HDFC Bank Ltd,Mar 2016,Private Banks,asset_turnover,0.08286670899959592,0.7833333333333333
HDFCBANK,HDFC Bank Ltd,Mar 2017,Private Banks,asset_turnover,0.08211071066763491,0.7666666666666667
HDFCBANK,HDFC Bank Ltd,Mar 2018,Private Banks,asset_turnover,0.07731062576936255,0.6
HDFCBANK,HDFC Bank Ltd,Mar 2019,Private Banks,asset_turnover,0.0813432177759076,0.75
HDFCBANK,HDFC Bank Ltd,Mar 2020,Private Banks,asset_turnover,0.07729420620813117,0.5833333333333334
HDFCBANK,HDFC Bank Ltd,Mar 2021,Private Banks,asset_turnover,0.0714373436724614,0.4166666666666667
HDFCBANK,HDFC Bank Ltd,Mar 2022,Private Banks,asset_turnover,0.06403213665615605,0.2
HDFCBANK,HDFC Bank Ltd,Mar 2023,Private Banks,asset_turnover,0.06748017729778946,0.31666666666666665
HDFCBANK,HDFC Bank Ltd,Mar 2024,Private Banks,asset_turnover,0.07038097917866981,0.4
HDFCBANK,HDFC Bank Ltd,TTM,Private Banks,asset_turnover,,
ICICIBANK,ICICI Bank Ltd,Mar 2013,Private Banks,asset_turnover,0.06651383624126066,0.26666666666666666
ICICIBANK,ICICI Bank Ltd,Mar 2014,Private Banks,asset_turnover,0.06616944963771895,0.25
ICICIBANK,ICICI Bank Ltd,Mar 2015,Private Banks,asset_turnover,0.06653600926787874,0.2833333333333333
ICICIBANK,ICICI Bank Ltd,Mar 2016,Private Banks,asset_turnover,0.06453726560697291,0.21666666666666667
ICICIBANK,ICICI Bank Ltd,Mar 2017,Private Banks,asset_turnover,0.06182251642192295,0.15
ICICIBANK,ICICI Bank Ltd,Mar 2018,Private Banks,asset_turnover,0.05529044785067078,0.03333333333333333
ICICIBANK,ICICI Bank Ltd,Mar 2019,Private Banks,asset_turnover,0.05810651327016437,0.08333333333333333
ICICIBANK,ICICI Bank Ltd,Mar 2020,Private Banks,asset_turnover,0.06159623376887399,0.1
ICICIBANK,ICICI Bank Ltd,Mar 2021,Private Banks,asset_turnover,0.05665416199647734,0.06666666666666667
ICICIBANK,ICICI Bank Ltd,Mar 2022,Private Banks,asset_turnover,0.05443625805001264,0.016666666666666666
ICICIBANK,ICICI Bank Ltd,Mar 2023,Private Banks,asset_turnover,0.061816501488391566,0.13333333333333333
ICICIBANK,ICICI Bank Ltd,Mar 2024,Private Banks,asset_turnover,0.06747535915921023,0.3
ICICIBANK,ICICI Bank Ltd,TTM,Private Banks,asset_turnover,,
INDUSINDBK,IndusInd Bank Ltd,Mar 2013,Private Banks,asset_turnover,0.09525693317145702,0.9833333333333333
INDUSINDBK,IndusInd Bank Ltd,Mar 2014,Private Banks,asset_turnover,0.09484521867028245,0.9666666666666667
INDUSINDBK,IndusInd Bank Ltd,Mar 2015,Private Banks,asset_turnover,0.08670060024868724,0.8666666666666667
INDUSINDBK,IndusInd Bank Ltd,Mar 2016,Private Banks,asset_turnover,0.08308082045109415,0.8
INDUSINDBK,IndusInd Bank Ltd,Mar 2017,Private Banks,asset_turnover,0.08063902198737181,0.7166666666666667
INDUSINDBK,IndusInd Bank Ltd,Mar 2018,Private Banks,asset_turnover,0.07797370344634655,0.6166666666666667
INDUSINDBK,IndusInd Bank Ltd,Mar 2019,Private Banks,asset_turnover,0.08012770904797728,0.7
INDUSINDBK,IndusInd Bank Ltd,Mar 2020,Private Banks,asset_turnover,0.09373799086817475,0.95
INDUSINDBK,IndusInd Bank Ltd,Mar 2021,Private Banks,asset_turnover,0.07989574982161207,0.6833333333333333
INDUSINDBK,IndusInd Bank Ltd,Mar 2022,Private Banks,asset_turnover,0.07667641022451645,0.5666666666666667
INDUSINDBK,IndusInd Bank Ltd,Mar 2023,Private Banks,asset_turnover,0.07944010974128667,0.65
INDUSINDBK,IndusInd Bank Ltd,Mar 2024,Private Banks,asset_turnover,0.08884228106460039,0.9
INDUSINDBK,IndusInd Bank Ltd,TTM,Private Banks,asset_turnover,,
KOTAKBANK,"Kotak Mahindra Bank Ltd
",Mar 2013,Private Banks,asset_turnover,0.09356412137954849,0.9333333333333333
KOTAKBANK,"Kotak Mahindra Bank Ltd
",Mar 2014,Private Banks,asset_turnover,0.09808751442343101,1.0
KOTAKBANK,"Kotak Mahindra Bank Ltd
",Mar 2015,Private Banks,asset_turnover,0.08971198405000538,0.9166666666666666
KOTAKBANK,"Kotak Mahindra Bank Ltd
",Mar 2016,Private Banks,asset_turnover,0.08472450623743792,0.85
KOTAKBANK,"Kotak Mahindra Bank Ltd
",Mar 2017,Private Banks,asset_turnover,0.08082900053586688,0.7333333333333333
KOTAKBANK,"Kotak Mahindra Bank Ltd
",Mar 2018,Private Banks,asset_turnover,0.07441371550396779,0.48333333333333334
KOTAKBANK,"Kotak Mahindra Bank Ltd
",Mar 2019,Private Banks,asset_turnover,0.07548883900893537,0.5166666666666667
KOTAKBANK,"Kotak Mahindra Bank Ltd
",Mar 2020,Private Banks,asset_turnover,0.07553257982774221,0.5333333333333333
KOTAKBANK,"Kotak Mahindra Bank Ltd
",Mar 2021,Private Banks,asset_turnover,0.06853863599343432,0.38333333333333336
KOTAKBANK,"Kotak Mahindra Bank Ltd
",Mar 2022,Private Banks,asset_turnover,0.061740390632719605,0.11666666666666667
KOTAKBANK,"Kotak Mahindra Bank Ltd
",Mar 2023,Private Banks,asset_turnover,0.06793836532727301,0.36666666666666664
KOTAKBANK,"Kotak Mahindra Bank Ltd
",Mar 2024,Private Banks,asset_turnover,0.07325702420450533,0.4666666666666667
KOTAKBANK,"Kotak Mahindra Bank Ltd
",TTM,Private Banks,asset_turnover,,
AXISBANK,Axis Bank Ltd,Mar 2013,Private Banks,free_cash_flow_cr,-8366.0,0.36666666666666664
AXISBANK,Axis Bank Ltd,Mar 2014,Private Banks,free_cash_flow_cr,298.0,0.5833333333333334
AXISBANK,Axis Bank Ltd,Mar 2015,Private Banks,free_cash_flow_cr,-23134.0,0.15
AXISBANK,Axis Bank Ltd,Mar 2016,Private Banks,free_cash_flow_cr,-25284.0,0.13333333333333333
AXISBANK,Axis Bank Ltd,Mar 2017,Private Banks,free_cash_flow_cr,19751.0,0.8666666666666667
AXISBANK,Axis Bank Ltd,Mar 2018,Private Banks,free_cash_flow_cr,-48397.0,0.05
AXISBANK,Axis Bank Ltd,Mar 2019,Private Banks,free_cash_flow_cr,18451.0,0.8333333333333334
AXISBANK,Axis Bank Ltd,Mar 2020,Private Banks,free_cash_flow_cr,20931.0,0.8833333333333333
AXISBANK,Axis Bank Ltd,Mar 2021,Private Banks,free_cash_flow_cr,-41655.0,0.06666666666666667
AXISBANK,Axis Bank Ltd,Mar 2022,Private Banks,free_cash_flow_cr,1025.0,0.6
AXISBANK,Axis Bank Ltd,Mar 2023,Private Banks,free_cash_flow_cr,-10276.0,0.3333333333333333
AXISBANK,Axis Bank Ltd,Mar 2024,Private Banks,free_cash_flow_cr,-14556.0,0.25
AXISBANK,Axis Bank Ltd,TTM,Private Banks,free_cash_flow_cr,,
HDFCBANK,HDFC Bank Ltd,Mar 2013,Private Banks,free_cash_flow_cr,-6749.0,0.4
HDFCBANK,HDFC Bank Ltd,Mar 2014,Private Banks,free_cash_flow_cr,3112.0,0.6333333333333333
HDFCBANK,HDFC Bank Ltd,Mar 2015,Private Banks,free_cash_flow_cr,-22081.0,0.16666666666666666
HDFCBANK,HDFC Bank Ltd,Mar 2016,Private Banks,free_cash_flow_cr,-35272.0,0.08333333333333333
HDFCBANK,HDFC Bank Ltd,Mar 2017,Private Banks,free_cash_flow_cr,16136.0,0.75
HDFCBANK,HDFC Bank Ltd,Mar 2018,Private Banks,free_cash_flow_cr,16372.0,0.7833333333333333
HDFCBANK,HDFC Bank Ltd,Mar 2019,Private Banks,free_cash_flow_cr,-64375.0,0.03333333333333333
HDFCBANK,HDFC Bank Ltd,Mar 2020,Private Banks,free_cash_flow_cr,-18272.0,0.2
HDFCBANK,HDFC Bank Ltd,Mar 2021,Private Banks,free_cash_flow_cr,40653.0,0.95
HDFCBANK,HDFC Bank Ltd,Mar 2022,Private Banks,free_cash_flow_cr,-14011.0,0.26666666666666666
HDFCBANK,HDFC Bank Ltd,Mar 2023,Private Banks,free_cash_flow_cr,17822.0,0.8
HDFCBANK,HDFC Bank Ltd,Mar 2024,Private Banks,free_cash_flow_cr,35669.0,0.9166666666666666
HDFCBANK,HDFC Bank Ltd,TTM,Private Banks,free_cash_flow_cr,,
ICICIBANK,ICICI Bank Ltd,Mar 2013,Private Banks,free_cash_flow_cr,-1069.0,0.55
ICICIBANK,ICICI Bank Ltd,Mar 2014,Private Banks,free_cash_flow_cr,-8985.0,0.35
ICICIBANK,ICICI Bank Ltd,Mar 2015,Private Banks,free_cash_flow_cr,-25448.0,0.11666666666666667
ICICIBANK,ICICI Bank Ltd,Mar 2016,Private Banks,free_cash_flow_cr,11585.0,0.7166666666666667
ICICIBANK,ICICI Bank Ltd,Mar 2017,Private Banks,free_cash_flow_cr,50925.0,0.9833333333333333
ICICIBANK,ICICI Bank Ltd,Mar 2018,Private Banks,free_cash_flow_cr,-31168.0,0.1
ICICIBANK,ICICI Bank Ltd,Mar 2019,Private Banks,free_cash_flow_cr,18389.0,0.8166666666666667
ICICIBANK,ICICI Bank Ltd,Mar 2020,Private Banks,free_cash_flow_cr,37470.0,0.9333333333333333
ICICIBANK,ICICI Bank Ltd,Mar 2021,Private Banks,free_cash_flow_cr,74384.0,1.0
ICICIBANK,ICICI Bank Ltd,Mar 2022,Private Banks,free_cash_flow_cr,18663.0,0.85
ICICIBANK,ICICI Bank Ltd,Mar 2023,Private Banks,free_cash_flow_cr,-71460.0,0.016666666666666666
ICICIBANK,ICICI Bank Ltd,Mar 2024,Private Banks,free_cash_flow_cr,12547.0,0.7333333333333333
ICICIBANK,ICICI Bank Ltd,TTM,Private Banks,free_cash_flow_cr,,
INDUSINDBK,IndusInd Bank Ltd,Mar 2013,Private Banks,free_cash_flow_cr,-660.0,0.5666666666666667
INDUSINDBK,IndusInd Bank Ltd,Mar 2014,Private Banks,free_cash_flow_cr,-4280.0,0.45
INDUSINDBK,IndusInd Bank Ltd,Mar 2015,Private Banks,free_cash_flow_cr,-1697.0,0.5166666666666667
INDUSINDBK,IndusInd Bank Ltd,Mar 2016,Private Banks,free_cash_flow_cr,-3185.0,0.4666666666666667
INDUSINDBK,IndusInd Bank Ltd,Mar 2017,Private Banks,free_cash_flow_cr,11284.0,0.7
INDUSINDBK,IndusInd Bank Ltd,Mar 2018,Private Banks,free_cash_flow_cr,-20917.0,0.18333333333333332
INDUSINDBK,IndusInd Bank Ltd,Mar 2019,Private Banks,free_cash_flow_cr,-7022.0,0.38333333333333336
INDUSINDBK,IndusInd Bank Ltd,Mar 2020,Private Banks,free_cash_flow_cr,-11513.0,0.31666666666666665
INDUSINDBK,IndusInd Bank Ltd,Mar 2021,Private Banks,free_cash_flow_cr,44420.0,0.9666666666666667
INDUSINDBK,IndusInd Bank Ltd,Mar 2022,Private Banks,free_cash_flow_cr,16249.0,0.7666666666666667
INDUSINDBK,IndusInd Bank Ltd,Mar 2023,Private Banks,free_cash_flow_cr,-12879.0,0.2833333333333333
INDUSINDBK,IndusInd Bank Ltd,Mar 2024,Private Banks,free_cash_flow_cr,-17468.0,0.21666666666666667
INDUSINDBK,IndusInd Bank Ltd,TTM,Private Banks,free_cash_flow_cr,,
KOTAKBANK,"Kotak Mahindra Bank Ltd
",Mar 2013,Private Banks,free_cash_flow_cr,-6157.0,0.43333333333333335
KOTAKBANK,"Kotak Mahindra Bank Ltd
",Mar 2014,Private Banks,free_cash_flow_cr,7938.0,0.6833333333333333
KOTAKBANK,"Kotak Mahindra Bank Ltd
",Mar 2015,Private Banks,free_cash_flow_cr,-2165.0,0.5
KOTAKBANK,"Kotak Mahindra Bank Ltd
",Mar 2016,Private Banks,free_cash_flow_cr,2672.0,0.6166666666666667
KOTAKBANK,"Kotak Mahindra Bank Ltd
",Mar 2017,Private Banks,free_cash_flow_cr,7933.0,0.6666666666666666
KOTAKBANK,"Kotak Mahindra Bank Ltd
",Mar 2018,Private Banks,free_cash_flow_cr,-15867.0,0.23333333333333334
KOTAKBANK,"Kotak Mahindra Bank Ltd
",Mar 2019,Private Banks,free_cash_flow_cr,-1501.0,0.5333333333333333
KOTAKBANK,"Kotak Mahindra Bank Ltd
",Mar 2020,Private Banks,free_cash_flow_cr,33551.0,0.9
KOTAKBANK,"Kotak Mahindra Bank Ltd
",Mar 2021,Private Banks,free_cash_flow_cr,-6291.0,0.4166666666666667
KOTAKBANK,"Kotak Mahindra Bank Ltd
",Mar 2022,Private Banks,free_cash_flow_cr,-2595.0,0.48333333333333334
KOTAKBANK,"Kotak Mahindra Bank Ltd
",Mar 2023,Private Banks,free_cash_flow_cr,-11623.0,0.3
KOTAKBANK,"Kotak Mahindra Bank Ltd
",Mar 2024,Private Banks,free_cash_flow_cr,6766.0,0.65
KOTAKBANK,"Kotak Mahindra Bank Ltd
",TTM,Private Banks,free_cash_flow_cr,,
BAJFINANCE,Bajaj Finance Ltd,Mar 2015,Consumer Finance,return_on_equity_pct,18.708333333333332,0.8235294117647058
BAJFINANCE,Bajaj Finance Ltd,Mar 2016,Consumer Finance,return_on_equity_pct,17.220950585700823,0.6470588235294118
BAJFINANCE,Bajaj Finance Ltd,Mar 2017,Consumer Finance,return_on_equity_pct,19.125,0.8823529411764706
BAJFINANCE,Bajaj Finance Ltd,Mar 2018,Consumer Finance,return_on_equity_pct,15.749621403331652,0.35294117647058826
BAJFINANCE,Bajaj Finance Ltd,Mar 2019,Consumer Finance,return_on_equity_pct,20.2822764888054,0.9705882352941176
BAJFINANCE,Bajaj Finance Ltd,Mar 2020,Consumer Finance,return_on_equity_pct,16.283098243009157,0.5588235294117647
BAJFINANCE,Bajaj Finance Ltd,Mar 2021,Consumer Finance,return_on_equity_pct,11.972479549271359,0.17647058823529413
BAJFINANCE,Bajaj Finance Ltd,Mar 2022,Consumer Finance,return_on_equity_pct,16.07759705350811,0.47058823529411764
BAJFINANCE,Bajaj Finance Ltd,Mar 2023,Consumer Finance,return_on_equity_pct,21.16530567203708,1.0
BAJFINANCE,Bajaj Finance Ltd,Mar 2024,Consumer Finance,return_on_equity_pct,18.841921351830603,0.8529411764705882
BAJFINANCE,Bajaj Finance Ltd,TTM,Consumer Finance,return_on_equity_pct,,
CHOLAFIN,Cholamandalam Investment & Finance Company Ltd,Mar 2013,Consumer Finance,return_on_equity_pct,15.778688524590164,0.38235294117647056
CHOLAFIN,Cholamandalam Investment & Finance Company Ltd,Mar 2014,Consumer Finance,return_on_equity_pct,16.09094884127678,0.5
CHOLAFIN,Cholamandalam Investment & Finance Company Ltd,Mar 2015,Consumer Finance,return_on_equity_pct,16.598130841121495,0.5882352941176471
CHOLAFIN,Cholamandalam Investment & Finance Company Ltd,Mar 2016,Consumer Finance,return_on_equity_pct,15.66757493188011,0.3235294117647059
CHOLAFIN,Cholamandalam Investment & Finance Company Ltd,Mar 2017,Consumer Finance,return_on_equity_pct,16.70544439274081,0.6176470588235294
CHOLAFIN,Cholamandalam Investment & Finance Company Ltd,Mar 2018,Consumer Finance,return_on_equity_pct,17.912195121951218,0.7058823529411765
CHOLAFIN,Cholamandalam Investment & Finance Company Ltd,Mar 2019,Consumer Finance,return_on_equity_pct,19.281572164948454,0.9117647058823529
CHOLAFIN,Cholamandalam Investment & Finance Company Ltd,Mar 2020,Consumer Finance,return_on_equity_pct,12.853658536585366,0.20588235294117646
CHOLAFIN,Cholamandalam Investment & Finance Company Ltd,Mar 2021,Consumer Finance,return_on_equity_pct,15.84375,0.4117647058823529
CHOLAFIN,Cholamandalam Investment & Finance Company Ltd,Mar 2022,Consumer Finance,return_on_equity_pct,18.302319653326535,0.7352941176470589
CHOLAFIN,Cholamandalam Investment & Finance Company Ltd,Mar 2023,Consumer Finance,return_on_equity_pct,18.576606719643106,0.7647058823529411
CHOLAFIN,Cholamandalam Investment & Finance Company Ltd,Mar 2024,Consumer Finance,return_on_equity_pct,17.455213596692694,0.6764705882352942
CHOLAFIN,Cholamandalam Investment & Finance Company Ltd,TTM,Consumer Finance,return_on_equity_pct,,
SHRIRAMFIN,"Shriram Finance Ltd
",Mar 2013,Consumer Finance,return_on_equity_pct,19.937312619242302,0.9411764705882353
SHRIRAMFIN,"Shriram Finance Ltd
",Mar 2014,Consumer Finance,return_on_equity_pct,15.957696827262044,0.4411764705882353
SHRIRAMFIN,"Shriram Finance Ltd
",Mar 2015,Consumer Finance,return_on_equity_pct,11.094323332613858,0.058823529411764705
SHRIRAMFIN,"Shriram Finance Ltd
",Mar 2016,Consumer Finance,return_on_equity_pct,11.635220125786164,0.14705882352941177
SHRIRAMFIN,"Shriram Finance Ltd
",Mar 2017,Consumer Finance,return_on_equity_pct,11.17190257677374,0.08823529411764706
SHRIRAMFIN,"Shriram Finance Ltd
",Mar 2018,Consumer Finance,return_on_equity_pct,18.619430241051862,0.7941176470588235
SHRIRAMFIN,"Shriram Finance Ltd
",Mar 2019,Consumer Finance,return_on_equity_pct,16.13731754682704,0.5294117647058824
SHRIRAMFIN,"Shriram Finance Ltd
",Mar 2020,Consumer Finance,return_on_equity_pct,13.84632344835189,0.2647058823529412
SHRIRAMFIN,"Shriram Finance Ltd
",Mar 2021,Consumer Finance,return_on_equity_pct,11.50711424229866,0.11764705882352941
SHRIRAMFIN,"Shriram Finance Ltd
",Mar 2022,Consumer Finance,return_on_equity_pct,10.427284920482851,0.029411764705882353
SHRIRAMFIN,"Shriram Finance Ltd
",Mar 2023,Consumer Finance,return_on_equity_pct,13.835263835263836,0.23529411764705882
SHRIRAMFIN,"Shriram Finance Ltd
",Mar 2024,Consumer Finance,return_on_equity_pct,15.116350338120824,0.29411764705882354
SHRIRAMFIN,"Shriram Finance Ltd
",TTM,Consumer Finance,return_on_equity_pct,,
BAJFINANCE,Bajaj Finance Ltd,Mar 2015,Consumer Finance,net_profit_margin_pct,16.654302670623146,0.4864864864864865
BAJFINANCE,Bajaj Finance Ltd,Mar 2016,Consumer Finance,net_profit_margin_pct,17.522948349088914,0.5675675675675675
BAJFINANCE,Bajaj Finance Ltd,Mar 2017,Consumer Finance,net_profit_margin_pct,18.415245737211634,0.6216216216216216
BAJFINANCE,Bajaj Finance Ltd,Mar 2018,Consumer Finance,net_profit_margin_pct,19.58261415345991,0.6756756756756757
BAJFINANCE,Bajaj Finance Ltd,Mar 2019,Consumer Finance,net_profit_margin_pct,21.609779845296696,0.8648648648648649
BAJFINANCE,Bajaj Finance Ltd,Mar 2020,Consumer Finance,net_profit_margin_pct,19.959050580116784,0.7297297297297297
BAJFINANCE,Bajaj Finance Ltd,Mar 2021,Consumer Finance,net_profit_margin_pct,16.5710643722116,0.43243243243243246
BAJFINANCE,Bajaj Finance Ltd,Mar 2022,Consumer Finance,net_profit_margin_pct,22.211687367655887,0.8918918918918919
BAJFINANCE,Bajaj Finance Ltd,Mar 2023,Consumer Finance,net_profit_margin_pct,27.7897177078554,1.0
BAJFINANCE,Bajaj Finance Ltd,Mar 2024,Consumer Finance,net_profit_margin_pct,26.287928399912687,0.972972972972973
BAJFINANCE,Bajaj Finance Ltd,TTM,Consumer Finance,net_profit_margin_pct,24.709773760015413,0.9459459459459459
CHOLAFIN,Cholamandalam Investment & Finance Company Ltd,Mar 2013,Consumer Finance,net_profit_margin_pct,11.98443579766537,0.16216216216216217
CHOLAFIN,Cholamandalam Investment & Finance Company Ltd,Mar 2014,Consumer Finance,net_profit_margin_pct,11.222933821286977,0.05405405405405406
CHOLAFIN,Cholamandalam Investment & Finance Company Ltd,Mar 2015,Consumer Finance,net_profit_margin_pct,11.951547779273216,0.13513513513513514
CHOLAFIN,Cholamandalam Investment & Finance Company Ltd,Mar 2016,Consumer Finance,net_profit_margin_pct,13.64499288087328,0.21621621621621623
CHOLAFIN,Cholamandalam Investment & Finance Company Ltd,Mar 2017,Consumer Finance,net_profit_margin_pct,15.296122709842352,0.32432432432432434
CHOLAFIN,Cholamandalam Investment & Finance Company Ltd,Mar 2018,Consumer Finance,net_profit_margin_pct,16.51376146788991,0.40540540540540543
CHOLAFIN,Cholamandalam Investment & Finance Company Ltd,Mar 2019,Consumer Finance,net_profit_margin_pct,16.840180078784467,0.5135135135135135
CHOLAFIN,Cholamandalam Investment & Finance Company Ltd,Mar 2020,Consumer Finance,net_profit_margin_pct,12.098255280073463,0.1891891891891892
CHOLAFIN,Cholamandalam Investment & Finance Company Ltd,Mar 2021,Consumer Finance,net_profit_margin_pct,15.871856412396953,0.35135135135135137
CHOLAFIN,Cholamandalam Investment & Finance Company Ltd,Mar 2022,Consumer Finance,net_profit_margin_pct,21.225857311785575,0.8378378378378378
CHOLAFIN,Cholamandalam Investment & Finance Company Ltd,Mar 2023,Consumer Finance,net_profit_margin_pct,20.684570009313877,0.7837837837837838
CHOLAFIN,Cholamandalam Investment & Finance Company Ltd,Mar 2024,Consumer Finance,net_profit_margin_pct,17.846892448990243,0.5945945945945946
CHOLAFIN,Cholamandalam Investment & Finance Company Ltd,TTM,Consumer Finance,net_profit_margin_pct,17.118478357479336,0.5405405405405406
SHRIRAMFIN,"Shriram Finance Ltd
",Mar 2013,Consumer Finance,net_profit_margin_pct,20.873163076045085,0.8108108108108109
SHRIRAMFIN,"Shriram Finance Ltd
",Mar 2014,Consumer Finance,net_profit_margin_pct,16.021708352996697,0.3783783783783784
SHRIRAMFIN,"Shriram Finance Ltd
",Mar 2015,Consumer Finance,net_profit_margin_pct,11.201917838073443,0.02702702702702703
SHRIRAMFIN,"Shriram Finance Ltd
",Mar 2016,Consumer Finance,net_profit_margin_pct,11.429674679023073,0.08108108108108109
SHRIRAMFIN,"Shriram Finance Ltd
",Mar 2017,Consumer Finance,net_profit_margin_pct,11.611483078051913,0.10810810810810811
SHRIRAMFIN,"Shriram Finance Ltd
",Mar 2018,Consumer Finance,net_profit_margin_pct,18.878684639312695,0.6486486486486487
SHRIRAMFIN,"Shriram Finance Ltd
",Mar 2019,Consumer Finance,net_profit_margin_pct,16.580844490216272,0.4594594594594595
SHRIRAMFIN,"Shriram Finance Ltd
",Mar 2020,Consumer Finance,net_profit_margin_pct,15.168166173540246,0.2972972972972973
SHRIRAMFIN,"Shriram Finance Ltd
",Mar 2021,Consumer Finance,net_profit_margin_pct,14.343932958328551,0.2702702702702703
SHRIRAMFIN,"Shriram Finance Ltd
",Mar 2022,Consumer Finance,net_profit_margin_pct,14.131394443001819,0.24324324324324326
SHRIRAMFIN,"Shriram Finance Ltd
",Mar 2023,Consumer Finance,net_profit_margin_pct,19.742883379247015,0.7027027027027027
SHRIRAMFIN,"Shriram Finance Ltd
",Mar 2024,Consumer Finance,net_profit_margin_pct,20.333626470264925,0.7567567567567568
SHRIRAMFIN,"Shriram Finance Ltd
",TTM,Consumer Finance,net_profit_margin_pct,23.715633152719246,0.918918918918919
BAJFINANCE,Bajaj Finance Ltd,Mar 2015,Consumer Finance,debt_to_equity,5.553125,0.38235294117647056
BAJFINANCE,Bajaj Finance Ltd,Mar 2016,Consumer Finance,debt_to_equity,4.985189174633096,0.5588235294117647
BAJFINANCE,Bajaj Finance Ltd,Mar 2017,Consumer Finance,debt_to_equity,5.130208333333333,0.5
BAJFINANCE,Bajaj Finance Ltd,Mar 2018,Consumer Finance,debt_to_equity,4.1997097425542655,0.7647058823529411
BAJFINANCE,Bajaj Finance Ltd,Mar 2019,Consumer Finance,debt_to_equity,5.1575366807127985,0.47058823529411764
BAJFINANCE,Bajaj Finance Ltd,Mar 2020,Consumer Finance,debt_to_equity,4.015280871071517,0.7941176470588236
BAJFINANCE,Bajaj Finance Ltd,Mar 2021,Consumer Finance,debt_to_equity,3.5655777669429547,0.9705882352941176
BAJFINANCE,Bajaj Finance Ltd,Mar 2022,Consumer Finance,debt_to_equity,3.779928167821929,0.9117647058823529
BAJFINANCE,Bajaj Finance Ltd,Mar 2023,Consumer Finance,debt_to_equity,3.985323328183624,0.8529411764705882
BAJFINANCE,Bajaj Finance Ltd,Mar 2024,Consumer Finance,debt_to_equity,3.824788776468134,0.8823529411764706
BAJFINANCE,Bajaj Finance Ltd,TTM,Consumer Finance,debt_to_equity,,
CHOLAFIN,Cholamandalam Investment & Finance Company Ltd,Mar 2013,Consumer Finance,debt_to_equity,7.822233606557377,0.05882352941176472
CHOLAFIN,Cholamandalam Investment & Finance Company Ltd,Mar 2014,Consumer Finance,debt_to_equity,7.903366856143419,0.02941176470588236
CHOLAFIN,Cholamandalam Investment & Finance Company Ltd,Mar 2015,Consumer Finance,debt_to_equity,7.457943925233645,0.11764705882352944
CHOLAFIN,Cholamandalam Investment & Finance Company Ltd,Mar 2016,Consumer Finance,debt_to_equity,6.143324250681199,0.2647058823529411
CHOLAFIN,Cholamandalam Investment & Finance Company Ltd,Mar 2017,Consumer Finance,debt_to_equity,5.600511865984179,0.3529411764705882
CHOLAFIN,Cholamandalam Investment & Finance Company Ltd,Mar 2018,Consumer Finance,debt_to_equity,7.479024390243903,0.08823529411764708
CHOLAFIN,Cholamandalam Investment & Finance Company Ltd,Mar 2019,Consumer Finance,debt_to_equity,8.145457474226804,0.0
CHOLAFIN,Cholamandalam Investment & Finance Company Ltd,Mar 2020,Consumer Finance,debt_to_equity,6.707926829268293,0.20588235294117652
CHOLAFIN,Cholamandalam Investment & Finance Company Ltd,Mar 2021,Consumer Finance,debt_to_equity,6.638541666666667,0.23529411764705888
CHOLAFIN,Cholamandalam Investment & Finance Company Ltd,Mar 2022,Consumer Finance,debt_to_equity,5.87764465969921,0.32352941176470584
CHOLAFIN,Cholamandalam Investment & Finance Company Ltd,Mar 2023,Consumer Finance,debt_to_equity,6.786421302105117,0.17647058823529416
CHOLAFIN,Cholamandalam Investment & Finance Company Ltd,Mar 2024,Consumer Finance,debt_to_equity,6.863420609401317,0.1470588235294118
CHOLAFIN,Cholamandalam Investment & Finance Company Ltd,TTM,Consumer Finance,debt_to_equity,,
SHRIRAMFIN,"Shriram Finance Ltd
",Mar 2013,Consumer Finance,debt_to_equity,4.549741073862088,0.6764705882352942
SHRIRAMFIN,"Shriram Finance Ltd
",Mar 2014,Consumer Finance,debt_to_equity,4.539365452408931,0.7058823529411764
SHRIRAMFIN,"Shriram Finance Ltd
",Mar 2015,Consumer Finance,debt_to_equity,5.039391323116771,0.5294117647058824
SHRIRAMFIN,"Shriram Finance Ltd
",Mar 2016,Consumer Finance,debt_to_equity,4.892885220125786,0.6176470588235294
SHRIRAMFIN,"Shriram Finance Ltd
",Mar 2017,Consumer Finance,debt_to_equity,4.684080480056477,0.6470588235294117
SHRIRAMFIN,"Shriram Finance Ltd
",Mar 2018,Consumer Finance,debt_to_equity,5.999342585829072,0.2941176470588235
SHRIRAMFIN,"Shriram Finance Ltd
",Mar 2019,Consumer Finance,debt_to_equity,5.507360771784752,0.4117647058823529
SHRIRAMFIN,"Shriram Finance Ltd
",Mar 2020,Consumer Finance,debt_to_equity,5.221860875316944,0.4411764705882353
SHRIRAMFIN,"Shriram Finance Ltd
",Mar 2021,Consumer Finance,debt_to_equity,4.906110420407975,0.5882352941176471
SHRIRAMFIN,"Shriram Finance Ltd
",Mar 2022,Consumer Finance,debt_to_equity,4.401073002490898,0.7352941176470589
SHRIRAMFIN,"Shriram Finance Ltd
",Mar 2023,Consumer Finance,debt_to_equity,3.7737175951461666,0.9411764705882353
SHRIRAMFIN,"Shriram Finance Ltd
",Mar 2024,Consumer Finance,debt_to_equity,3.994034363699512,0.8235294117647058
SHRIRAMFIN,"Shriram Finance Ltd
",TTM,Consumer Finance,debt_to_equity,,
BAJFINANCE,Bajaj Finance Ltd,Mar 2015,Consumer Finance,interest_coverage,68.34615384615384,0.6470588235294118
BAJFINANCE,Bajaj Finance Ltd,Mar 2016,Consumer Finance,interest_coverage,68.02857142857142,0.6176470588235294
BAJFINANCE,Bajaj Finance Ltd,Mar 2017,Consumer Finance,interest_coverage,149.04545454545453,0.6764705882352942
BAJFINANCE,Bajaj Finance Ltd,Mar 2018,Consumer Finance,interest_coverage,414.6,0.7058823529411765
BAJFINANCE,Bajaj Finance Ltd,Mar 2019,Consumer Finance,interest_coverage,422.15384615384613,0.7352941176470589
BAJFINANCE,Bajaj Finance Ltd,Mar 2020,Consumer Finance,interest_coverage,1020.8888888888889,0.9117647058823529
BAJFINANCE,Bajaj Finance Ltd,Mar 2021,Consumer Finance,interest_coverage,3621.0,1.0
BAJFINANCE,Bajaj Finance Ltd,Mar 2022,Consumer Finance,interest_coverage,-700.6470588235294,0.058823529411764705
BAJFINANCE,Bajaj Finance Ltd,Mar 2023,Consumer Finance,interest_coverage,-2546.4,0.029411764705882353
BAJFINANCE,Bajaj Finance Ltd,Mar 2024,Consumer Finance,interest_coverage,2689.1666666666665,0.9705882352941176
BAJFINANCE,Bajaj Finance Ltd,TTM,Consumer Finance,interest_coverage,654.3793103448276,0.8235294117647058
CHOLAFIN,Cholamandalam Investment & Finance Company Ltd,Mar 2013,Consumer Finance,interest_coverage,706.0,0.8529411764705882
CHOLAFIN,Cholamandalam Investment & Finance Company Ltd,Mar 2014,Consumer Finance,interest_coverage,950.0,0.8823529411764706
CHOLAFIN,Cholamandalam Investment & Finance Company Ltd,Mar 2015,Consumer Finance,interest_coverage,,
CHOLAFIN,Cholamandalam Investment & Finance Company Ltd,Mar 2016,Consumer Finance,interest_coverage,643.5,0.7941176470588235
CHOLAFIN,Cholamandalam Investment & Finance Company Ltd,Mar 2017,Consumer Finance,interest_coverage,448.6666666666667,0.7647058823529411
CHOLAFIN,Cholamandalam Investment & Finance Company Ltd,Mar 2018,Consumer Finance,interest_coverage,,
CHOLAFIN,Cholamandalam Investment & Finance Company Ltd,Mar 2019,Consumer Finance,interest_coverage,1659.0,0.9411764705882353
CHOLAFIN,Cholamandalam Investment & Finance Company Ltd,Mar 2020,Consumer Finance,interest_coverage,,
CHOLAFIN,Cholamandalam Investment & Finance Company Ltd,Mar 2021,Consumer Finance,interest_coverage,52.410714285714285,0.5882352941176471
CHOLAFIN,Cholamandalam Investment & Finance Company Ltd,Mar 2022,Consumer Finance,interest_coverage,35.17857142857143,0.5588235294117647
CHOLAFIN,Cholamandalam Investment & Finance Company Ltd,Mar 2023,Consumer Finance,interest_coverage,16.581818181818182,0.47058823529411764
CHOLAFIN,Cholamandalam Investment & Finance Company Ltd,Mar 2024,Consumer Finance,interest_coverage,21.211764705882352,0.5
CHOLAFIN,Cholamandalam Investment & Finance Company Ltd,TTM,Consumer Finance,interest_coverage,26.108870967741936,0.5294117647058824
SHRIRAMFIN,"Shriram Finance Ltd
",Mar 2013,Consumer Finance,interest_coverage,0.7069857697283312,0.4117647058823529
SHRIRAMFIN,"Shriram Finance Ltd
",Mar 2014,Consumer Finance,interest_coverage,0.47318686510748875,0.2647058823529412
SHRIRAMFIN,"Shriram Finance Ltd
",Mar 2015,Consumer Finance,interest_coverage,0.3597535061623459,0.11764705882352941
SHRIRAMFIN,"Shriram Finance Ltd
",Mar 2016,Consumer Finance,interest_coverage,0.3590801886792453,0.08823529411764706
SHRIRAMFIN,"Shriram Finance Ltd
",Mar 2017,Consumer Finance,interest_coverage,0.37804177045410997,0.20588235294117646
SHRIRAMFIN,"Shriram Finance Ltd
",Mar 2018,Consumer Finance,interest_coverage,0.6135122484006865,0.3235294117647059
SHRIRAMFIN,"Shriram Finance Ltd
",Mar 2019,Consumer Finance,interest_coverage,0.5051560021152829,0.29411764705882354
SHRIRAMFIN,"Shriram Finance Ltd
",Mar 2020,Consumer Finance,interest_coverage,0.4305304944063515,0.23529411764705882
SHRIRAMFIN,"Shriram Finance Ltd
",Mar 2021,Consumer Finance,interest_coverage,0.37583892617449666,0.14705882352941177
SHRIRAMFIN,"Shriram Finance Ltd
",Mar 2022,Consumer Finance,interest_coverage,0.3769569221324056,0.17647058823529413
SHRIRAMFIN,"Shriram Finance Ltd
",Mar 2023,Consumer Finance,interest_coverage,0.6787556787556788,0.38235294117647056
SHRIRAMFIN,"Shriram Finance Ltd
",Mar 2024,Consumer Finance,interest_coverage,0.6766743648960739,0.35294117647058826
SHRIRAMFIN,"Shriram Finance Ltd
",TTM,Consumer Finance,interest_coverage,0.767479674796748,0.4411764705882353
BAJFINANCE,Bajaj Finance Ltd,Mar 2015,Consumer Finance,asset_turnover,0.16449054301403296,1.0
BAJFINANCE,Bajaj Finance Ltd,Mar 2016,Consumer Finance,asset_turnover,0.1553871372916356,0.8235294117647058
BAJFINANCE,Bajaj Finance Ltd,Mar 2017,Consumer Finance,asset_turnover,0.15643878175456213,0.9117647058823529
BAJFINANCE,Bajaj Finance Ltd,Mar 2018,Consumer Finance,asset_turnover,0.15031014882426472,0.6470588235294118
BAJFINANCE,Bajaj Finance Ltd,Mar 2019,Consumer Finance,asset_turnover,0.1488090925921454,0.5882352941176471
BAJFINANCE,Bajaj Finance Ltd,Mar 2020,Consumer Finance,asset_turnover,0.1604345736688748,0.9411764705882353
BAJFINANCE,Bajaj Finance Ltd,Mar 2021,Consumer Finance,asset_turnover,0.15555490756400536,0.8529411764705882
BAJFINANCE,Bajaj Finance Ltd,Mar 2022,Consumer Finance,asset_turnover,0.14889461944603918,0.6176470588235294
BAJFINANCE,Bajaj Finance Ltd,Mar 2023,Consumer Finance,asset_turnover,0.15046180230065473,0.6764705882352942
BAJFINANCE,Bajaj Finance Ltd,Mar 2024,Consumer Finance,asset_turnover,0.14630251608816688,0.4117647058823529
BAJFINANCE,Bajaj Finance Ltd,TTM,Consumer Finance,asset_turnover,,
CHOLAFIN,Cholamandalam Investment & Finance Company Ltd,Mar 2013,Consumer Finance,asset_turnover,0.14099188062321702,0.3235294117647059
CHOLAFIN,Cholamandalam Investment & Finance Company Ltd,Mar 2014,Consumer Finance,asset_turnover,0.1522001485332343,0.7352941176470589
CHOLAFIN,Cholamandalam Investment & Finance Company Ltd,Mar 2015,Consumer Finance,asset_turnover,0.15564772917714095,0.8823529411764706
CHOLAFIN,Cholamandalam Investment & Finance Company Ltd,Mar 2016,Consumer Finance,asset_turnover,0.15109899960557927,0.7058823529411765
CHOLAFIN,Cholamandalam Investment & Finance Company Ltd,Mar 2017,Consumer Finance,asset_turnover,0.15340871952415192,0.7941176470588235
CHOLAFIN,Cholamandalam Investment & Finance Company Ltd,Mar 2018,Consumer Finance,asset_turnover,0.12586320103244503,0.14705882352941177
CHOLAFIN,Cholamandalam Investment & Finance Company Ltd,Mar 2019,Consumer Finance,asset_turnover,0.12363889372064707,0.11764705882352941
CHOLAFIN,Cholamandalam Investment & Finance Company Ltd,Mar 2020,Consumer Finance,asset_turnover,0.13600174841549845,0.2647058823529412
CHOLAFIN,Cholamandalam Investment & Finance Company Ltd,Mar 2021,Consumer Finance,asset_turnover,0.12838272332672418,0.17647058823529413
CHOLAFIN,Cholamandalam Investment & Finance Company Ltd,Mar 2022,Consumer Finance,asset_turnover,0.12303887097165304,0.08823529411764706
CHOLAFIN,Cholamandalam Investment & Finance Company Ltd,Mar 2023,Consumer Finance,asset_turnover,0.113388543215961,0.029411764705882353
CHOLAFIN,Cholamandalam Investment & Finance Company Ltd,Mar 2024,Consumer Finance,asset_turnover,0.12230192869816066,0.058823529411764705
CHOLAFIN,Cholamandalam Investment & Finance Company Ltd,TTM,Consumer Finance,asset_turnover,,
SHRIRAMFIN,"Shriram Finance Ltd
",Mar 2013,Consumer Finance,asset_turnover,0.1482633159876465,0.5588235294117647
SHRIRAMFIN,"Shriram Finance Ltd
",Mar 2014,Consumer Finance,asset_turnover,0.16196590995948942,0.9705882352941176
SHRIRAMFIN,"Shriram Finance Ltd
",Mar 2015,Consumer Finance,asset_turnover,0.14764938700646782,0.5294117647058824
SHRIRAMFIN,"Shriram Finance Ltd
",Mar 2016,Consumer Finance,asset_turnover,0.15230911737461955,0.7647058823529411
SHRIRAMFIN,"Shriram Finance Ltd
",Mar 2017,Consumer Finance,asset_turnover,0.1464551486983854,0.4411764705882353
SHRIRAMFIN,"Shriram Finance Ltd
",Mar 2018,Consumer Finance,asset_turnover,0.1386811832374692,0.29411764705882354
SHRIRAMFIN,"Shriram Finance Ltd
",Mar 2019,Consumer Finance,asset_turnover,0.14737381306975023,0.5
SHRIRAMFIN,"Shriram Finance Ltd
",Mar 2020,Consumer Finance,asset_turnover,0.14493375107205994,0.38235294117647056
SHRIRAMFIN,"Shriram Finance Ltd
",Mar 2021,Consumer Finance,asset_turnover,0.13410822877376646,0.20588235294117646
SHRIRAMFIN,"Shriram Finance Ltd
",Mar 2022,Consumer Finance,asset_turnover,0.13534315517192905,0.23529411764705882
SHRIRAMFIN,"Shriram Finance Ltd
",Mar 2023,Consumer Finance,asset_turnover,0.14480488951574988,0.35294117647058826
SHRIRAMFIN,"Shriram Finance Ltd
",Mar 2024,Consumer Finance,asset_turnover,0.14656859980827017,0.47058823529411764
SHRIRAMFIN,"Shriram Finance Ltd
",TTM,Consumer Finance,asset_turnover,,
BAJFINANCE,Bajaj Finance Ltd,Mar 2015,Consumer Finance,free_cash_flow_cr,-7424.0,0.5882352941176471
BAJFINANCE,Bajaj Finance Ltd,Mar 2016,Consumer Finance,free_cash_flow_cr,-10557.0,0.4117647058823529
BAJFINANCE,Bajaj Finance Ltd,Mar 2017,Consumer Finance,free_cash_flow_cr,-13486.0,0.29411764705882354
BAJFINANCE,Bajaj Finance Ltd,Mar 2018,Consumer Finance,free_cash_flow_cr,-19491.0,0.2647058823529412
BAJFINANCE,Bajaj Finance Ltd,Mar 2019,Consumer Finance,free_cash_flow_cr,-34441.0,0.11764705882352941
BAJFINANCE,Bajaj Finance Ltd,Mar 2020,Consumer Finance,free_cash_flow_cr,-33170.0,0.14705882352941177
BAJFINANCE,Bajaj Finance Ltd,Mar 2021,Consumer Finance,free_cash_flow_cr,-1236.0,1.0
BAJFINANCE,Bajaj Finance Ltd,Mar 2022,Consumer Finance,free_cash_flow_cr,-30743.0,0.20588235294117646
BAJFINANCE,Bajaj Finance Ltd,Mar 2023,Consumer Finance,free_cash_flow_cr,-52506.0,0.058823529411764705
BAJFINANCE,Bajaj Finance Ltd,Mar 2024,Consumer Finance,free_cash_flow_cr,-79931.0,0.029411764705882353
BAJFINANCE,Bajaj Finance Ltd,TTM,Consumer Finance,free_cash_flow_cr,,
CHOLAFIN,Cholamandalam Investment & Finance Company Ltd,Mar 2013,Consumer Finance,free_cash_flow_cr,-3749.0,0.7647058823529411
CHOLAFIN,Cholamandalam Investment & Finance Company Ltd,Mar 2014,Consumer Finance,free_cash_flow_cr,-2530.0,0.8529411764705882
CHOLAFIN,Cholamandalam Investment & Finance Company Ltd,Mar 2015,Consumer Finance,free_cash_flow_cr,-2304.0,0.9117647058823529
CHOLAFIN,Cholamandalam Investment & Finance Company Ltd,Mar 2016,Consumer Finance,free_cash_flow_cr,-2946.0,0.7941176470588235
CHOLAFIN,Cholamandalam Investment & Finance Company Ltd,Mar 2017,Consumer Finance,free_cash_flow_cr,-1690.0,0.9705882352941176
CHOLAFIN,Cholamandalam Investment & Finance Company Ltd,Mar 2018,Consumer Finance,free_cash_flow_cr,-7986.0,0.5588235294117647
CHOLAFIN,Cholamandalam Investment & Finance Company Ltd,Mar 2019,Consumer Finance,free_cash_flow_cr,-9328.0,0.47058823529411764
CHOLAFIN,Cholamandalam Investment & Finance Company Ltd,Mar 2020,Consumer Finance,free_cash_flow_cr,-2129.0,0.9411764705882353
CHOLAFIN,Cholamandalam Investment & Finance Company Ltd,Mar 2021,Consumer Finance,free_cash_flow_cr,-10594.0,0.38235294117647056
CHOLAFIN,Cholamandalam Investment & Finance Company Ltd,Mar 2022,Consumer Finance,free_cash_flow_cr,-3931.0,0.7352941176470589
CHOLAFIN,Cholamandalam Investment & Finance Company Ltd,Mar 2023,Consumer Finance,free_cash_flow_cr,-29253.0,0.23529411764705882
CHOLAFIN,Cholamandalam Investment & Finance Company Ltd,Mar 2024,Consumer Finance,free_cash_flow_cr,-38538.0,0.08823529411764706
CHOLAFIN,Cholamandalam Investment & Finance Company Ltd,TTM,Consumer Finance,free_cash_flow_cr,,
SHRIRAMFIN,"Shriram Finance Ltd
",Mar 2013,Consumer Finance,free_cash_flow_cr,-8400.0,0.5294117647058824
SHRIRAMFIN,"Shriram Finance Ltd
",Mar 2014,Consumer Finance,free_cash_flow_cr,-4167.0,0.7058823529411765
SHRIRAMFIN,"Shriram Finance Ltd
",Mar 2015,Consumer Finance,free_cash_flow_cr,-9656.0,0.4411764705882353
SHRIRAMFIN,"Shriram Finance Ltd
",Mar 2016,Consumer Finance,free_cash_flow_cr,-5543.0,0.6470588235294118
SHRIRAMFIN,"Shriram Finance Ltd
",Mar 2017,Consumer Finance,free_cash_flow_cr,-2679.0,0.8235294117647058
SHRIRAMFIN,"Shriram Finance Ltd
",Mar 2018,Consumer Finance,free_cash_flow_cr,-13056.0,0.3235294117647059
SHRIRAMFIN,"Shriram Finance Ltd
",Mar 2019,Consumer Finance,free_cash_flow_cr,-5611.0,0.6176470588235294
SHRIRAMFIN,"Shriram Finance Ltd
",Mar 2020,Consumer Finance,free_cash_flow_cr,-2519.0,0.8823529411764706
SHRIRAMFIN,"Shriram Finance Ltd
",Mar 2021,Consumer Finance,free_cash_flow_cr,-4264.0,0.6764705882352942
SHRIRAMFIN,"Shriram Finance Ltd
",Mar 2022,Consumer Finance,free_cash_flow_cr,-8893.0,0.5
SHRIRAMFIN,"Shriram Finance Ltd
",Mar 2023,Consumer Finance,free_cash_flow_cr,-12549.0,0.35294117647058826
SHRIRAMFIN,"Shriram Finance Ltd
",Mar 2024,Consumer Finance,free_cash_flow_cr,-31359.0,0.17647058823529413
SHRIRAMFIN,"Shriram Finance Ltd
",TTM,Consumer Finance,free_cash_flow_cr,,
BANKBARODA,Bank of Baroda,Mar 2013,Public Sector Banks,return_on_equity_pct,14.509344390361157,0.6944444444444444
BANKBARODA,Bank of Baroda,Mar 2014,Public Sector Banks,return_on_equity_pct,13.306206568552328,0.6388888888888888
BANKBARODA,Bank of Baroda,Mar 2015,Public Sector Banks,return_on_equity_pct,9.400733019182256,0.5833333333333334
BANKBARODA,Bank of Baroda,Mar 2016,Public Sector Banks,return_on_equity_pct,-11.841517069383338,0.1111111111111111
BANKBARODA,Bank of Baroda,Mar 2017,Public Sector Banks,return_on_equity_pct,4.307242204007709,0.3888888888888889
BANKBARODA,Bank of Baroda,Mar 2018,Public Sector Banks,return_on_equity_pct,-3.9427908774642444,0.2222222222222222
BANKBARODA,Bank of Baroda,Mar 2019,Public Sector Banks,return_on_equity_pct,2.1201541930322207,0.3333333333333333
BANKBARODA,Bank of Baroda,Mar 2020,Public Sector Banks,return_on_equity_pct,1.2890255439924314,0.25
BANKBARODA,Bank of Baroda,Mar 2021,Public Sector Banks,return_on_equity_pct,1.9662580410243962,0.3055555555555556
BANKBARODA,Bank of Baroda,Mar 2022,Public Sector Banks,return_on_equity_pct,8.635121749447583,0.4722222222222222
BANKBARODA,Bank of Baroda,Mar 2023,Public Sector Banks,return_on_equity_pct,14.282994621864736,0.6666666666666666
BANKBARODA,Bank of Baroda,Mar 2024,Public Sector Banks,return_on_equity_pct,15.761863790899902,0.75
BANKBARODA,Bank of Baroda,TTM,Public Sector Banks,return_on_equity_pct,,
CANBK,Canara Bank,Mar 2013,Public Sector Banks,return_on_equity_pct,11.896250397203687,0.6111111111111112
CANBK,Canara Bank,Mar 2014,Public Sector Banks,return_on_equity_pct,8.854718981972429,0.5277777777777778
CANBK,Canara Bank,Mar 2015,Public Sector Banks,return_on_equity_pct,9.020682014034225,0.5555555555555556
CANBK,Canara Bank,Mar 2016,Public Sector Banks,return_on_equity_pct,-7.821659981487196,0.16666666666666666
CANBK,Canara Bank,Mar 2017,Public Sector Banks,return_on_equity_pct,4.06804093988756,0.3611111111111111
CANBK,Canara Bank,Mar 2018,Public Sector Banks,return_on_equity_pct,-10.496788356776973,0.1388888888888889
CANBK,Canara Bank,Mar 2019,Public Sector Banks,return_on_equity_pct,1.8466926689484995,0.2777777777777778
CANBK,Canara Bank,Mar 2020,Public Sector Banks,return_on_equity_pct,-4.661942435567636,0.19444444444444445
CANBK,Canara Bank,Mar 2021,Public Sector Banks,return_on_equity_pct,4.73802275276398,0.4166666666666667
CANBK,Canara Bank,Mar 2022,Public Sector Banks,return_on_equity_pct,8.802046854676176,0.5
CANBK,Canara Bank,Mar 2023,Public Sector Banks,return_on_equity_pct,14.534809234632434,0.7222222222222222
CANBK,Canara Bank,Mar 2024,Public Sector Banks,return_on_equity_pct,16.716051794688113,0.7777777777777778
CANBK,Canara Bank,TTM,Public Sector Banks,return_on_equity_pct,,
PNB,Punjab National Bank,Mar 2013,Public Sector Banks,return_on_equity_pct,812.2977346278317,1.0
PNB,Punjab National Bank,Mar 2014,Public Sector Banks,return_on_equity_pct,393.3618843683083,0.9722222222222222
PNB,Punjab National Bank,Mar 2015,Public Sector Banks,return_on_equity_pct,223.2425585813806,0.9444444444444444
PNB,Punjab National Bank,Mar 2016,Public Sector Banks,return_on_equity_pct,-163.56011183597388,0.05555555555555555
PNB,Punjab National Bank,Mar 2017,Public Sector Banks,return_on_equity_pct,22.212262459662963,0.8055555555555556
PNB,Punjab National Bank,Mar 2018,Public Sector Banks,return_on_equity_pct,-184.36596133353632,0.027777777777777776
PNB,Punjab National Bank,Mar 2019,Public Sector Banks,return_on_equity_pct,-128.4465366509751,0.08333333333333333
PNB,Punjab National Bank,Mar 2020,Public Sector Banks,return_on_equity_pct,6.1029319239964765,0.4444444444444444
PNB,Punjab National Bank,Mar 2021,Public Sector Banks,return_on_equity_pct,30.393594225780983,0.8333333333333334
PNB,Punjab National Bank,Mar 2022,Public Sector Banks,return_on_equity_pct,39.87348229772472,0.8888888888888888
PNB,Punjab National Bank,Mar 2023,Public Sector Banks,return_on_equity_pct,30.667397060166163,0.8611111111111112
PNB,Punjab National Bank,Mar 2024,Public Sector Banks,return_on_equity_pct,61.320565191187306,0.9166666666666666
PNB,Punjab National Bank,TTM,Public Sector Banks,return_on_equity_pct,,
SBIN,State Bank of India,Mar 2013,Public Sector Banks,return_on_equity_pct,,
SBIN,State Bank of India,Mar 2014,Public Sector Banks,return_on_equity_pct,,
SBIN,State Bank of India,Mar 2015,Public Sector Banks,return_on_equity_pct,,
SBIN,State Bank of India,Mar 2016,Public Sector Banks,return_on_equity_pct,,
SBIN,State Bank of India,Mar 2017,Public Sector Banks,return_on_equity_pct,,
SBIN,State Bank of India,Mar 2018,Public Sector Banks,return_on_equity_pct,,
SBIN,State Bank of India,Mar 2019,Public Sector Banks,return_on_equity_pct,,
SBIN,State Bank of India,Mar 2020,Public Sector Banks,return_on_equity_pct,,
SBIN,State Bank of India,Mar 2021,Public Sector Banks,return_on_equity_pct,,
SBIN,State Bank of India,Mar 2022,Public Sector Banks,return_on_equity_pct,,
SBIN,State Bank of India,Mar 2023,Public Sector Banks,return_on_equity_pct,,
SBIN,State Bank of India,Mar 2024,Public Sector Banks,return_on_equity_pct,,
SBIN,State Bank of India,TTM,Public Sector Banks,return_on_equity_pct,,
BANKBARODA,Bank of Baroda,Mar 2013,Public Sector Banks,net_profit_margin_pct,13.251193677624718,0.8461538461538461
BANKBARODA,Bank of Baroda,Mar 2014,Public Sector Banks,net_profit_margin_pct,12.4459382645874,0.7692307692307693
BANKBARODA,Bank of Baroda,Mar 2015,Public Sector Banks,net_profit_margin_pct,8.794389402204164,0.6923076923076923
BANKBARODA,Bank of Baroda,Mar 2016,Public Sector Banks,net_profit_margin_pct,-10.98932291098059,0.057692307692307696
BANKBARODA,Bank of Baroda,Mar 2017,Public Sector Banks,net_profit_margin_pct,4.171070087468801,0.40384615384615385
BANKBARODA,Bank of Baroda,Mar 2018,Public Sector Banks,net_profit_margin_pct,-3.986451276706618,0.1346153846153846
BANKBARODA,Bank of Baroda,Mar 2019,Public Sector Banks,net_profit_margin_pct,2.203908819415567,0.3076923076923077
BANKBARODA,Bank of Baroda,Mar 2020,Public Sector Banks,net_profit_margin_pct,1.2434248051207302,0.23076923076923078
BANKBARODA,Bank of Baroda,Mar 2021,Public Sector Banks,net_profit_margin_pct,2.1799391770056786,0.28846153846153844
BANKBARODA,Bank of Baroda,Mar 2022,Public Sector Banks,net_profit_margin_pct,10.810111058118144,0.7115384615384616
BANKBARODA,Bank of Baroda,Mar 2023,Public Sector Banks,net_profit_margin_pct,15.877802821074463,0.9423076923076923
BANKBARODA,Bank of Baroda,Mar 2024,Public Sector Banks,net_profit_margin_pct,15.93948250956673,0.9615384615384616
BANKBARODA,Bank of Baroda,TTM,Public Sector Banks,net_profit_margin_pct,16.226317824461916,0.9807692307692307
CANBK,Canara Bank,Mar 2013,Public Sector Banks,net_profit_margin_pct,8.790724977986498,0.6730769230769231
CANBK,Canara Bank,Mar 2014,Public Sector Banks,net_profit_margin_pct,6.7525903462218855,0.5
CANBK,Canara Bank,Mar 2015,Public Sector Banks,net_profit_margin_pct,6.689795266245178,0.4807692307692308
CANBK,Canara Bank,Mar 2016,Public Sector Banks,net_profit_margin_pct,-5.756261495492632,0.11538461538461539
CANBK,Canara Bank,Mar 2017,Public Sector Banks,net_profit_margin_pct,3.403526545577345,0.36538461538461536
CANBK,Canara Bank,Mar 2018,Public Sector Banks,net_profit_margin_pct,-9.367517233039061,0.07692307692307693
CANBK,Canara Bank,Mar 2019,Public Sector Banks,net_profit_margin_pct,1.4514817209234425,0.2692307692307692
CANBK,Canara Bank,Mar 2020,Public Sector Banks,net_profit_margin_pct,-3.8606081311923472,0.15384615384615385
CANBK,Canara Bank,Mar 2021,Public Sector Banks,net_profit_margin_pct,4.2090729221527905,0.4230769230769231
CANBK,Canara Bank,Mar 2022,Public Sector Banks,net_profit_margin_pct,8.720650295975302,0.6538461538461539
CANBK,Canara Bank,Mar 2023,Public Sector Banks,net_profit_margin_pct,13.209524363975083,0.8269230769230769
CANBK,Canara Bank,Mar 2024,Public Sector Banks,net_profit_margin_pct,13.935160470145405,0.8846153846153846
CANBK,Canara Bank,TTM,Public Sector Banks,net_profit_margin_pct,13.879489413025997,0.8653846153846154
PNB,Punjab National Bank,Mar 2013,Public Sector Banks,net_profit_margin_pct,11.655174014998492,0.75
PNB,Punjab National Bank,Mar 2014,Public Sector Banks,net_profit_margin_pct,8.172071711375061,0.5769230769230769
PNB,Punjab National Bank,Mar 2015,Public Sector Banks,net_profit_margin_pct,7.236707041675221,0.5192307692307693
PNB,Punjab National Bank,Mar 2016,Public Sector Banks,net_profit_margin_pct,-6.908904810644831,0.09615384615384616
PNB,Punjab National Bank,Mar 2017,Public Sector Banks,net_profit_margin_pct,2.578134753839111,0.3269230769230769
PNB,Punjab National Bank,Mar 2018,Public Sector Banks,net_profit_margin_pct,-24.855823499230375,0.019230769230769232
PNB,Punjab National Bank,Mar 2019,Public Sector Banks,net_profit_margin_pct,-18.31361343893225,0.038461538461538464
PNB,Punjab National Bank,Mar 2020,Public Sector Banks,net_profit_margin_pct,0.883134855602899,0.21153846153846154
PNB,Punjab National Bank,Mar 2021,Public Sector Banks,net_profit_margin_pct,3.289192652712516,0.34615384615384615
PNB,Punjab National Bank,Mar 2022,Public Sector Banks,net_profit_margin_pct,5.125783688780462,0.4423076923076923
PNB,Punjab National Bank,Mar 2023,Public Sector Banks,net_profit_margin_pct,3.8678104669238302,0.38461538461538464
PNB,Punjab National Bank,Mar 2024,Public Sector Banks,net_profit_margin_pct,8.395910695456838,0.5961538461538461
PNB,Punjab National Bank,TTM,Public Sector Banks,net_profit_margin_pct,12.516576821728123,0.7884615384615384
SBIN,State Bank of India,Mar 2013,Public Sector Banks,net_profit_margin_pct,11.046220888698386,0.7307692307692307
SBIN,State Bank of India,Mar 2014,Public Sector Banks,net_profit_margin_pct,7.831822365150057,0.5384615384615384
SBIN,State Bank of India,Mar 2015,Public Sector Banks,net_profit_margin_pct,8.574148691663382,0.6153846153846154
SBIN,State Bank of India,Mar 2016,Public Sector Banks,net_profit_margin_pct,5.900749207960731,0.46153846153846156
SBIN,State Bank of India,Mar 2017,Public Sector Banks,net_profit_margin_pct,-0.042092107946729615,0.19230769230769232
SBIN,State Bank of India,Mar 2018,Public Sector Banks,net_profit_margin_pct,-1.6373324016246669,0.17307692307692307
SBIN,State Bank of India,Mar 2019,Public Sector Banks,net_profit_margin_pct,1.322822336788751,0.25
SBIN,State Bank of India,Mar 2020,Public Sector Banks,net_profit_margin_pct,7.833923780442613,0.5576923076923077
SBIN,State Bank of India,Mar 2021,Public Sector Banks,net_profit_margin_pct,8.589252647286195,0.6346153846153846
SBIN,State Bank of India,Mar 2022,Public Sector Banks,net_profit_margin_pct,12.822917995813404,0.8076923076923077
SBIN,State Bank of India,Mar 2023,Public Sector Banks,net_profit_margin_pct,16.460260228876,1.0
SBIN,State Bank of India,Mar 2024,Public Sector Banks,net_profit_margin_pct,15.83441297482405,0.9038461538461539
SBIN,State Bank of India,TTM,Public Sector Banks,net_profit_margin_pct,15.855416555762577,0.9230769230769231
BANKBARODA,Bank of Baroda,Mar 2013,Public Sector Banks,debt_to_equity,15.299320954269575,0.2777777777777778
BANKBARODA,Bank of Baroda,Mar 2014,Public Sector Banks,debt_to_equity,16.301767643406347,0.05555555555555558
BANKBARODA,Bank of Baroda,Mar 2015,Public Sector Banks,debt_to_equity,15.838045599504975,0.16666666666666663
BANKBARODA,Bank of Baroda,Mar 2016,Public Sector Banks,debt_to_equity,14.599816483542337,0.4444444444444444
BANKBARODA,Bank of Baroda,Mar 2017,Public Sector Banks,debt_to_equity,15.057909768500243,0.33333333333333337
BANKBARODA,Bank of Baroda,Mar 2018,Public Sector Banks,debt_to_equity,14.437808701627796,0.4722222222222222
BANKBARODA,Bank of Baroda,Mar 2019,Public Sector Banks,debt_to_equity,13.354716706669576,0.5277777777777778
BANKBARODA,Bank of Baroda,Mar 2020,Public Sector Banks,debt_to_equity,14.046318196152633,0.5
BANKBARODA,Bank of Baroda,Mar 2021,Public Sector Banks,debt_to_equity,12.95270057045758,0.5555555555555556
BANKBARODA,Bank of Baroda,Mar 2022,Public Sector Banks,debt_to_equity,12.902404510770772,0.5833333333333333
BANKBARODA,Bank of Baroda,Mar 2023,Public Sector Banks,debt_to_equity,12.77989624482414,0.6111111111111112
BANKBARODA,Bank of Baroda,Mar 2024,Public Sector Banks,debt_to_equity,12.143718727289434,0.6388888888888888
BANKBARODA,Bank of Baroda,TTM,Public Sector Banks,debt_to_equity,,
CANBK,Canara Bank,Mar 2013,Public Sector Banks,debt_to_equity,14.936447410231967,0.36111111111111116
CANBK,Canara Bank,Mar 2014,Public Sector Banks,debt_to_equity,14.843352332979851,0.41666666666666663
CANBK,Canara Bank,Mar 2015,Public Sector Banks,debt_to_equity,15.37264557429521,0.25
CANBK,Canara Bank,Mar 2016,Public Sector Banks,debt_to_equity,15.634433816723234,0.19444444444444442
CANBK,Canara Bank,Mar 2017,Public Sector Banks,debt_to_equity,15.420441112873,0.2222222222222222
CANBK,Canara Bank,Mar 2018,Public Sector Banks,debt_to_equity,15.279182589370409,0.3055555555555556
CANBK,Canara Bank,Mar 2019,Public Sector Banks,debt_to_equity,16.98548648146674,0.02777777777777779
CANBK,Canara Bank,Mar 2020,Public Sector Banks,debt_to_equity,16.215356986846576,0.08333333333333337
CANBK,Canara Bank,Mar 2021,Public Sector Banks,debt_to_equity,17.000448646050312,0.0
CANBK,Canara Bank,Mar 2022,Public Sector Banks,debt_to_equity,16.18939123225797,0.11111111111111116
CANBK,Canara Bank,Mar 2023,Public Sector Banks,debt_to_equity,15.850052527737208,0.13888888888888884
CANBK,Canara Bank,Mar 2024,Public Sector Banks,debt_to_equity,14.867419925542423,0.38888888888888884
CANBK,Canara Bank,TTM,Public Sector Banks,debt_to_equity,,
PNB,Punjab National Bank,Mar 2013,Public Sector Banks,debt_to_equity,10.833333333333334,0.6944444444444444
PNB,Punjab National Bank,Mar 2014,Public Sector Banks,debt_to_equity,10.822269807280515,0.7222222222222222
PNB,Punjab National Bank,Mar 2015,Public Sector Banks,debt_to_equity,10.437618746041798,0.75
PNB,Punjab National Bank,Mar 2016,Public Sector Banks,debt_to_equity,12.122087604846225,0.6666666666666667
PNB,Punjab National Bank,Mar 2017,Public Sector Banks,debt_to_equity,6.3637504481893155,0.8888888888888888
PNB,Punjab National Bank,Mar 2018,Public Sector Banks,debt_to_equity,8.186481960724615,0.8333333333333334
PNB,Punjab National Bank,Mar 2019,Public Sector Banks,debt_to_equity,9.664963012777404,0.7777777777777778
PNB,Punjab National Bank,Mar 2020,Public Sector Banks,debt_to_equity,8.523467975336604,0.8055555555555556
PNB,Punjab National Bank,Mar 2021,Public Sector Banks,debt_to_equity,6.69831961204466,0.8611111111111112
PNB,Punjab National Bank,Mar 2022,Public Sector Banks,debt_to_equity,5.403632282420161,0.9166666666666666
PNB,Punjab National Bank,Mar 2023,Public Sector Banks,debt_to_equity,4.895553729571807,0.9444444444444444
PNB,Punjab National Bank,Mar 2024,Public Sector Banks,debt_to_equity,3.684256345007701,0.9722222222222222
PNB,Punjab National Bank,TTM,Public Sector Banks,debt_to_equity,,
SBIN,State Bank of India,Mar 2013,Public Sector Banks,debt_to_equity,,
SBIN,State Bank of India,Mar 2014,Public Sector Banks,debt_to_equity,,
SBIN,State Bank of India,Mar 2015,Public Sector Banks,debt_to_equity,,
SBIN,State Bank of India,Mar 2016,Public Sector Banks,debt_to_equity,,
SBIN,State Bank of India,Mar 2017,Public Sector Banks,debt_to_equity,,
SBIN,State Bank of India,Mar 2018,Public Sector Banks,debt_to_equity,,
SBIN,State Bank of India,Mar 2019,Public Sector Banks,debt_to_equity,,
SBIN,State Bank of India,Mar 2020,Public Sector Banks,debt_to_equity,,
SBIN,State Bank of India,Mar 2021,Public Sector Banks,debt_to_equity,,
SBIN,State Bank of India,Mar 2022,Public Sector Banks,debt_to_equity,,
SBIN,State Bank of India,Mar 2023,Public Sector Banks,debt_to_equity,,
SBIN,State Bank of India,Mar 2024,Public Sector Banks,debt_to_equity,,
SBIN,State Bank of India,TTM,Public Sector Banks,debt_to_equity,,
BANKBARODA,Bank of Baroda,Mar 2013,Public Sector Banks,interest_coverage,2.4280647306583907,0.7435897435897436
BANKBARODA,Bank of Baroda,Mar 2014,Public Sector Banks,interest_coverage,2.169396939693969,0.5641025641025641
BANKBARODA,Bank of Baroda,Mar 2015,Public Sector Banks,interest_coverage,2.4716461736098365,0.7692307692307693
BANKBARODA,Bank of Baroda,Mar 2016,Public Sector Banks,interest_coverage,4.233144192256342,1.0
BANKBARODA,Bank of Baroda,Mar 2017,Public Sector Banks,interest_coverage,2.4240897064382008,0.717948717948718
BANKBARODA,Bank of Baroda,Mar 2018,Public Sector Banks,interest_coverage,3.2623873873873874,0.8717948717948718
BANKBARODA,Bank of Baroda,Mar 2019,Public Sector Banks,interest_coverage,3.271839736274883,0.8974358974358975
BANKBARODA,Bank of Baroda,Mar 2020,Public Sector Banks,interest_coverage,3.327700762857846,0.9230769230769231
BANKBARODA,Bank of Baroda,Mar 2021,Public Sector Banks,interest_coverage,2.591475454483557,0.7948717948717948
BANKBARODA,Bank of Baroda,Mar 2022,Public Sector Banks,interest_coverage,2.6060437651962487,0.8205128205128205
BANKBARODA,Bank of Baroda,Mar 2023,Public Sector Banks,interest_coverage,2.3494930875576037,0.6923076923076923
BANKBARODA,Bank of Baroda,Mar 2024,Public Sector Banks,interest_coverage,1.8967477242617206,0.48717948717948717
BANKBARODA,Bank of Baroda,TTM,Public Sector Banks,interest_coverage,1.9516108707522997,0.5128205128205128
CANBK,Canara Bank,Mar 2013,Public Sector Banks,interest_coverage,2.1822853688029022,0.6153846153846154
CANBK,Canara Bank,Mar 2014,Public Sector Banks,interest_coverage,2.3248069498069497,0.6666666666666666
CANBK,Canara Bank,Mar 2015,Public Sector Banks,interest_coverage,2.1764208747094864,0.5897435897435898
CANBK,Canara Bank,Mar 2016,Public Sector Banks,interest_coverage,3.3739080896315987,0.9487179487179487
CANBK,Canara Bank,Mar 2017,Public Sector Banks,interest_coverage,1.9965613856342332,0.5384615384615384
CANBK,Canara Bank,Mar 2018,Public Sector Banks,interest_coverage,3.4536361178696944,0.9743589743589743
CANBK,Canara Bank,Mar 2019,Public Sector Banks,interest_coverage,2.7433128091248613,0.8461538461538461
CANBK,Canara Bank,Mar 2020,Public Sector Banks,interest_coverage,2.2699381303500297,0.6410256410256411
CANBK,Canara Bank,Mar 2021,Public Sector Banks,interest_coverage,1.8804037078749025,0.46153846153846156
CANBK,Canara Bank,Mar 2022,Public Sector Banks,interest_coverage,1.7432643911517152,0.4358974358974359
CANBK,Canara Bank,Mar 2023,Public Sector Banks,interest_coverage,1.6884501480750247,0.41025641025641024
CANBK,Canara Bank,Mar 2024,Public Sector Banks,interest_coverage,1.6106611743349857,0.38461538461538464
CANBK,Canara Bank,TTM,Public Sector Banks,interest_coverage,1.5798512864381127,0.358974358974359
PNB,Punjab National Bank,Mar 2013,Public Sector Banks,interest_coverage,,
PNB,Punjab National Bank,Mar 2014,Public Sector Banks,interest_coverage,,
PNB,Punjab National Bank,Mar 2015,Public Sector Banks,interest_coverage,,
PNB,Punjab National Bank,Mar 2016,Public Sector Banks,interest_coverage,,
PNB,Punjab National Bank,Mar 2017,Public Sector Banks,interest_coverage,,
PNB,Punjab National Bank,Mar 2018,Public Sector Banks,interest_coverage,,
PNB,Punjab National Bank,Mar 2019,Public Sector Banks,interest_coverage,,
PNB,Punjab National Bank,Mar 2020,Public Sector Banks,interest_coverage,,
PNB,Punjab National Bank,Mar 2021,Public Sector Banks,interest_coverage,,
PNB,Punjab National Bank,Mar 2022,Public Sector Banks,interest_coverage,,
PNB,Punjab National Bank,Mar 2023,Public Sector Banks,interest_coverage,,
PNB,Punjab National Bank,Mar 2024,Public Sector Banks,interest_coverage,,
PNB,Punjab National Bank,TTM,Public Sector Banks,interest_coverage,,
SBIN,State Bank of India,Mar 2013,Public Sector Banks,interest_coverage,0.25707277799621786,0.23076923076923078
SBIN,State Bank of India,Mar 2014,Public Sector Banks,interest_coverage,0.19153927839379645,0.1282051282051282
SBIN,State Bank of India,Mar 2015,Public Sector Banks,interest_coverage,0.20600845478641527,0.15384615384615385
SBIN,State Bank of India,Mar 2016,Public Sector Banks,interest_coverage,0.1428132012555314,0.10256410256410256
SBIN,State Bank of India,Mar 2017,Public Sector Banks,interest_coverage,0.02587935486034269,0.05128205128205128
SBIN,State Bank of India,Mar 2018,Public Sector Banks,interest_coverage,-0.062345245322401315,0.02564102564102564
SBIN,State Bank of India,Mar 2019,Public Sector Banks,interest_coverage,0.05591946980438451,0.07692307692307693
SBIN,State Bank of India,Mar 2020,Public Sector Banks,interest_coverage,0.2108810605496388,0.1794871794871795
SBIN,State Bank of India,Mar 2021,Public Sector Banks,interest_coverage,0.234004230498045,0.20512820512820512
SBIN,State Bank of India,Mar 2022,Public Sector Banks,interest_coverage,0.34207459953647384,0.2564102564102564
SBIN,State Bank of India,Mar 2023,Public Sector Banks,interest_coverage,0.41633110679489,0.3333333333333333
SBIN,State Bank of India,Mar 2024,Public Sector Banks,interest_coverage,0.3660986540179259,0.3076923076923077
SBIN,State Bank of India,TTM,Public Sector Banks,interest_coverage,0.34499887346157093,0.28205128205128205
BANKBARODA,Bank of Baroda,Mar 2013,Public Sector Banks,asset_turnover,0.06514631194503984,0.3333333333333333
BANKBARODA,Bank of Baroda,Mar 2014,Public Sector Banks,asset_turnover,0.059847301598570636,0.1111111111111111
BANKBARODA,Bank of Baroda,Mar 2015,Public Sector Banks,asset_turnover,0.06119493273530382,0.1388888888888889
BANKBARODA,Bank of Baroda,Mar 2016,Public Sector Banks,asset_turnover,0.06626271570214692,0.4166666666666667
BANKBARODA,Bank of Baroda,Mar 2017,Public Sector Banks,asset_turnover,0.06183538742185936,0.2222222222222222
BANKBARODA,Bank of Baroda,Mar 2018,Public Sector Banks,asset_turnover,0.061588989510508216,0.16666666666666666
BANKBARODA,Bank of Baroda,Mar 2019,Public Sector Banks,asset_turnover,0.06454548781826833,0.3055555555555556
BANKBARODA,Bank of Baroda,Mar 2020,Public Sector Banks,asset_turnover,0.06574939475888278,0.3888888888888889
BANKBARODA,Bank of Baroda,Mar 2021,Public Sector Banks,asset_turnover,0.061791002829544674,0.19444444444444445
BANKBARODA,Bank of Baroda,Mar 2022,Public Sector Banks,asset_turnover,0.05475998062861488,0.027777777777777776
BANKBARODA,Bank of Baroda,Mar 2023,Public Sector Banks,asset_turnover,0.06193380698630487,0.25
BANKBARODA,Bank of Baroda,Mar 2024,Public Sector Banks,asset_turnover,0.07153782236255685,0.5277777777777778
BANKBARODA,Bank of Baroda,TTM,Public Sector Banks,asset_turnover,,
CANBK,Canara Bank,Mar 2013,Public Sector Banks,asset_turnover,0.08124982114069311,0.6666666666666666
CANBK,Canara Bank,Mar 2014,Public Sector Banks,asset_turnover,0.07896785008681076,0.6388888888888888
CANBK,Canara Bank,Mar 2015,Public Sector Banks,asset_turnover,0.07843948166528812,0.6111111111111112
CANBK,Canara Bank,Mar 2016,Public Sector Banks,asset_turnover,0.07812142445341257,0.5833333333333334
CANBK,Canara Bank,Mar 2017,Public Sector Banks,asset_turnover,0.06954017300753658,0.5
CANBK,Canara Bank,Mar 2018,Public Sector Banks,asset_turnover,0.06547784015773594,0.3611111111111111
CANBK,Canara Bank,Mar 2019,Public Sector Banks,asset_turnover,0.06736744204343177,0.4722222222222222
CANBK,Canara Bank,Mar 2020,Public Sector Banks,asset_turnover,0.0671112969356927,0.4444444444444444
CANBK,Canara Bank,Mar 2021,Public Sector Banks,asset_turnover,0.05955965885006019,0.08333333333333333
CANBK,Canara Bank,Mar 2022,Public Sector Banks,asset_turnover,0.056096772374083344,0.05555555555555555
CANBK,Canara Bank,Mar 2023,Public Sector Banks,asset_turnover,0.06218909075110606,0.2777777777777778
CANBK,Canara Bank,Mar 2024,Public Sector Banks,asset_turnover,0.0719985042520674,0.5555555555555556
CANBK,Canara Bank,TTM,Public Sector Banks,asset_turnover,,
PNB,Punjab National Bank,Mar 2013,Public Sector Banks,asset_turnover,5.626518615284128,1.0
PNB,Punjab National Bank,Mar 2014,Public Sector Banks,asset_turnover,3.895840554592721,0.9722222222222222
PNB,Punjab National Bank,Mar 2015,Public Sector Banks,asset_turnover,2.5589703178355663,0.9444444444444444
PNB,Punjab National Bank,Mar 2016,Public Sector Banks,asset_turnover,1.7122442789255503,0.9166666666666666
PNB,Punjab National Bank,Mar 2017,Public Sector Banks,asset_turnover,1.1186685288640597,0.7777777777777778
PNB,Punjab National Bank,Mar 2018,Public Sector Banks,asset_turnover,0.7731917864737059,0.75
PNB,Punjab National Bank,Mar 2019,Public Sector Banks,asset_turnover,0.6226507462686567,0.6944444444444444
PNB,Punjab National Bank,Mar 2020,Public Sector Banks,asset_turnover,0.6962750716332379,0.7222222222222222
PNB,Punjab National Bank,Mar 2021,Public Sector Banks,asset_turnover,1.1486268627423493,0.8055555555555556
PNB,Punjab National Bank,Mar 2022,Public Sector Banks,asset_turnover,1.161358131883197,0.8333333333333334
PNB,Punjab National Bank,Mar 2023,Public Sector Banks,asset_turnover,1.299977546590824,0.8611111111111112
PNB,Punjab National Bank,Mar 2024,Public Sector Banks,asset_turnover,1.5070262950629396,0.8888888888888888
PNB,Punjab National Bank,TTM,Public Sector Banks,asset_turnover,,
SBIN,State Bank of India,Mar 2013,Public Sector Banks,asset_turnover,,
SBIN,State Bank of India,Mar 2014,Public Sector Banks,asset_turnover,,
SBIN,State Bank of India,Mar 2015,Public Sector Banks,asset_turnover,,
SBIN,State Bank of India,Mar 2016,Public Sector Banks,asset_turnover,,
SBIN,State Bank of India,Mar 2017,Public Sector Banks,asset_turnover,,
SBIN,State Bank of India,Mar 2018,Public Sector Banks,asset_turnover,,
SBIN,State Bank of India,Mar 2019,Public Sector Banks,asset_turnover,,
SBIN,State Bank of India,Mar 2020,Public Sector Banks,asset_turnover,,
SBIN,State Bank of India,Mar 2021,Public Sector Banks,asset_turnover,,
SBIN,State Bank of India,Mar 2022,Public Sector Banks,asset_turnover,,
SBIN,State Bank of India,Mar 2023,Public Sector Banks,asset_turnover,,
SBIN,State Bank of India,Mar 2024,Public Sector Banks,asset_turnover,,
SBIN,State Bank of India,TTM,Public Sector Banks,asset_turnover,,
BANKBARODA,Bank of Baroda,Mar 2013,Public Sector Banks,free_cash_flow_cr,22682.0,0.8125
BANKBARODA,Bank of Baroda,Mar 2014,Public Sector Banks,free_cash_flow_cr,41503.0,0.9166666666666666
BANKBARODA,Bank of Baroda,Mar 2015,Public Sector Banks,free_cash_flow_cr,17282.0,0.6041666666666666
BANKBARODA,Bank of Baroda,Mar 2016,Public Sector Banks,free_cash_flow_cr,-14016.0,0.16666666666666666
BANKBARODA,Bank of Baroda,Mar 2017,Public Sector Banks,free_cash_flow_cr,17314.0,0.625
BANKBARODA,Bank of Baroda,Mar 2018,Public Sector Banks,free_cash_flow_cr,-60106.0,0.0625
BANKBARODA,Bank of Baroda,Mar 2019,Public Sector Banks,free_cash_flow_cr,-3986.0,0.2708333333333333
BANKBARODA,Bank of Baroda,Mar 2020,Public Sector Banks,free_cash_flow_cr,18392.0,0.7083333333333334
BANKBARODA,Bank of Baroda,Mar 2021,Public Sector Banks,free_cash_flow_cr,-1358.0,0.2916666666666667
BANKBARODA,Bank of Baroda,Mar 2022,Public Sector Banks,free_cash_flow_cr,2565.0,0.3958333333333333
BANKBARODA,Bank of Baroda,Mar 2023,Public Sector Banks,free_cash_flow_cr,-22450.0,0.14583333333333334
BANKBARODA,Bank of Baroda,Mar 2024,Public Sector Banks,free_cash_flow_cr,-7559.0,0.22916666666666666
BANKBARODA,Bank of Baroda,TTM,Public Sector Banks,free_cash_flow_cr,,
CANBK,Canara Bank,Mar 2013,Public Sector Banks,free_cash_flow_cr,7575.0,0.4583333333333333
CANBK,Canara Bank,Mar 2014,Public Sector Banks,free_cash_flow_cr,13864.0,0.5625
CANBK,Canara Bank,Mar 2015,Public Sector Banks,free_cash_flow_cr,5240.0,0.4375
CANBK,Canara Bank,Mar 2016,Public Sector Banks,free_cash_flow_cr,8903.0,0.4791666666666667
CANBK,Canara Bank,Mar 2017,Public Sector Banks,free_cash_flow_cr,2099.0,0.375
CANBK,Canara Bank,Mar 2018,Public Sector Banks,free_cash_flow_cr,-11607.0,0.20833333333333334
CANBK,Canara Bank,Mar 2019,Public Sector Banks,free_cash_flow_cr,17492.0,0.6458333333333334
CANBK,Canara Bank,Mar 2020,Public Sector Banks,free_cash_flow_cr,-5734.0,0.25
CANBK,Canara Bank,Mar 2021,Public Sector Banks,free_cash_flow_cr,58002.0,0.9583333333333334
CANBK,Canara Bank,Mar 2022,Public Sector Banks,free_cash_flow_cr,-510.0,0.3541666666666667
CANBK,Canara Bank,Mar 2023,Public Sector Banks,free_cash_flow_cr,-41134.0,0.08333333333333333
CANBK,Canara Bank,Mar 2024,Public Sector Banks,free_cash_flow_cr,13296.0,0.5416666666666666
CANBK,Canara Bank,TTM,Public Sector Banks,free_cash_flow_cr,,
PNB,Punjab National Bank,Mar 2013,Public Sector Banks,free_cash_flow_cr,-1292.0,0.3333333333333333
PNB,Punjab National Bank,Mar 2014,Public Sector Banks,free_cash_flow_cr,16604.0,0.5833333333333334
PNB,Punjab National Bank,Mar 2015,Public Sector Banks,free_cash_flow_cr,3942.0,0.4166666666666667
PNB,Punjab National Bank,Mar 2016,Public Sector Banks,free_cash_flow_cr,12815.0,0.5208333333333334
PNB,Punjab National Bank,Mar 2017,Public Sector Banks,free_cash_flow_cr,22097.0,0.7916666666666666
PNB,Punjab National Bank,Mar 2018,Public Sector Banks,free_cash_flow_cr,-1350.0,0.3125
PNB,Punjab National Bank,Mar 2019,Public Sector Banks,free_cash_flow_cr,-34161.0,0.10416666666666667
PNB,Punjab National Bank,Mar 2020,Public Sector Banks,free_cash_flow_cr,-13131.0,0.1875
PNB,Punjab National Bank,Mar 2021,Public Sector Banks,free_cash_flow_cr,30163.0,0.8958333333333334
PNB,Punjab National Bank,Mar 2022,Public Sector Banks,free_cash_flow_cr,18828.0,0.7291666666666666
PNB,Punjab National Bank,Mar 2023,Public Sector Banks,free_cash_flow_cr,21860.0,0.75
PNB,Punjab National Bank,Mar 2024,Public Sector Banks,free_cash_flow_cr,-29445.0,0.125
PNB,Punjab National Bank,TTM,Public Sector Banks,free_cash_flow_cr,,
SBIN,State Bank of India,Mar 2013,Public Sector Banks,free_cash_flow_cr,22061.0,0.7708333333333334
SBIN,State Bank of India,Mar 2014,Public Sector Banks,free_cash_flow_cr,18351.0,0.6875
SBIN,State Bank of India,Mar 2015,Public Sector Banks,free_cash_flow_cr,22873.0,0.8333333333333334
SBIN,State Bank of India,Mar 2016,Public Sector Banks,free_cash_flow_cr,11730.0,0.5
SBIN,State Bank of India,Mar 2017,Public Sector Banks,free_cash_flow_cr,72834.0,0.9791666666666666
SBIN,State Bank of India,Mar 2018,Public Sector Banks,free_cash_flow_cr,-83455.0,0.041666666666666664
SBIN,State Bank of India,Mar 2019,Public Sector Banks,free_cash_flow_cr,29776.0,0.875
SBIN,State Bank of India,Mar 2020,Public Sector Banks,free_cash_flow_cr,23374.0,0.8541666666666666
SBIN,State Bank of India,Mar 2021,Public Sector Banks,free_cash_flow_cr,86249.0,1.0
SBIN,State Bank of India,Mar 2022,Public Sector Banks,free_cash_flow_cr,55043.0,0.9375
SBIN,State Bank of India,Mar 2023,Public Sector Banks,free_cash_flow_cr,-86980.0,0.020833333333333332
SBIN,State Bank of India,Mar 2024,Public Sector Banks,free_cash_flow_cr,18156.0,0.6666666666666666
SBIN,State Bank of India,TTM,Public Sector Banks,free_cash_flow_cr,,
BPCL,Bharat Petroleum Corporation Ltd,Mar 2013,Oil & Gas,return_on_equity_pct,11.540983606557377,0.45
BPCL,Bharat Petroleum Corporation Ltd,Mar 2014,Oil & Gas,return_on_equity_pct,20.848765432098766,0.85
BPCL,Bharat Petroleum Corporation Ltd,Mar 2015,Oil & Gas,return_on_equity_pct,22.524598883077743,0.9
BPCL,Bharat Petroleum Corporation Ltd,Mar 2016,Oil & Gas,return_on_equity_pct,29.103403612290425,0.95
BPCL,Bharat Petroleum Corporation Ltd,Mar 2017,Oil & Gas,return_on_equity_pct,30.847853596807163,0.9666666666666667
BPCL,Bharat Petroleum Corporation Ltd,Mar 2018,Oil & Gas,return_on_equity_pct,26.740216827330077,0.9333333333333333
BPCL,Bharat Petroleum Corporation Ltd,Mar 2019,Oil & Gas,return_on_equity_pct,21.999226106023475,0.8666666666666667
BPCL,Bharat Petroleum Corporation Ltd,Mar 2020,Oil & Gas,return_on_equity_pct,10.035037775101282,0.3
BPCL,Bharat Petroleum Corporation Ltd,Mar 2021,Oil & Gas,return_on_equity_pct,32.340584445896745,0.9833333333333333
BPCL,Bharat Petroleum Corporation Ltd,Mar 2022,Oil & Gas,return_on_equity_pct,22.50650226375108,0.8833333333333333
BPCL,Bharat Petroleum Corporation Ltd,Mar 2023,Oil & Gas,return_on_equity_pct,3.9815403011845594,0.03333333333333333
BPCL,Bharat Petroleum Corporation Ltd,Mar 2024,Oil & Gas,return_on_equity_pct,35.511337343822305,1.0
BPCL,Bharat Petroleum Corporation Ltd,TTM,Oil & Gas,return_on_equity_pct,,
GAIL,GAIL (India) Ltd,Mar 2013,Oil & Gas,return_on_equity_pct,15.166354101548935,0.6333333333333333
GAIL,GAIL (India) Ltd,Mar 2014,Oil & Gas,return_on_equity_pct,14.746117821050037,0.6
GAIL,GAIL (India) Ltd,Mar 2015,Oil & Gas,return_on_equity_pct,9.288107695020868,0.23333333333333334
GAIL,GAIL (India) Ltd,Mar 2016,Oil & Gas,return_on_equity_pct,5.147927368623465,0.05
GAIL,GAIL (India) Ltd,Mar 2017,Oil & Gas,return_on_equity_pct,8.584149599287622,0.16666666666666666
GAIL,GAIL (India) Ltd,Mar 2018,Oil & Gas,return_on_equity_pct,11.528587538088725,0.43333333333333335
GAIL,GAIL (India) Ltd,Mar 2019,Oil & Gas,return_on_equity_pct,14.244413529258326,0.5833333333333334
GAIL,GAIL (India) Ltd,Mar 2020,Oil & Gas,return_on_equity_pct,19.31273849151579,0.7833333333333333
GAIL,GAIL (India) Ltd,Mar 2021,Oil & Gas,return_on_equity_pct,11.550900680681433,0.4666666666666667
GAIL,GAIL (India) Ltd,Mar 2022,Oil & Gas,return_on_equity_pct,19.19081635836167,0.75
GAIL,GAIL (India) Ltd,Mar 2023,Oil & Gas,return_on_equity_pct,8.61891046868021,0.18333333333333332
GAIL,GAIL (India) Ltd,Mar 2024,Oil & Gas,return_on_equity_pct,12.861540060002339,0.5333333333333333
GAIL,GAIL (India) Ltd,TTM,Oil & Gas,return_on_equity_pct,,
IOC,"Indian Oil Corporation
",Mar 2013,Oil & Gas,return_on_equity_pct,5.753763662610847,0.08333333333333333
IOC,"Indian Oil Corporation
",Mar 2014,Oil & Gas,return_on_equity_pct,10.258713353849778,0.31666666666666665
IOC,"Indian Oil Corporation
",Mar 2015,Oil & Gas,return_on_equity_pct,7.078103207810321,0.11666666666666667
IOC,"Indian Oil Corporation
",Mar 2016,Oil & Gas,return_on_equity_pct,13.79528784174261,0.5666666666666667
IOC,"Indian Oil Corporation
",Mar 2017,Oil & Gas,return_on_equity_pct,19.966502115655853,0.8333333333333334
IOC,"Indian Oil Corporation
",Mar 2018,Oil & Gas,return_on_equity_pct,19.869329258654304,0.8166666666666667
IOC,"Indian Oil Corporation
",Mar 2019,Oil & Gas,return_on_equity_pct,15.358898896584835,0.65
IOC,"Indian Oil Corporation
",Mar 2020,Oil & Gas,return_on_equity_pct,-1.9664982494391918,0.016666666666666666
IOC,"Indian Oil Corporation
",Mar 2021,Oil & Gas,return_on_equity_pct,19.458502476796795,0.8
IOC,"Indian Oil Corporation
",Mar 2022,Oil & Gas,return_on_equity_pct,19.266110008611975,0.7666666666666667
IOC,"Indian Oil Corporation
",Mar 2023,Oil & Gas,return_on_equity_pct,8.37669355358178,0.15
IOC,"Indian Oil Corporation
",Mar 2024,Oil & Gas,return_on_equity_pct,23.53162465856491,0.9166666666666666
IOC,"Indian Oil Corporation
",TTM,Oil & Gas,return_on_equity_pct,,
ONGC,Oil & Natural Gas Corpn Ltd,Mar 2013,Oil & Gas,return_on_equity_pct,15.730882198678275,0.7
ONGC,Oil & Natural Gas Corpn Ltd,Mar 2014,Oil & Gas,return_on_equity_pct,15.489218829871277,0.6666666666666666
ONGC,Oil & Natural Gas Corpn Ltd,Mar 2015,Oil & Gas,return_on_equity_pct,9.810201989415644,0.26666666666666666
ONGC,Oil & Natural Gas Corpn Ltd,Mar 2016,Oil & Gas,return_on_equity_pct,6.623393693065202,0.1
ONGC,Oil & Natural Gas Corpn Ltd,Mar 2017,Oil & Gas,return_on_equity_pct,15.005710287777926,0.6166666666666667
ONGC,Oil & Natural Gas Corpn Ltd,Mar 2018,Oil & Gas,return_on_equity_pct,12.777241335365824,0.5166666666666667
ONGC,Oil & Natural Gas Corpn Ltd,Mar 2019,Oil & Gas,return_on_equity_pct,15.644389537831781,0.6833333333333333
ONGC,Oil & Natural Gas Corpn Ltd,Mar 2020,Oil & Gas,return_on_equity_pct,5.585459084171932,0.06666666666666667
ONGC,Oil & Natural Gas Corpn Ltd,Mar 2021,Oil & Gas,return_on_equity_pct,9.665989383702671,0.25
ONGC,Oil & Natural Gas Corpn Ltd,Mar 2022,Oil & Gas,return_on_equity_pct,18.995541477362497,0.7333333333333333
ONGC,Oil & Natural Gas Corpn Ltd,Mar 2023,Oil & Gas,return_on_equity_pct,11.679440720905623,0.48333333333333334
ONGC,Oil & Natural Gas Corpn Ltd,Mar 2024,Oil & Gas,return_on_equity_pct,16.940398136885513,0.7166666666666667
ONGC,Oil & Natural Gas Corpn Ltd,TTM,Oil & Gas,return_on_equity_pct,,
RELIANCE,"Reliance Industries Ltd
",Mar 2013,Oil & Gas,return_on_equity_pct,11.472357254675785,0.4166666666666667
RELIANCE,"Reliance Industries Ltd
",Mar 2014,Oil & Gas,return_on_equity_pct,11.348502921680835,0.4
RELIANCE,"Reliance Industries Ltd
",Mar 2015,Oil & Gas,return_on_equity_pct,10.81927148408002,0.36666666666666664
RELIANCE,"Reliance Industries Ltd
",Mar 2016,Oil & Gas,return_on_equity_pct,12.895800583876039,0.55
RELIANCE,"Reliance Industries Ltd
",Mar 2017,Oil & Gas,return_on_equity_pct,11.31284863239404,0.38333333333333336
RELIANCE,"Reliance Industries Ltd
",Mar 2018,Oil & Gas,return_on_equity_pct,12.292764032081116,0.5
RELIANCE,"Reliance Industries Ltd
",Mar 2019,Oil & Gas,return_on_equity_pct,10.290820227737708,0.3333333333333333
RELIANCE,"Reliance Industries Ltd
",Mar 2020,Oil & Gas,return_on_equity_pct,8.878677370949715,0.21666666666666667
RELIANCE,"Reliance Industries Ltd
",Mar 2021,Oil & Gas,return_on_equity_pct,7.675114114817502,0.13333333333333333
RELIANCE,"Reliance Industries Ltd
",Mar 2022,Oil & Gas,return_on_equity_pct,8.703823678454365,0.2
RELIANCE,"Reliance Industries Ltd
",Mar 2023,Oil & Gas,return_on_equity_pct,10.349336194179966,0.35
RELIANCE,"Reliance Industries Ltd
",Mar 2024,Oil & Gas,return_on_equity_pct,9.958650553699458,0.2833333333333333
RELIANCE,"Reliance Industries Ltd
",TTM,Oil & Gas,return_on_equity_pct,,
BPCL,Bharat Petroleum Corporation Ltd,Mar 2013,Oil & Gas,net_profit_margin_pct,0.7994021000821699,0.06153846153846154
BPCL,Bharat Petroleum Corporation Ltd,Mar 2014,Oil & Gas,net_profit_margin_pct,1.5327829484042492,0.15384615384615385
BPCL,Bharat Petroleum Corporation Ltd,Mar 2015,Oil & Gas,net_profit_margin_pct,2.0948235352311233,0.16923076923076924
BPCL,Bharat Petroleum Corporation Ltd,Mar 2016,Oil & Gas,net_profit_margin_pct,4.306897745121529,0.3230769230769231
BPCL,Bharat Petroleum Corporation Ltd,Mar 2017,Oil & Gas,net_profit_margin_pct,4.723951682227666,0.35384615384615387
BPCL,Bharat Petroleum Corporation Ltd,Mar 2018,Oil & Gas,net_profit_margin_pct,4.150999385319739,0.3076923076923077
BPCL,Bharat Petroleum Corporation Ltd,Mar 2019,Oil & Gas,net_profit_margin_pct,2.859576294488073,0.18461538461538463
BPCL,Bharat Petroleum Corporation Ltd,Mar 2020,Oil & Gas,net_profit_margin_pct,1.2882504251999494,0.09230769230769231
BPCL,Bharat Petroleum Corporation Ltd,Mar 2021,Oil & Gas,net_profit_margin_pct,7.524840227483046,0.6153846153846154
BPCL,Bharat Petroleum Corporation Ltd,Mar 2022,Oil & Gas,net_profit_margin_pct,3.3685995311297003,0.24615384615384617
BPCL,Bharat Petroleum Corporation Ltd,Mar 2023,Oil & Gas,net_profit_margin_pct,0.45035049568141133,0.03076923076923077
BPCL,Bharat Petroleum Corporation Ltd,Mar 2024,Oil & Gas,net_profit_margin_pct,5.994201967046283,0.49230769230769234
BPCL,Bharat Petroleum Corporation Ltd,TTM,Oil & Gas,net_profit_margin_pct,3.082129528434631,0.2153846153846154
GAIL,GAIL (India) Ltd,Mar 2013,Oil & Gas,net_profit_margin_pct,8.567112645662494,0.7230769230769231
GAIL,GAIL (India) Ltd,Mar 2014,Oil & Gas,net_profit_margin_pct,7.7487250060714,0.6307692307692307
GAIL,GAIL (India) Ltd,Mar 2015,Oil & Gas,net_profit_margin_pct,5.21822415245141,0.4
GAIL,GAIL (India) Ltd,Mar 2016,Oil & Gas,net_profit_margin_pct,3.6001767429350853,0.27692307692307694
GAIL,GAIL (India) Ltd,Mar 2017,Oil & Gas,net_profit_margin_pct,6.949250288350635,0.5538461538461539
GAIL,GAIL (India) Ltd,Mar 2018,Oil & Gas,net_profit_margin_pct,8.817160892542573,0.7692307692307693
GAIL,GAIL (India) Ltd,Mar 2019,Oil & Gas,net_profit_margin_pct,8.600866255414097,0.7384615384615385
GAIL,GAIL (India) Ltd,Mar 2020,Oil & Gas,net_profit_margin_pct,13.120880333158663,0.9538461538461539
GAIL,GAIL (India) Ltd,Mar 2021,Oil & Gas,net_profit_margin_pct,10.70731367217458,0.8923076923076924
GAIL,GAIL (India) Ltd,Mar 2022,Oil & Gas,net_profit_margin_pct,13.262908267758974,0.9692307692307692
GAIL,GAIL (India) Ltd,Mar 2023,Oil & Gas,net_profit_margin_pct,3.841612433753467,0.2923076923076923
GAIL,GAIL (India) Ltd,Mar 2024,Oil & Gas,net_profit_margin_pct,7.433122166511544,0.6
GAIL,GAIL (India) Ltd,TTM,Oil & Gas,net_profit_margin_pct,8.48097824090064,0.6923076923076923
IOC,"Indian Oil Corporation
",Mar 2013,Oil & Gas,net_profit_margin_pct,0.7854389536142752,0.046153846153846156
IOC,"Indian Oil Corporation
",Mar 2014,Oil & Gas,net_profit_margin_pct,1.4266553358793475,0.12307692307692308
IOC,"Indian Oil Corporation
",Mar 2015,Oil & Gas,net_profit_margin_pct,1.0838540890353208,0.07692307692307693
IOC,"Indian Oil Corporation
",Mar 2016,Oil & Gas,net_profit_margin_pct,3.587105723244087,0.26153846153846155
IOC,"Indian Oil Corporation
",Mar 2017,Oil & Gas,net_profit_margin_pct,5.736129596852938,0.46153846153846156
IOC,"Indian Oil Corporation
",Mar 2018,Oil & Gas,net_profit_margin_pct,5.36807341539104,0.4307692307692308
IOC,"Indian Oil Corporation
",Mar 2019,Oil & Gas,net_profit_margin_pct,3.2706122031664764,0.23076923076923078
IOC,"Indian Oil Corporation
",Mar 2020,Oil & Gas,net_profit_margin_pct,-0.3877931962551911,0.015384615384615385
IOC,"Indian Oil Corporation
",Mar 2021,Oil & Gas,net_profit_margin_pct,5.9793927737326555,0.47692307692307695
IOC,"Indian Oil Corporation
",Mar 2022,Oil & Gas,net_profit_margin_pct,4.365532536597202,0.3384615384615385
IOC,"Indian Oil Corporation
",Mar 2023,Oil & Gas,net_profit_margin_pct,1.3904266794653084,0.1076923076923077
IOC,"Indian Oil Corporation
",Mar 2024,Oil & Gas,net_profit_margin_pct,5.559462717942377,0.4461538461538462
IOC,"Indian Oil Corporation
",TTM,Oil & Gas,net_profit_margin_pct,1.4325955205946275,0.13846153846153847
ONGC,Oil & Natural Gas Corpn Ltd,Mar 2013,Oil & Gas,net_profit_margin_pct,14.812574081390755,0.9846153846153847
ONGC,Oil & Natural Gas Corpn Ltd,Mar 2014,Oil & Gas,net_profit_margin_pct,15.314063208917936,1.0
ONGC,Oil & Natural Gas Corpn Ltd,Mar 2015,Oil & Gas,net_profit_margin_pct,11.000913480360172,0.9230769230769231
ONGC,Oil & Natural Gas Corpn Ltd,Mar 2016,Oil & Gas,net_profit_margin_pct,10.563062336740945,0.8769230769230769
ONGC,Oil & Natural Gas Corpn Ltd,Mar 2017,Oil & Gas,net_profit_margin_pct,10.325090440557014,0.8615384615384616
ONGC,Oil & Natural Gas Corpn Ltd,Mar 2018,Oil & Gas,net_profit_margin_pct,8.077940912161534,0.6615384615384615
ONGC,Oil & Natural Gas Corpn Ltd,Mar 2019,Oil & Gas,net_profit_margin_pct,8.049352029296244,0.6461538461538462
ONGC,Oil & Natural Gas Corpn Ltd,Mar 2020,Oil & Gas,net_profit_margin_pct,2.8876207376338447,0.2
ONGC,Oil & Natural Gas Corpn Ltd,Mar 2021,Oil & Gas,net_profit_margin_pct,7.029807568891126,0.5846153846153846
ONGC,Oil & Natural Gas Corpn Ltd,Mar 2022,Oil & Gas,net_profit_margin_pct,10.03448374134344,0.8461538461538461
ONGC,Oil & Natural Gas Corpn Ltd,Mar 2023,Oil & Gas,net_profit_margin_pct,5.184005465837723,0.36923076923076925
ONGC,Oil & Natural Gas Corpn Ltd,Mar 2024,Oil & Gas,net_profit_margin_pct,9.655290194725701,0.8
ONGC,Oil & Natural Gas Corpn Ltd,TTM,Oil & Gas,net_profit_margin_pct,6.424834596944863,0.5230769230769231
RELIANCE,"Reliance Industries Ltd
",Mar 2013,Oil & Gas,net_profit_margin_pct,5.274815194579209,0.4153846153846154
RELIANCE,"Reliance Industries Ltd
",Mar 2014,Oil & Gas,net_profit_margin_pct,5.2011321250873666,0.38461538461538464
RELIANCE,"Reliance Industries Ltd
",Mar 2015,Oil & Gas,net_profit_margin_pct,6.314574807945039,0.5076923076923077
RELIANCE,"Reliance Industries Ltd
",Mar 2016,Oil & Gas,net_profit_margin_pct,10.954828437576811,0.9076923076923077
RELIANCE,"Reliance Industries Ltd
",Mar 2017,Oil & Gas,net_profit_margin_pct,9.81497200234246,0.8307692307692308
RELIANCE,"Reliance Industries Ltd
",Mar 2018,Oil & Gas,net_profit_margin_pct,9.231800584919515,0.7846153846153846
RELIANCE,"Reliance Industries Ltd
",Mar 2019,Oil & Gas,net_profit_margin_pct,7.00939759332931,0.5692307692307692
RELIANCE,"Reliance Industries Ltd
",Mar 2020,Oil & Gas,net_profit_margin_pct,6.683660728800578,0.5384615384615384
RELIANCE,"Reliance Industries Ltd
",Mar 2021,Oil & Gas,net_profit_margin_pct,11.524382005845935,0.9384615384615385
RELIANCE,"Reliance Industries Ltd
",Mar 2022,Oil & Gas,net_profit_margin_pct,9.76646566082171,0.8153846153846154
RELIANCE,"Reliance Industries Ltd
",Mar 2023,Oil & Gas,net_profit_margin_pct,8.45371270521545,0.676923076923077
RELIANCE,"Reliance Industries Ltd
",Mar 2024,Oil & Gas,net_profit_margin_pct,8.789365557299389,0.7538461538461538
RELIANCE,"Reliance Industries Ltd
",TTM,Oil & Gas,net_profit_margin_pct,8.505827600075758,0.7076923076923077
BPCL,Bharat Petroleum Corporation Ltd,Mar 2013,Oil & Gas,debt_to_equity,1.9765722801788375,0.0
BPCL,Bharat Petroleum Corporation Ltd,Mar 2014,Oil & Gas,debt_to_equity,1.705349794238683,0.033333333333333326
BPCL,Bharat Petroleum Corporation Ltd,Mar 2015,Oil & Gas,debt_to_equity,1.1298643737257335,0.16666666666666663
BPCL,Bharat Petroleum Corporation Ltd,Mar 2016,Oil & Gas,debt_to_equity,0.8414765776786357,0.30000000000000004
BPCL,Bharat Petroleum Corporation Ltd,Mar 2017,Oil & Gas,debt_to_equity,1.1591875141957884,0.1333333333333333
BPCL,Bharat Petroleum Corporation Ltd,Mar 2018,Oil & Gas,debt_to_equity,1.0284005570878505,0.21666666666666667
BPCL,Bharat Petroleum Corporation Ltd,Mar 2019,Oil & Gas,debt_to_equity,1.1566877337804722,0.15000000000000002
BPCL,Bharat Petroleum Corporation Ltd,Mar 2020,Oil & Gas,debt_to_equity,1.792291689477718,0.01666666666666672
BPCL,Bharat Petroleum Corporation Ltd,Mar 2021,Oil & Gas,debt_to_equity,1.0182429278312015,0.23333333333333328
BPCL,Bharat Petroleum Corporation Ltd,Mar 2022,Oil & Gas,debt_to_equity,1.243309893073885,0.1166666666666667
BPCL,Bharat Petroleum Corporation Ltd,Mar 2023,Oil & Gas,debt_to_equity,1.2962146407084938,0.09999999999999998
BPCL,Bharat Petroleum Corporation Ltd,Mar 2024,Oil & Gas,debt_to_equity,0.7218747934157467,0.43333333333333335
BPCL,Bharat Petroleum Corporation Ltd,TTM,Oil & Gas,debt_to_equity,,
GAIL,GAIL (India) Ltd,Mar 2013,Oil & Gas,debt_to_equity,0.5720636243661874,0.6
GAIL,GAIL (India) Ltd,Mar 2014,Oil & Gas,debt_to_equity,0.5711424698052748,0.6166666666666667
GAIL,GAIL (India) Ltd,Mar 2015,Oil & Gas,debt_to_equity,0.5376227147140086,0.6333333333333333
GAIL,GAIL (India) Ltd,Mar 2016,Oil & Gas,debt_to_equity,0.24866082465730846,0.85
GAIL,GAIL (India) Ltd,Mar 2017,Oil & Gas,debt_to_equity,0.16672179112072255,0.8833333333333333
GAIL,GAIL (India) Ltd,Mar 2018,Oil & Gas,debt_to_equity,0.09299647304397898,0.9666666666666667
GAIL,GAIL (India) Ltd,Mar 2019,Oil & Gas,debt_to_equity,0.04834362229371359,0.9833333333333333
GAIL,GAIL (India) Ltd,Mar 2020,Oil & Gas,debt_to_equity,0.14029390273605585,0.9333333333333333
GAIL,GAIL (India) Ltd,Mar 2021,Oil & Gas,debt_to_equity,0.14803881012372608,0.9
GAIL,GAIL (India) Ltd,Mar 2022,Oil & Gas,debt_to_equity,0.14374395607823565,0.9166666666666666
GAIL,GAIL (India) Ltd,Mar 2023,Oil & Gas,debt_to_equity,0.274400480539683,0.8333333333333334
GAIL,GAIL (India) Ltd,Mar 2024,Oil & Gas,debt_to_equity,0.28304998896060884,0.8166666666666667
GAIL,GAIL (India) Ltd,TTM,Oil & Gas,debt_to_equity,,
IOC,"Indian Oil Corporation
",Mar 2013,Oil & Gas,debt_to_equity,1.422513761758967,0.050000000000000044
IOC,"Indian Oil Corporation
",Mar 2014,Oil & Gas,debt_to_equity,1.39761165019952,0.06666666666666665
IOC,"Indian Oil Corporation
",Mar 2015,Oil & Gas,debt_to_equity,0.942773709902371,0.2666666666666667
IOC,"Indian Oil Corporation
",Mar 2016,Oil & Gas,debt_to_equity,0.6507223827517226,0.4666666666666667
IOC,"Indian Oil Corporation
",Mar 2017,Oil & Gas,debt_to_equity,0.6197206550697383,0.5166666666666666
IOC,"Indian Oil Corporation
",Mar 2018,Oil & Gas,debt_to_equity,0.5765143931011468,0.5833333333333333
IOC,"Indian Oil Corporation
",Mar 2019,Oil & Gas,debt_to_equity,0.8603704131805209,0.2833333333333333
IOC,"Indian Oil Corporation
",Mar 2020,Oil & Gas,debt_to_equity,1.3605107025304515,0.08333333333333337
IOC,"Indian Oil Corporation
",Mar 2021,Oil & Gas,debt_to_equity,1.043017578998194,0.19999999999999996
IOC,"Indian Oil Corporation
",Mar 2022,Oil & Gas,debt_to_equity,0.9886546598270116,0.25
IOC,"Indian Oil Corporation
",Mar 2023,Oil & Gas,debt_to_equity,1.0662463051366653,0.18333333333333335
IOC,"Indian Oil Corporation
",Mar 2024,Oil & Gas,debt_to_equity,0.7230954600718581,0.41666666666666663
IOC,"Indian Oil Corporation
",TTM,Oil & Gas,debt_to_equity,,
ONGC,Oil & Natural Gas Corpn Ltd,Mar 2013,Oil & Gas,debt_to_equity,0.1356210007342914,0.95
ONGC,Oil & Natural Gas Corpn Ltd,Mar 2014,Oil & Gas,debt_to_equity,0.285288582183187,0.8
ONGC,Oil & Natural Gas Corpn Ltd,Mar 2015,Oil & Gas,debt_to_equity,0.2989332520572996,0.7833333333333333
ONGC,Oil & Natural Gas Corpn Ltd,Mar 2016,Oil & Gas,debt_to_equity,0.23001405360591262,0.8666666666666667
ONGC,Oil & Natural Gas Corpn Ltd,Mar 2017,Oil & Gas,debt_to_equity,0.41170145998168595,0.7333333333333334
ONGC,Oil & Natural Gas Corpn Ltd,Mar 2018,Oil & Gas,debt_to_equity,0.5222552801454766,0.65
ONGC,Oil & Natural Gas Corpn Ltd,Mar 2019,Oil & Gas,debt_to_equity,0.4966579697050716,0.6833333333333333
ONGC,Oil & Natural Gas Corpn Ltd,Mar 2020,Oil & Gas,debt_to_equity,0.6312553631328497,0.4833333333333333
ONGC,Oil & Natural Gas Corpn Ltd,Mar 2021,Oil & Gas,debt_to_equity,0.6027079251157339,0.5333333333333333
ONGC,Oil & Natural Gas Corpn Ltd,Mar 2022,Oil & Gas,debt_to_equity,0.4700754904567577,0.7
ONGC,Oil & Natural Gas Corpn Ltd,Mar 2023,Oil & Gas,debt_to_equity,0.5068823112308345,0.6666666666666667
ONGC,Oil & Natural Gas Corpn Ltd,Mar 2024,Oil & Gas,debt_to_equity,0.45444863084819176,0.7166666666666667
ONGC,Oil & Natural Gas Corpn Ltd,TTM,Oil & Gas,debt_to_equity,,
RELIANCE,"Reliance Industries Ltd
",Mar 2013,Oil & Gas,debt_to_equity,0.5889374090247452,0.55
RELIANCE,"Reliance Industries Ltd
",Mar 2014,Oil & Gas,debt_to_equity,0.698389929889726,0.44999999999999996
RELIANCE,"Reliance Industries Ltd
",Mar 2015,Oil & Gas,debt_to_equity,0.7700309841234971,0.4
RELIANCE,"Reliance Industries Ltd
",Mar 2016,Oil & Gas,debt_to_equity,0.8408937794745116,0.31666666666666665
RELIANCE,"Reliance Industries Ltd
",Mar 2017,Oil & Gas,debt_to_equity,0.8246779594173881,0.33333333333333337
RELIANCE,"Reliance Industries Ltd
",Mar 2018,Oil & Gas,debt_to_equity,0.8171655775350418,0.35
RELIANCE,"Reliance Industries Ltd
",Mar 2019,Oil & Gas,debt_to_equity,0.7948965674016822,0.3666666666666667
RELIANCE,"Reliance Industries Ltd
",Mar 2020,Oil & Gas,debt_to_equity,0.7906497820404929,0.3833333333333333
RELIANCE,"Reliance Industries Ltd
",Mar 2021,Oil & Gas,debt_to_equity,0.398419245556806,0.7666666666666666
RELIANCE,"Reliance Industries Ltd
",Mar 2022,Oil & Gas,debt_to_equity,0.40944726325715053,0.75
RELIANCE,"Reliance Industries Ltd
",Mar 2023,Oil & Gas,debt_to_equity,0.6309284341334763,0.5
RELIANCE,"Reliance Industries Ltd
",Mar 2024,Oil & Gas,debt_to_equity,0.5784524141094746,0.5666666666666667
RELIANCE,"Reliance Industries Ltd
",TTM,Oil & Gas,debt_to_equity,,
BPCL,Bharat Petroleum Corporation Ltd,Mar 2013,Oil & Gas,interest_coverage,3.256949960285941,0.046153846153846156
BPCL,Bharat Petroleum Corporation Ltd,Mar 2014,Oil & Gas,interest_coverage,5.4278506559031285,0.18461538461538463
BPCL,Bharat Petroleum Corporation Ltd,Mar 2015,Oil & Gas,interest_coverage,10.082203389830509,0.4307692307692308
BPCL,Bharat Petroleum Corporation Ltd,Mar 2016,Oil & Gas,interest_coverage,21.888235294117646,0.8307692307692308
BPCL,Bharat Petroleum Corporation Ltd,Mar 2017,Oil & Gas,interest_coverage,23.71264367816092,0.8615384615384616
BPCL,Bharat Petroleum Corporation Ltd,Mar 2018,Oil & Gas,interest_coverage,15.382799325463743,0.7538461538461538
BPCL,Bharat Petroleum Corporation Ltd,Mar 2019,Oil & Gas,interest_coverage,10.253401360544217,0.46153846153846156
BPCL,Bharat Petroleum Corporation Ltd,Mar 2020,Oil & Gas,interest_coverage,3.931740614334471,0.1076923076923077
BPCL,Bharat Petroleum Corporation Ltd,Mar 2021,Oil & Gas,interest_coverage,16.535113174695297,0.7692307692307693
BPCL,Bharat Petroleum Corporation Ltd,Mar 2022,Oil & Gas,interest_coverage,9.23867996930161,0.38461538461538464
BPCL,Bharat Petroleum Corporation Ltd,Mar 2023,Oil & Gas,interest_coverage,3.4539385847797064,0.06153846153846154
BPCL,Bharat Petroleum Corporation Ltd,Mar 2024,Oil & Gas,interest_coverage,11.355507351168956,0.5230769230769231
BPCL,Bharat Petroleum Corporation Ltd,TTM,Oil & Gas,interest_coverage,8.129395604395604,0.3384615384615385
GAIL,GAIL (India) Ltd,Mar 2013,Oil & Gas,interest_coverage,19.02517162471396,0.8153846153846154
GAIL,GAIL (India) Ltd,Mar 2014,Oil & Gas,interest_coverage,13.804185351270553,0.6307692307692307
GAIL,GAIL (India) Ltd,Mar 2015,Oil & Gas,interest_coverage,10.085889570552148,0.4461538461538462
GAIL,GAIL (India) Ltd,Mar 2016,Oil & Gas,interest_coverage,6.407542579075426,0.2153846153846154
GAIL,GAIL (India) Ltd,Mar 2017,Oil & Gas,interest_coverage,14.210216110019646,0.6615384615384615
GAIL,GAIL (India) Ltd,Mar 2018,Oil & Gas,interest_coverage,29.661016949152543,0.9076923076923077
GAIL,GAIL (India) Ltd,Mar 2019,Oil & Gas,interest_coverage,73.31446540880503,0.9538461538461539
GAIL,GAIL (India) Ltd,Mar 2020,Oil & Gas,interest_coverage,41.48220064724919,0.9230769230769231
GAIL,GAIL (India) Ltd,Mar 2021,Oil & Gas,interest_coverage,56.30167597765363,0.9384615384615385
GAIL,GAIL (India) Ltd,Mar 2022,Oil & Gas,interest_coverage,89.53465346534654,0.9692307692307692
GAIL,GAIL (India) Ltd,Mar 2023,Oil & Gas,interest_coverage,28.279452054794522,0.8923076923076924
GAIL,GAIL (India) Ltd,Mar 2024,Oil & Gas,interest_coverage,23.624478442280946,0.8461538461538461
GAIL,GAIL (India) Ltd,TTM,Oil & Gas,interest_coverage,26.844474761255118,0.8769230769230769
IOC,"Indian Oil Corporation
",Mar 2013,Oil & Gas,interest_coverage,2.4232272473478504,0.03076923076923077
IOC,"Indian Oil Corporation
",Mar 2014,Oil & Gas,interest_coverage,3.7468056489576327,0.07692307692307693
IOC,"Indian Oil Corporation
",Mar 2015,Oil & Gas,interest_coverage,3.912163770530826,0.09230769230769231
IOC,"Indian Oil Corporation
",Mar 2016,Oil & Gas,interest_coverage,7.816747920848867,0.27692307692307694
IOC,"Indian Oil Corporation
",Mar 2017,Oil & Gas,interest_coverage,10.287202778519903,0.49230769230769234
IOC,"Indian Oil Corporation
",Mar 2018,Oil & Gas,interest_coverage,11.868129032258064,0.5846153846153846
IOC,"Indian Oil Corporation
",Mar 2019,Oil & Gas,interest_coverage,7.991675126903553,0.3230769230769231
IOC,"Indian Oil Corporation
",Mar 2020,Oil & Gas,interest_coverage,1.5345303867403315,0.015384615384615385
IOC,"Indian Oil Corporation
",Mar 2021,Oil & Gas,interest_coverage,15.214797136038186,0.7230769230769231
IOC,"Indian Oil Corporation
",Mar 2022,Oil & Gas,interest_coverage,9.550788412174551,0.4
IOC,"Indian Oil Corporation
",Mar 2023,Oil & Gas,interest_coverage,4.7188982604111755,0.15384615384615385
IOC,"Indian Oil Corporation
",Mar 2024,Oil & Gas,interest_coverage,10.282324578099226,0.47692307692307695
IOC,"Indian Oil Corporation
",TTM,Oil & Gas,interest_coverage,4.356516087097822,0.12307692307692308
ONGC,Oil & Natural Gas Corpn Ltd,Mar 2013,Oil & Gas,interest_coverage,101.21694214876032,1.0
ONGC,Oil & Natural Gas Corpn Ltd,Mar 2014,Oil & Gas,interest_coverage,90.22435897435898,0.9846153846153847
ONGC,Oil & Natural Gas Corpn Ltd,Mar 2015,Oil & Gas,interest_coverage,16.85300279329609,0.7846153846153846
ONGC,Oil & Natural Gas Corpn Ltd,Mar 2016,Oil & Gas,interest_coverage,10.674986723313861,0.5076923076923077
ONGC,Oil & Natural Gas Corpn Ltd,Mar 2017,Oil & Gas,interest_coverage,18.247841826789195,0.8
ONGC,Oil & Natural Gas Corpn Ltd,Mar 2018,Oil & Gas,interest_coverage,13.46629325865173,0.6153846153846154
ONGC,Oil & Natural Gas Corpn Ltd,Mar 2019,Oil & Gas,interest_coverage,14.457084118554052,0.6923076923076923
ONGC,Oil & Natural Gas Corpn Ltd,Mar 2020,Oil & Gas,interest_coverage,7.088663372946989,0.23076923076923078
ONGC,Oil & Natural Gas Corpn Ltd,Mar 2021,Oil & Gas,interest_coverage,11.959834613112818,0.6
ONGC,Oil & Natural Gas Corpn Ltd,Mar 2022,Oil & Gas,interest_coverage,15.216116573033707,0.7384615384615385
ONGC,Oil & Natural Gas Corpn Ltd,Mar 2023,Oil & Gas,interest_coverage,9.569907466092026,0.4153846153846154
ONGC,Oil & Natural Gas Corpn Ltd,Mar 2024,Oil & Gas,interest_coverage,11.361290955463998,0.5384615384615384
ONGC,Oil & Natural Gas Corpn Ltd,TTM,Oil & Gas,interest_coverage,7.967598475222363,0.3076923076923077
RELIANCE,"Reliance Industries Ltd
",Mar 2013,Oil & Gas,interest_coverage,11.814034074501876,0.5692307692307692
RELIANCE,"Reliance Industries Ltd
",Mar 2014,Oil & Gas,interest_coverage,11.418143899895725,0.5538461538461539
RELIANCE,"Reliance Industries Ltd
",Mar 2015,Oil & Gas,interest_coverage,13.865199034981906,0.6461538461538462
RELIANCE,"Reliance Industries Ltd
",Mar 2016,Oil & Gas,interest_coverage,14.628285017610404,0.7076923076923077
RELIANCE,"Reliance Industries Ltd
",Mar 2017,Oil & Gas,interest_coverage,14.426864120550793,0.676923076923077
RELIANCE,"Reliance Industries Ltd
",Mar 2018,Oil & Gas,interest_coverage,9.21311475409836,0.36923076923076925
RELIANCE,"Reliance Industries Ltd
",Mar 2019,Oil & Gas,interest_coverage,5.617217338587451,0.2
RELIANCE,"Reliance Industries Ltd
",Mar 2020,Oil & Gas,interest_coverage,4.441639805693013,0.13846153846153847
RELIANCE,"Reliance Industries Ltd
",Mar 2021,Oil & Gas,interest_coverage,4.871489924017179,0.16923076923076924
RELIANCE,"Reliance Industries Ltd
",Mar 2022,Oil & Gas,interest_coverage,8.789152495885903,0.35384615384615387
RELIANCE,"Reliance Industries Ltd
",Mar 2023,Oil & Gas,interest_coverage,7.886055899034285,0.2923076923076923
RELIANCE,"Reliance Industries Ltd
",Mar 2024,Oil & Gas,interest_coverage,7.728912535686478,0.26153846153846155
RELIANCE,"Reliance Industries Ltd
",TTM,Oil & Gas,interest_coverage,7.611937172774869,0.24615384615384617
BPCL,Bharat Petroleum Corporation Ltd,Mar 2013,Oil & Gas,asset_turnover,3.0414050334053346,1.0
BPCL,Bharat Petroleum Corporation Ltd,Mar 2014,Oil & Gas,asset_turnover,2.9891589418946416,0.9833333333333333
BPCL,Bharat Petroleum Corporation Ltd,Mar 2015,Oil & Gas,asset_turnover,2.81038437478279,0.9666666666666667
BPCL,Bharat Petroleum Corporation Ltd,Mar 2016,Oil & Gas,asset_turnover,2.173231353127676,0.9
BPCL,Bharat Petroleum Corporation Ltd,Mar 2017,Oil & Gas,asset_turnover,1.844883853106723,0.7833333333333333
BPCL,Bharat Petroleum Corporation Ltd,Mar 2018,Oil & Gas,asset_turnover,1.9599770680315065,0.8833333333333333
BPCL,Bharat Petroleum Corporation Ltd,Mar 2019,Oil & Gas,asset_turnover,2.1780085593678336,0.9166666666666666
BPCL,Bharat Petroleum Corporation Ltd,Mar 2020,Oil & Gas,asset_turnover,1.8863316982632905,0.8166666666666667
BPCL,Bharat Petroleum Corporation Ltd,Mar 2021,Oil & Gas,asset_turnover,1.4298289207220862,0.6666666666666666
BPCL,Bharat Petroleum Corporation Ltd,Mar 2022,Oil & Gas,asset_turnover,1.849265980195063,0.8
BPCL,Bharat Petroleum Corporation Ltd,Mar 2023,Oil & Gas,asset_turnover,2.5154936765386027,0.95
BPCL,Bharat Petroleum Corporation Ltd,Mar 2024,Oil & Gas,asset_turnover,2.213651947949293,0.9333333333333333
BPCL,Bharat Petroleum Corporation Ltd,TTM,Oil & Gas,asset_turnover,,
GAIL,GAIL (India) Ltd,Mar 2013,Oil & Gas,asset_turnover,0.8522797572271732,0.38333333333333336
GAIL,GAIL (India) Ltd,Mar 2014,Oil & Gas,asset_turnover,0.9237269124355044,0.4666666666666667
GAIL,GAIL (India) Ltd,Mar 2015,Oil & Gas,asset_turnover,0.8692101221490189,0.4166666666666667
GAIL,GAIL (India) Ltd,Mar 2016,Oil & Gas,asset_turnover,0.8813131740683676,0.43333333333333335
GAIL,GAIL (India) Ltd,Mar 2017,Oil & Gas,asset_turnover,0.8329244651833044,0.3333333333333333
GAIL,GAIL (India) Ltd,Mar 2018,Oil & Gas,asset_turnover,0.8882369240297948,0.45
GAIL,GAIL (India) Ltd,Mar 2019,Oil & Gas,asset_turnover,1.1134656417151376,0.6
GAIL,GAIL (India) Ltd,Mar 2020,Oil & Gas,asset_turnover,0.9677582939653562,0.5
GAIL,GAIL (India) Ltd,Mar 2021,Oil & Gas,asset_turnover,0.7080340614587189,0.2833333333333333
GAIL,GAIL (India) Ltd,Mar 2022,Oil & Gas,asset_turnover,0.9605110577321295,0.48333333333333334
GAIL,GAIL (India) Ltd,Mar 2023,Oil & Gas,asset_turnover,1.3512174759983304,0.6333333333333333
GAIL,GAIL (India) Ltd,Mar 2024,Oil & Gas,asset_turnover,1.0680883472962681,0.5666666666666667
GAIL,GAIL (India) Ltd,TTM,Oil & Gas,asset_turnover,,
IOC,"Indian Oil Corporation
",Mar 2013,Oil & Gas,asset_turnover,1.9091442793474396,0.85
IOC,"Indian Oil Corporation
",Mar 2014,Oil & Gas,asset_turnover,1.8362079013961115,0.7666666666666667
IOC,"Indian Oil Corporation
",Mar 2015,Oil & Gas,asset_turnover,1.9219310509955834,0.8666666666666667
IOC,"Indian Oil Corporation
",Mar 2016,Oil & Gas,asset_turnover,1.4934078501607577,0.7166666666666667
IOC,"Indian Oil Corporation
",Mar 2017,Oil & Gas,asset_turnover,1.2983351539352401,0.6166666666666667
IOC,"Indian Oil Corporation
",Mar 2018,Oil & Gas,asset_turnover,1.424633272493747,0.65
IOC,"Indian Oil Corporation
",Mar 2019,Oil & Gas,asset_turnover,1.5748845281083483,0.7333333333333333
IOC,"Indian Oil Corporation
",Mar 2020,Oil & Gas,asset_turnover,1.4661173104781762,0.7
IOC,"Indian Oil Corporation
",Mar 2021,Oil & Gas,asset_turnover,1.0247926903095919,0.5333333333333333
IOC,"Indian Oil Corporation
",Mar 2022,Oil & Gas,asset_turnover,1.434282835461276,0.6833333333333333
IOC,"Indian Oil Corporation
",Mar 2023,Oil & Gas,asset_turnover,1.9044468828832906,0.8333333333333334
IOC,"Indian Oil Corporation
",Mar 2024,Oil & Gas,asset_turnover,1.6084096601703395,0.75
IOC,"Indian Oil Corporation
",TTM,Oil & Gas,asset_turnover,,
ONGC,Oil & Natural Gas Corpn Ltd,Mar 2013,Oil & Gas,asset_turnover,0.6391817665256645,0.25
ONGC,Oil & Natural Gas Corpn Ltd,Mar 2014,Oil & Gas,asset_turnover,0.5357964895869234,0.16666666666666666
ONGC,Oil & Natural Gas Corpn Ltd,Mar 2015,Oil & Gas,asset_turnover,0.47631916222432047,0.1
ONGC,Oil & Natural Gas Corpn Ltd,Mar 2016,Oil & Gas,asset_turnover,0.36292030944606346,0.03333333333333333
ONGC,Oil & Natural Gas Corpn Ltd,Mar 2017,Oil & Gas,asset_turnover,0.6355233113998088,0.23333333333333334
ONGC,Oil & Natural Gas Corpn Ltd,Mar 2018,Oil & Gas,asset_turnover,0.7027079994425476,0.26666666666666666
ONGC,Oil & Natural Gas Corpn Ltd,Mar 2019,Oil & Gas,asset_turnover,0.8563623327639471,0.4
ONGC,Oil & Natural Gas Corpn Ltd,Mar 2020,Oil & Gas,asset_turnover,0.7804014446341597,0.31666666666666665
ONGC,Oil & Natural Gas Corpn Ltd,Mar 2021,Oil & Gas,asset_turnover,0.5608677835451169,0.2
ONGC,Oil & Natural Gas Corpn Ltd,Mar 2022,Oil & Gas,asset_turnover,0.8422418818365738,0.36666666666666664
ONGC,Oil & Natural Gas Corpn Ltd,Mar 2023,Oil & Gas,asset_turnover,1.0312763510923726,0.55
ONGC,Oil & Natural Gas Corpn Ltd,Mar 2024,Oil & Gas,asset_turnover,0.8332173339682772,0.35
ONGC,Oil & Natural Gas Corpn Ltd,TTM,Oil & Gas,asset_turnover,,
RELIANCE,"Reliance Industries Ltd
",Mar 2013,Oil & Gas,asset_turnover,1.0927262340730275,0.5833333333333334
RELIANCE,"Reliance Industries Ltd
",Mar 2014,Oil & Gas,asset_turnover,1.0109084210305403,0.5166666666666667
RELIANCE,"Reliance Industries Ltd
",Mar 2015,Oil & Gas,asset_turnover,0.7420860043688031,0.3
RELIANCE,"Reliance Industries Ltd
",Mar 2016,Oil & Gas,asset_turnover,0.45506571819224473,0.06666666666666667
RELIANCE,"Reliance Industries Ltd
",Mar 2017,Oil & Gas,asset_turnover,0.43004122795351457,0.05
RELIANCE,"Reliance Industries Ltd
",Mar 2018,Oil & Gas,asset_turnover,0.48174042523293636,0.11666666666666667
RELIANCE,"Reliance Industries Ltd
",Mar 2019,Oil & Gas,asset_turnover,0.569687158565801,0.21666666666666667
RELIANCE,"Reliance Industries Ltd
",Mar 2020,Oil & Gas,asset_turnover,0.5130449736245878,0.15
RELIANCE,"Reliance Industries Ltd
",Mar 2021,Oil & Gas,asset_turnover,0.35324548412388784,0.016666666666666666
RELIANCE,"Reliance Industries Ltd
",Mar 2022,Oil & Gas,asset_turnover,0.4635411731577409,0.08333333333333333
RELIANCE,"Reliance Industries Ltd
",Mar 2023,Oil & Gas,asset_turnover,0.5457412188442239,0.18333333333333332
RELIANCE,"Reliance Industries Ltd
",Mar 2024,Oil & Gas,asset_turnover,0.5122600635424216,0.13333333333333333
RELIANCE,"Reliance Industries Ltd
",TTM,Oil & Gas,asset_turnover,,
BPCL,Bharat Petroleum Corporation Ltd,Mar 2013,Oil & Gas,free_cash_flow_cr,2322.0,0.43333333333333335
BPCL,Bharat Petroleum Corporation Ltd,Mar 2014,Oil & Gas,free_cash_flow_cr,2707.0,0.45
BPCL,Bharat Petroleum Corporation Ltd,Mar 2015,Oil & Gas,free_cash_flow_cr,10206.0,0.7166666666666667
BPCL,Bharat Petroleum Corporation Ltd,Mar 2016,Oil & Gas,free_cash_flow_cr,1886.0,0.36666666666666664
BPCL,Bharat Petroleum Corporation Ltd,Mar 2017,Oil & Gas,free_cash_flow_cr,-6233.0,0.16666666666666666
BPCL,Bharat Petroleum Corporation Ltd,Mar 2018,Oil & Gas,free_cash_flow_cr,4002.0,0.5333333333333333
BPCL,Bharat Petroleum Corporation Ltd,Mar 2019,Oil & Gas,free_cash_flow_cr,-294.0,0.25
BPCL,Bharat Petroleum Corporation Ltd,Mar 2020,Oil & Gas,free_cash_flow_cr,-3254.0,0.2
BPCL,Bharat Petroleum Corporation Ltd,Mar 2021,Oil & Gas,free_cash_flow_cr,20981.0,0.8333333333333334
BPCL,Bharat Petroleum Corporation Ltd,Mar 2022,Oil & Gas,free_cash_flow_cr,12198.0,0.8
BPCL,Bharat Petroleum Corporation Ltd,Mar 2023,Oil & Gas,free_cash_flow_cr,4660.0,0.6
BPCL,Bharat Petroleum Corporation Ltd,Mar 2024,Oil & Gas,free_cash_flow_cr,25415.0,0.9
BPCL,Bharat Petroleum Corporation Ltd,TTM,Oil & Gas,free_cash_flow_cr,,
GAIL,GAIL (India) Ltd,Mar 2013,Oil & Gas,free_cash_flow_cr,-2023.0,0.21666666666666667
GAIL,GAIL (India) Ltd,Mar 2014,Oil & Gas,free_cash_flow_cr,149.0,0.3
GAIL,GAIL (India) Ltd,Mar 2015,Oil & Gas,free_cash_flow_cr,1405.0,0.31666666666666665
GAIL,GAIL (India) Ltd,Mar 2016,Oil & Gas,free_cash_flow_cr,3056.0,0.4666666666666667
GAIL,GAIL (India) Ltd,Mar 2017,Oil & Gas,free_cash_flow_cr,5690.0,0.6333333333333333
GAIL,GAIL (India) Ltd,Mar 2018,Oil & Gas,free_cash_flow_cr,6109.0,0.65
GAIL,GAIL (India) Ltd,Mar 2019,Oil & Gas,free_cash_flow_cr,2283.0,0.4166666666666667
GAIL,GAIL (India) Ltd,Mar 2020,Oil & Gas,free_cash_flow_cr,46.0,0.275
GAIL,GAIL (India) Ltd,Mar 2021,Oil & Gas,free_cash_flow_cr,4353.0,0.55
GAIL,GAIL (India) Ltd,Mar 2022,Oil & Gas,free_cash_flow_cr,3930.0,0.5166666666666667
GAIL,GAIL (India) Ltd,Mar 2023,Oil & Gas,free_cash_flow_cr,-4248.0,0.18333333333333332
GAIL,GAIL (India) Ltd,Mar 2024,Oil & Gas,free_cash_flow_cr,4360.0,0.5666666666666667
GAIL,GAIL (India) Ltd,TTM,Oil & Gas,free_cash_flow_cr,,
IOC,"Indian Oil Corporation
",Mar 2013,Oil & Gas,free_cash_flow_cr,46.0,0.275
IOC,"Indian Oil Corporation
",Mar 2014,Oil & Gas,free_cash_flow_cr,5601.0,0.6166666666666667
IOC,"Indian Oil Corporation
",Mar 2015,Oil & Gas,free_cash_flow_cr,35877.0,0.9333333333333333
IOC,"Indian Oil Corporation
",Mar 2016,Oil & Gas,free_cash_flow_cr,12014.0,0.7833333333333333
IOC,"Indian Oil Corporation
",Mar 2017,Oil & Gas,free_cash_flow_cr,10532.0,0.7333333333333333
IOC,"Indian Oil Corporation
",Mar 2018,Oil & Gas,free_cash_flow_cr,11996.0,0.7666666666666667
IOC,"Indian Oil Corporation
",Mar 2019,Oil & Gas,free_cash_flow_cr,-9822.0,0.15
IOC,"Indian Oil Corporation
",Mar 2020,Oil & Gas,free_cash_flow_cr,-21955.0,0.08333333333333333
IOC,"Indian Oil Corporation
",Mar 2021,Oil & Gas,free_cash_flow_cr,26715.0,0.9166666666666666
IOC,"Indian Oil Corporation
",Mar 2022,Oil & Gas,free_cash_flow_cr,4453.0,0.5833333333333334
IOC,"Indian Oil Corporation
",Mar 2023,Oil & Gas,free_cash_flow_cr,1614.0,0.35
IOC,"Indian Oil Corporation
",Mar 2024,Oil & Gas,free_cash_flow_cr,39635.0,0.9666666666666667
IOC,"Indian Oil Corporation
",TTM,Oil & Gas,free_cash_flow_cr,,
ONGC,Oil & Natural Gas Corpn Ltd,Mar 2013,Oil & Gas,free_cash_flow_cr,-1346.0,0.23333333333333334
ONGC,Oil & Natural Gas Corpn Ltd,Mar 2014,Oil & Gas,free_cash_flow_cr,-10363.0,0.11666666666666667
ONGC,Oil & Natural Gas Corpn Ltd,Mar 2015,Oil & Gas,free_cash_flow_cr,3892.0,0.5
ONGC,Oil & Natural Gas Corpn Ltd,Mar 2016,Oil & Gas,free_cash_flow_cr,8036.0,0.6666666666666666
ONGC,Oil & Natural Gas Corpn Ltd,Mar 2017,Oil & Gas,free_cash_flow_cr,1965.0,0.4
ONGC,Oil & Natural Gas Corpn Ltd,Mar 2018,Oil & Gas,free_cash_flow_cr,-10006.0,0.13333333333333333
ONGC,Oil & Natural Gas Corpn Ltd,Mar 2019,Oil & Gas,free_cash_flow_cr,24326.0,0.8833333333333333
ONGC,Oil & Natural Gas Corpn Ltd,Mar 2020,Oil & Gas,free_cash_flow_cr,17434.0,0.8166666666666667
ONGC,Oil & Natural Gas Corpn Ltd,Mar 2021,Oil & Gas,free_cash_flow_cr,8044.0,0.6833333333333333
ONGC,Oil & Natural Gas Corpn Ltd,Mar 2022,Oil & Gas,free_cash_flow_cr,37051.0,0.95
ONGC,Oil & Natural Gas Corpn Ltd,Mar 2023,Oil & Gas,free_cash_flow_cr,11372.0,0.75
ONGC,Oil & Natural Gas Corpn Ltd,Mar 2024,Oil & Gas,free_cash_flow_cr,42060.0,0.9833333333333333
ONGC,Oil & Natural Gas Corpn Ltd,TTM,Oil & Gas,free_cash_flow_cr,,
RELIANCE,"Reliance Industries Ltd
",Mar 2013,Oil & Gas,free_cash_flow_cr,9317.0,0.7
RELIANCE,"Reliance Industries Ltd
",Mar 2014,Oil & Gas,free_cash_flow_cr,-29809.0,0.06666666666666667
RELIANCE,"Reliance Industries Ltd
",Mar 2015,Oil & Gas,free_cash_flow_cr,-30332.0,0.05
RELIANCE,"Reliance Industries Ltd
",Mar 2016,Oil & Gas,free_cash_flow_cr,1948.0,0.38333333333333336
RELIANCE,"Reliance Industries Ltd
",Mar 2017,Oil & Gas,free_cash_flow_cr,-16651.0,0.1
RELIANCE,"Reliance Industries Ltd
",Mar 2018,Oil & Gas,free_cash_flow_cr,3267.0,0.48333333333333334
RELIANCE,"Reliance Industries Ltd
",Mar 2019,Oil & Gas,free_cash_flow_cr,-52161.0,0.03333333333333333
RELIANCE,"Reliance Industries Ltd
",Mar 2020,Oil & Gas,free_cash_flow_cr,22380.0,0.8666666666666667
RELIANCE,"Reliance Industries Ltd
",Mar 2021,Oil & Gas,free_cash_flow_cr,-115427.0,0.016666666666666666
RELIANCE,"Reliance Industries Ltd
",Mar 2022,Oil & Gas,free_cash_flow_cr,1492.0,0.3333333333333333
RELIANCE,"Reliance Industries Ltd
",Mar 2023,Oil & Gas,free_cash_flow_cr,22031.0,0.85
RELIANCE,"Reliance Industries Ltd
",Mar 2024,Oil & Gas,free_cash_flow_cr,45207.0,1.0
RELIANCE,"Reliance Industries Ltd
",TTM,Oil & Gas,free_cash_flow_cr,,
BRITANNIA,Britannia Industries Ltd,Mar 2013,FMCG,return_on_equity_pct,46.59498207885305,0.75
BRITANNIA,Britannia Industries Ltd,Mar 2014,FMCG,return_on_equity_pct,49.49874686716792,0.7738095238095238
BRITANNIA,Britannia Industries Ltd,Mar 2015,FMCG,return_on_equity_pct,55.34136546184739,0.8095238095238095
BRITANNIA,Britannia Industries Ltd,Mar 2016,FMCG,return_on_equity_pct,39.4359464627151,0.7142857142857143
BRITANNIA,Britannia Industries Ltd,Mar 2017,FMCG,return_on_equity_pct,32.826409495548965,0.6428571428571429
BRITANNIA,Britannia Industries Ltd,Mar 2018,FMCG,return_on_equity_pct,29.47739283617146,0.5595238095238095
BRITANNIA,Britannia Industries Ltd,Mar 2019,FMCG,return_on_equity_pct,27.157300728897248,0.5238095238095238
BRITANNIA,Britannia Industries Ltd,Mar 2020,FMCG,return_on_equity_pct,31.66023166023166,0.6071428571428571
BRITANNIA,Britannia Industries Ltd,Mar 2021,FMCG,return_on_equity_pct,52.17023675310034,0.7857142857142857
BRITANNIA,Britannia Industries Ltd,Mar 2022,FMCG,return_on_equity_pct,59.26505082095387,0.8214285714285714
BRITANNIA,Britannia Industries Ltd,Mar 2023,FMCG,return_on_equity_pct,65.53480475382003,0.8452380952380952
BRITANNIA,Britannia Industries Ltd,Mar 2024,FMCG,return_on_equity_pct,54.14869322506978,0.7976190476190477
BRITANNIA,Britannia Industries Ltd,TTM,FMCG,return_on_equity_pct,,
DABUR,Dabur India Ltd,Mar 2013,FMCG,return_on_equity_pct,36.563245823389025,0.7023809523809523
DABUR,Dabur India Ltd,Mar 2014,FMCG,return_on_equity_pct,34.48795180722892,0.6785714285714286
DABUR,Dabur India Ltd,Mar 2015,FMCG,return_on_equity_pct,31.84257602862254,0.6190476190476191
DABUR,Dabur India Ltd,Mar 2016,FMCG,return_on_equity_pct,30.064732678014867,0.5714285714285714
DABUR,Dabur India Ltd,Mar 2017,FMCG,return_on_equity_pct,26.408087476789767,0.5119047619047619
DABUR,Dabur India Ltd,Mar 2018,FMCG,return_on_equity_pct,23.79950928846828,0.42857142857142855
DABUR,Dabur India Ltd,Mar 2019,FMCG,return_on_equity_pct,25.67471590909091,0.4880952380952381
DABUR,Dabur India Ltd,Mar 2020,FMCG,return_on_equity_pct,21.91946715107478,0.35714285714285715
DABUR,Dabur India Ltd,Mar 2021,FMCG,return_on_equity_pct,22.116388308977037,0.36904761904761907
DABUR,Dabur India Ltd,Mar 2022,FMCG,return_on_equity_pct,20.782629444046766,0.30952380952380953
DABUR,Dabur India Ltd,Mar 2023,FMCG,return_on_equity_pct,18.956870611835505,0.25
DABUR,Dabur India Ltd,Mar 2024,FMCG,return_on_equity_pct,18.355969997972835,0.2261904761904762
DABUR,Dabur India Ltd,TTM,FMCG,return_on_equity_pct,,
GODREJCP,Godrej Consumer Products Ltd,Mar 2013,FMCG,return_on_equity_pct,25.505584062782976,0.47619047619047616
GODREJCP,Godrej Consumer Products Ltd,Mar 2014,FMCG,return_on_equity_pct,21.695364238410598,0.32142857142857145
GODREJCP,Godrej Consumer Products Ltd,Mar 2015,FMCG,return_on_equity_pct,22.639758756668986,0.4166666666666667
GODREJCP,Godrej Consumer Products Ltd,Mar 2016,FMCG,return_on_equity_pct,19.475041012420906,0.2619047619047619
GODREJCP,Godrej Consumer Products Ltd,Mar 2017,FMCG,return_on_equity_pct,24.669935873255376,0.4523809523809524
GODREJCP,Godrej Consumer Products Ltd,Mar 2018,FMCG,return_on_equity_pct,26.110578459571748,0.5
GODREJCP,Godrej Consumer Products Ltd,Mar 2019,FMCG,return_on_equity_pct,32.22787945507087,0.6309523809523809
GODREJCP,Godrej Consumer Products Ltd,Mar 2020,FMCG,return_on_equity_pct,18.95416561154723,0.23809523809523808
GODREJCP,Godrej Consumer Products Ltd,Mar 2021,FMCG,return_on_equity_pct,18.23286365081047,0.21428571428571427
GODREJCP,Godrej Consumer Products Ltd,Mar 2022,FMCG,return_on_equity_pct,15.429214260989962,0.17857142857142858
GODREJCP,Godrej Consumer Products Ltd,Mar 2023,FMCG,return_on_equity_pct,12.338697984630999,0.16666666666666666
GODREJCP,Godrej Consumer Products Ltd,Mar 2024,FMCG,return_on_equity_pct,-4.45308779171297,0.011904761904761904
GODREJCP,Godrej Consumer Products Ltd,TTM,FMCG,return_on_equity_pct,,
HINDUNILVR,"Hindustan Unilever Ltd
",Mar 2013,FMCG,return_on_equity_pct,133.99650959860384,1.0
HINDUNILVR,"Hindustan Unilever Ltd
",Mar 2014,FMCG,return_on_equity_pct,111.84619734238055,0.9642857142857143
HINDUNILVR,"Hindustan Unilever Ltd
",Mar 2015,FMCG,return_on_equity_pct,108.66650111745717,0.9404761904761905
HINDUNILVR,"Hindustan Unilever Ltd
",Mar 2016,FMCG,return_on_equity_pct,63.15228966986155,0.8333333333333334
HINDUNILVR,"Hindustan Unilever Ltd
",Mar 2017,FMCG,return_on_equity_pct,66.57769869513642,0.8571428571428571
HINDUNILVR,"Hindustan Unilever Ltd
",Mar 2018,FMCG,return_on_equity_pct,71.78958934212334,0.8690476190476191
HINDUNILVR,"Hindustan Unilever Ltd
",Mar 2019,FMCG,return_on_equity_pct,77.03063429515699,0.8809523809523809
HINDUNILVR,"Hindustan Unilever Ltd
",Mar 2020,FMCG,return_on_equity_pct,82.09989063069631,0.8928571428571429
HINDUNILVR,"Hindustan Unilever Ltd
",Mar 2021,FMCG,return_on_equity_pct,16.778537567646936,0.19047619047619047
HINDUNILVR,"Hindustan Unilever Ltd
",Mar 2022,FMCG,return_on_equity_pct,18.12437577709382,0.20238095238095238
HINDUNILVR,"Hindustan Unilever Ltd
",Mar 2023,FMCG,return_on_equity_pct,20.16340648854962,0.2976190476190476
HINDUNILVR,"Hindustan Unilever Ltd
",Mar 2024,FMCG,return_on_equity_pct,20.074973642078955,0.2857142857142857
HINDUNILVR,"Hindustan Unilever Ltd
",TTM,FMCG,return_on_equity_pct,,
ITC,"ITC Ltd
",Mar 2013,FMCG,return_on_equity_pct,33.26712151308403,0.6666666666666666
ITC,"ITC Ltd
",Mar 2014,FMCG,return_on_equity_pct,33.04695818188493,0.6547619047619048
ITC,"ITC Ltd
",Mar 2015,FMCG,return_on_equity_pct,30.813587093521555,0.5952380952380952
ITC,"ITC Ltd
",Mar 2016,FMCG,return_on_equity_pct,22.261012183692596,0.39285714285714285
ITC,"ITC Ltd
",Mar 2017,FMCG,return_on_equity_pct,22.57341693060134,0.40476190476190477
ITC,"ITC Ltd
",Mar 2018,FMCG,return_on_equity_pct,21.88725956960579,0.34523809523809523
ITC,"ITC Ltd
",Mar 2019,FMCG,return_on_equity_pct,21.70406317106576,0.3333333333333333
ITC,"ITC Ltd
",Mar 2020,FMCG,return_on_equity_pct,23.88889740015014,0.44047619047619047
ITC,"ITC Ltd
",Mar 2021,FMCG,return_on_equity_pct,22.17674449434106,0.38095238095238093
ITC,"ITC Ltd
",Mar 2022,FMCG,return_on_equity_pct,24.822672324073334,0.4642857142857143
ITC,"ITC Ltd
",Mar 2023,FMCG,return_on_equity_pct,28.16426867182416,0.5476190476190477
ITC,"ITC Ltd
",Mar 2024,FMCG,return_on_equity_pct,27.851074395694365,0.5357142857142857
ITC,"ITC Ltd
",TTM,FMCG,return_on_equity_pct,,
NESTLEIND,Nestle India Ltd,Dec 2013,FMCG,return_on_equity_pct,47.170608108108105,0.7619047619047619
NESTLEIND,Nestle India Ltd,Dec 2014,FMCG,return_on_equity_pct,41.76947479732112,0.7261904761904762
NESTLEIND,Nestle India Ltd,Dec 2015,FMCG,return_on_equity_pct,19.985800496982606,0.27380952380952384
NESTLEIND,Nestle India Ltd,Dec 2016,FMCG,return_on_equity_pct,30.499695307739184,0.5833333333333334
NESTLEIND,Nestle India Ltd,Dec 2017,FMCG,return_on_equity_pct,35.8187134502924,0.6904761904761905
NESTLEIND,Nestle India Ltd,Dec 2018,FMCG,return_on_equity_pct,43.75170160631636,0.7380952380952381
NESTLEIND,Nestle India Ltd,Dec 2019,FMCG,return_on_equity_pct,102.60688216892598,0.9166666666666666
NESTLEIND,Nestle India Ltd,Dec 2020,FMCG,return_on_equity_pct,103.12035661218424,0.9285714285714286
NESTLEIND,Nestle India Ltd,Dec 2021,FMCG,return_on_equity_pct,108.83864337101747,0.9523809523809523
NESTLEIND,Nestle India Ltd,Dec 2022,FMCG,return_on_equity_pct,97.23464823098821,0.9047619047619048
NESTLEIND,Nestle India Ltd,Dec 2023,FMCG,return_on_equity_pct,121.96014640097602,0.9880952380952381
NESTLEIND,Nestle India Ltd,Mar 2024,FMCG,return_on_equity_pct,117.75449101796407,0.9761904761904762
NESTLEIND,Nestle India Ltd,TTM,FMCG,return_on_equity_pct,,
TATACONSUM,Tata Consumer Products Ltd,Mar 2013,FMCG,return_on_equity_pct,9.251559251559252,0.15476190476190477
TATACONSUM,Tata Consumer Products Ltd,Mar 2014,FMCG,return_on_equity_pct,8.719439220379552,0.14285714285714285
TATACONSUM,Tata Consumer Products Ltd,Mar 2015,FMCG,return_on_equity_pct,4.96996176952485,0.047619047619047616
TATACONSUM,Tata Consumer Products Ltd,Mar 2016,FMCG,return_on_equity_pct,-0.5922842964623019,0.023809523809523808
TATACONSUM,Tata Consumer Products Ltd,Mar 2017,FMCG,return_on_equity_pct,7.262569832402235,0.09523809523809523
TATACONSUM,Tata Consumer Products Ltd,Mar 2018,FMCG,return_on_equity_pct,7.907836723083488,0.11904761904761904
TATACONSUM,Tata Consumer Products Ltd,Mar 2019,FMCG,return_on_equity_pct,6.232951445717403,0.05952380952380952
TATACONSUM,Tata Consumer Products Ltd,Mar 2020,FMCG,return_on_equity_pct,3.329714078899747,0.03571428571428571
TATACONSUM,Tata Consumer Products Ltd,Mar 2021,FMCG,return_on_equity_pct,6.398789046374019,0.07142857142857142
TATACONSUM,Tata Consumer Products Ltd,Mar 2022,FMCG,return_on_equity_pct,6.703209615638621,0.08333333333333333
TATACONSUM,Tata Consumer Products Ltd,Mar 2023,FMCG,return_on_equity_pct,8.109602506604412,0.13095238095238096
TATACONSUM,Tata Consumer Products Ltd,Mar 2024,FMCG,return_on_equity_pct,7.566793298872766,0.10714285714285714
TATACONSUM,Tata Consumer Products Ltd,TTM,FMCG,return_on_equity_pct,,
BRITANNIA,Britannia Industries Ltd,Mar 2013,FMCG,net_profit_margin_pct,4.203718674211803,0.054945054945054944
BRITANNIA,Britannia Industries Ltd,Mar 2014,FMCG,net_profit_margin_pct,5.713872414291914,0.07692307692307693
BRITANNIA,Britannia Industries Ltd,Mar 2015,FMCG,net_profit_margin_pct,8.768134385339781,0.1978021978021978
BRITANNIA,Britannia Industries Ltd,Mar 2016,FMCG,net_profit_margin_pct,9.824937477670597,0.23076923076923078
BRITANNIA,Britannia Industries Ltd,Mar 2017,FMCG,net_profit_margin_pct,9.774685222001326,0.21978021978021978
BRITANNIA,Britannia Industries Ltd,Mar 2018,FMCG,net_profit_margin_pct,10.127092999798265,0.25274725274725274
BRITANNIA,Britannia Industries Ltd,Mar 2019,FMCG,net_profit_margin_pct,10.44776119402985,0.26373626373626374
BRITANNIA,Britannia Industries Ltd,Mar 2020,FMCG,net_profit_margin_pct,12.017241379310345,0.31868131868131866
BRITANNIA,Britannia Industries Ltd,Mar 2021,FMCG,net_profit_margin_pct,14.091047503045068,0.4835164835164835
BRITANNIA,Britannia Industries Ltd,Mar 2022,FMCG,net_profit_margin_pct,10.724391624221845,0.27472527472527475
BRITANNIA,Britannia Industries Ltd,Mar 2023,FMCG,net_profit_margin_pct,14.207717317955954,0.5274725274725275
BRITANNIA,Britannia Industries Ltd,Mar 2024,FMCG,net_profit_margin_pct,12.725863199952292,0.38461538461538464
BRITANNIA,Britannia Industries Ltd,TTM,FMCG,net_profit_margin_pct,12.346323358849455,0.3626373626373626
DABUR,Dabur India Ltd,Mar 2013,FMCG,net_profit_margin_pct,12.47557003257329,0.37362637362637363
DABUR,Dabur India Ltd,Mar 2014,FMCG,net_profit_margin_pct,12.978180787758573,0.4175824175824176
DABUR,Dabur India Ltd,Mar 2015,FMCG,net_profit_margin_pct,13.701090442591404,0.4725274725274725
DABUR,Dabur India Ltd,Mar 2016,FMCG,net_profit_margin_pct,16.118251928020566,0.6923076923076923
DABUR,Dabur India Ltd,Mar 2017,FMCG,net_profit_margin_pct,16.811137378513266,0.7692307692307693
DABUR,Dabur India Ltd,Mar 2018,FMCG,net_profit_margin_pct,17.586117586117584,0.8351648351648352
DABUR,Dabur India Ltd,Mar 2019,FMCG,net_profit_margin_pct,16.981796829125074,0.7912087912087912
DABUR,Dabur India Ltd,Mar 2020,FMCG,net_profit_margin_pct,16.672423719055843,0.7362637362637363
DABUR,Dabur India Ltd,Mar 2021,FMCG,net_profit_margin_pct,17.72641706755909,0.8461538461538461
DABUR,Dabur India Ltd,Mar 2022,FMCG,net_profit_margin_pct,15.997795940857745,0.6813186813186813
DABUR,Dabur India Ltd,Mar 2023,FMCG,net_profit_margin_pct,14.752818733738074,0.6043956043956044
DABUR,Dabur India Ltd,Mar 2024,FMCG,net_profit_margin_pct,14.600128990648178,0.5824175824175825
DABUR,Dabur India Ltd,TTM,FMCG,net_profit_margin_pct,14.139953402426286,0.5054945054945055
GODREJCP,Godrej Consumer Products Ltd,Mar 2013,FMCG,net_profit_margin_pct,13.178415470991892,0.42857142857142855
GODREJCP,Godrej Consumer Products Ltd,Mar 2014,FMCG,net_profit_margin_pct,10.777733912356888,0.2857142857142857
GODREJCP,Godrej Consumer Products Ltd,Mar 2015,FMCG,net_profit_margin_pct,11.797413272089932,0.3076923076923077
GODREJCP,Godrej Consumer Products Ltd,Mar 2016,FMCG,net_profit_margin_pct,9.864672364672366,0.24175824175824176
GODREJCP,Godrej Consumer Products Ltd,Mar 2017,FMCG,net_profit_margin_pct,14.113077255071213,0.4945054945054945
GODREJCP,Godrej Consumer Products Ltd,Mar 2018,FMCG,net_profit_margin_pct,16.593886462882097,0.7142857142857143
GODREJCP,Godrej Consumer Products Ltd,Mar 2019,FMCG,net_profit_margin_pct,22.70700019391119,0.8571428571428571
GODREJCP,Godrej Consumer Products Ltd,Mar 2020,FMCG,net_profit_margin_pct,15.104429421854505,0.6153846153846154
GODREJCP,Godrej Consumer Products Ltd,Mar 2021,FMCG,net_profit_margin_pct,15.604315894460061,0.6483516483516484
GODREJCP,Godrej Consumer Products Ltd,Mar 2022,FMCG,net_profit_margin_pct,14.524275008145976,0.5714285714285714
GODREJCP,Godrej Consumer Products Ltd,Mar 2023,FMCG,net_profit_margin_pct,12.781616100931211,0.3956043956043956
GODREJCP,Godrej Consumer Products Ltd,Mar 2024,FMCG,net_profit_margin_pct,-3.9798524404086266,0.01098901098901099
GODREJCP,Godrej Consumer Products Ltd,TTM,FMCG,net_profit_margin_pct,-3.2009609949123803,0.02197802197802198
HINDUNILVR,"Hindustan Unilever Ltd
",Mar 2013,FMCG,net_profit_margin_pct,14.216412383350615,0.5384615384615384
HINDUNILVR,"Hindustan Unilever Ltd
",Mar 2014,FMCG,net_profit_margin_pct,13.532188547581583,0.43956043956043955
HINDUNILVR,"Hindustan Unilever Ltd
",Mar 2015,FMCG,net_profit_margin_pct,13.68697610409108,0.46153846153846156
HINDUNILVR,"Hindustan Unilever Ltd
",Mar 2016,FMCG,net_profit_margin_pct,12.896911700739452,0.4065934065934066
HINDUNILVR,"Hindustan Unilever Ltd
",Mar 2017,FMCG,net_profit_margin_pct,13.539593510644716,0.45054945054945056
HINDUNILVR,"Hindustan Unilever Ltd
",Mar 2018,FMCG,net_profit_margin_pct,14.705303136868759,0.5934065934065934
HINDUNILVR,"Hindustan Unilever Ltd
",Mar 2019,FMCG,net_profit_margin_pct,15.41592470109387,0.6263736263736264
HINDUNILVR,"Hindustan Unilever Ltd
",Mar 2020,FMCG,net_profit_margin_pct,16.982128044642185,0.8021978021978022
HINDUNILVR,"Hindustan Unilever Ltd
",Mar 2021,FMCG,net_profit_margin_pct,17.00901590541805,0.8131868131868132
HINDUNILVR,"Hindustan Unilever Ltd
",Mar 2022,FMCG,net_profit_margin_pct,16.954581855622926,0.7802197802197802
HINDUNILVR,"Hindustan Unilever Ltd
",Mar 2023,FMCG,net_profit_margin_pct,16.743149554308353,0.7472527472527473
HINDUNILVR,"Hindustan Unilever Ltd
",Mar 2024,FMCG,net_profit_margin_pct,16.611735814915342,0.7252747252747253
HINDUNILVR,"Hindustan Unilever Ltd
",TTM,FMCG,net_profit_margin_pct,17.16697786501971,0.8241758241758241
ITC,"ITC Ltd
",Mar 2013,FMCG,net_profit_margin_pct,24.36586754380416,0.8791208791208791
ITC,"ITC Ltd
",Mar 2014,FMCG,net_profit_margin_pct,25.49425026907608,0.9120879120879121
ITC,"ITC Ltd
",Mar 2015,FMCG,net_profit_margin_pct,25.192570265605273,0.9010989010989011
ITC,"ITC Ltd
",Mar 2016,FMCG,net_profit_margin_pct,24.242192284139623,0.8681318681318682
ITC,"ITC Ltd
",Mar 2017,FMCG,net_profit_margin_pct,24.497287691732136,0.8901098901098901
ITC,"ITC Ltd
",Mar 2018,FMCG,net_profit_margin_pct,26.45170199544293,0.9340659340659341
ITC,"ITC Ltd
",Mar 2019,FMCG,net_profit_margin_pct,26.553578816714936,0.945054945054945
ITC,"ITC Ltd
",Mar 2020,FMCG,net_profit_margin_pct,31.57244674819794,1.0
ITC,"ITC Ltd
",Mar 2021,FMCG,net_profit_margin_pct,27.16974237164261,0.9560439560439561
ITC,"ITC Ltd
",Mar 2022,FMCG,net_profit_margin_pct,25.563525434908072,0.9230769230769231
ITC,"ITC Ltd
",Mar 2023,FMCG,net_profit_margin_pct,27.463726222873987,0.967032967032967
ITC,"ITC Ltd
",Mar 2024,FMCG,net_profit_margin_pct,29.282025230717128,0.989010989010989
ITC,"ITC Ltd
",TTM,FMCG,net_profit_margin_pct,27.722100219604712,0.978021978021978
NESTLEIND,Nestle India Ltd,Dec 2013,FMCG,net_profit_margin_pct,12.27337655202725,0.3516483516483517
NESTLEIND,Nestle India Ltd,Dec 2014,FMCG,net_profit_margin_pct,12.02435312024353,0.32967032967032966
NESTLEIND,Nestle India Ltd,Dec 2015,FMCG,net_profit_margin_pct,6.886850152905198,0.13186813186813187
NESTLEIND,Nestle India Ltd,Dec 2016,FMCG,net_profit_margin_pct,10.95066185318893,0.2967032967032967
NESTLEIND,Nestle India Ltd,Dec 2017,FMCG,net_profit_margin_pct,12.237762237762238,0.34065934065934067
NESTLEIND,Nestle India Ltd,Dec 2018,FMCG,net_profit_margin_pct,14.231314204746722,0.5494505494505495
NESTLEIND,Nestle India Ltd,Dec 2019,FMCG,net_profit_margin_pct,15.910744603444094,0.6703296703296703
NESTLEIND,Nestle India Ltd,Dec 2020,FMCG,net_profit_margin_pct,15.595505617977528,0.6373626373626373
NESTLEIND,Nestle India Ltd,Dec 2021,FMCG,net_profit_margin_pct,14.368089003459739,0.5604395604395604
NESTLEIND,Nestle India Ltd,Dec 2022,FMCG,net_profit_margin_pct,14.150440906669823,0.5164835164835165
NESTLEIND,Nestle India Ltd,Dec 2023,FMCG,net_profit_margin_pct,15.680225870542715,0.6593406593406593
NESTLEIND,Nestle India Ltd,Mar 2024,FMCG,net_profit_margin_pct,16.12281708616873,0.7032967032967034
NESTLEIND,Nestle India Ltd,TTM,FMCG,net_profit_margin_pct,16.794703325583747,0.7582417582417582
TATACONSUM,Tata Consumer Products Ltd,Mar 2013,FMCG,net_profit_margin_pct,6.0535981499115765,0.08791208791208792
TATACONSUM,Tata Consumer Products Ltd,Mar 2014,FMCG,net_profit_margin_pct,6.590850348927371,0.10989010989010989
TATACONSUM,Tata Consumer Products Ltd,Mar 2015,FMCG,net_profit_margin_pct,3.415488552483423,0.04395604395604396
TATACONSUM,Tata Consumer Products Ltd,Mar 2016,FMCG,net_profit_margin_pct,-0.5574807895133344,0.03296703296703297
TATACONSUM,Tata Consumer Products Ltd,Mar 2017,FMCG,net_profit_margin_pct,6.710914454277287,0.12087912087912088
TATACONSUM,Tata Consumer Products Ltd,Mar 2018,FMCG,net_profit_margin_pct,8.158473954512106,0.17582417582417584
TATACONSUM,Tata Consumer Products Ltd,Mar 2019,FMCG,net_profit_margin_pct,6.301709873138445,0.0989010989010989
TATACONSUM,Tata Consumer Products Ltd,Mar 2020,FMCG,net_profit_margin_pct,4.77326968973747,0.06593406593406594
TATACONSUM,Tata Consumer Products Ltd,Mar 2021,FMCG,net_profit_margin_pct,8.015859334597483,0.16483516483516483
TATACONSUM,Tata Consumer Products Ltd,Mar 2022,FMCG,net_profit_margin_pct,8.169014084507042,0.18681318681318682
TATACONSUM,Tata Consumer Products Ltd,Mar 2023,FMCG,net_profit_margin_pct,9.577015163607342,0.2087912087912088
TATACONSUM,Tata Consumer Products Ltd,Mar 2024,FMCG,net_profit_margin_pct,7.9902669998684726,0.15384615384615385
TATACONSUM,Tata Consumer Products Ltd,TTM,FMCG,net_profit_margin_pct,7.1792354421059095,0.14285714285714285
BRITANNIA,Britannia Industries Ltd,Mar 2013,FMCG,debt_to_equity,0.6810035842293907,0.04761904761904767
BRITANNIA,Britannia Industries Ltd,Mar 2014,FMCG,debt_to_equity,0.18796992481203006,0.3214285714285714
BRITANNIA,Britannia Industries Ltd,Mar 2015,FMCG,debt_to_equity,0.11646586345381527,0.45238095238095233
BRITANNIA,Britannia Industries Ltd,Mar 2016,FMCG,debt_to_equity,0.06261950286806883,0.6071428571428572
BRITANNIA,Britannia Industries Ltd,Mar 2017,FMCG,debt_to_equity,0.046364985163204746,0.6309523809523809
BRITANNIA,Britannia Industries Ltd,Mar 2018,FMCG,debt_to_equity,0.05901350557839107,0.6190476190476191
BRITANNIA,Britannia Industries Ltd,Mar 2019,FMCG,debt_to_equity,0.03667999059487421,0.6547619047619048
BRITANNIA,Britannia Industries Ltd,Mar 2020,FMCG,debt_to_equity,0.3493072904837611,0.1785714285714286
BRITANNIA,Britannia Industries Ltd,Mar 2021,FMCG,debt_to_equity,0.5980834272829764,0.09523809523809523
BRITANNIA,Britannia Industries Ltd,Mar 2022,FMCG,debt_to_equity,0.9698983580922595,0.0
BRITANNIA,Britannia Industries Ltd,Mar 2023,FMCG,debt_to_equity,0.8480475382003395,0.011904761904761862
BRITANNIA,Britannia Industries Ltd,Mar 2024,FMCG,debt_to_equity,0.5239786856127886,0.13095238095238093
BRITANNIA,Britannia Industries Ltd,TTM,FMCG,debt_to_equity,,
DABUR,Dabur India Ltd,Mar 2013,FMCG,debt_to_equity,0.5494033412887828,0.11904761904761907
DABUR,Dabur India Ltd,Mar 2014,FMCG,debt_to_equity,0.26656626506024095,0.20238095238095233
DABUR,Dabur India Ltd,Mar 2015,FMCG,debt_to_equity,0.21884317233154443,0.25
DABUR,Dabur India Ltd,Mar 2016,FMCG,debt_to_equity,0.19299928074802206,0.30952380952380953
DABUR,Dabur India Ltd,Mar 2017,FMCG,debt_to_equity,0.20115535382710956,0.2857142857142857
DABUR,Dabur India Ltd,Mar 2018,FMCG,debt_to_equity,0.16438836312653346,0.33333333333333337
DABUR,Dabur India Ltd,Mar 2019,FMCG,debt_to_equity,0.12411221590909091,0.4285714285714286
DABUR,Dabur India Ltd,Mar 2020,FMCG,debt_to_equity,0.07901907356948229,0.5714285714285714
DABUR,Dabur India Ltd,Mar 2021,FMCG,debt_to_equity,0.06641440501043841,0.5952380952380952
DABUR,Dabur India Ltd,Mar 2022,FMCG,debt_to_equity,0.12288236697685516,0.44047619047619047
DABUR,Dabur India Ltd,Mar 2023,FMCG,debt_to_equity,0.13083695531037556,0.40476190476190477
DABUR,Dabur India Ltd,Mar 2024,FMCG,debt_to_equity,0.13835394283397526,0.38095238095238093
DABUR,Dabur India Ltd,TTM,FMCG,debt_to_equity,,
GODREJCP,Godrej Consumer Products Ltd,Mar 2013,FMCG,debt_to_equity,0.7413220645940235,0.0357142857142857
GODREJCP,Godrej Consumer Products Ltd,Mar 2014,FMCG,debt_to_equity,0.6286092715231788,0.08333333333333337
GODREJCP,Godrej Consumer Products Ltd,Mar 2015,FMCG,debt_to_equity,0.6302482022732545,0.0714285714285714
GODREJCP,Godrej Consumer Products Ltd,Mar 2016,FMCG,debt_to_equity,0.67752519334427,0.059523809523809534
GODREJCP,Godrej Consumer Products Ltd,Mar 2017,FMCG,debt_to_equity,0.7546208977744248,0.023809523809523836
GODREJCP,Godrej Consumer Products Ltd,Mar 2018,FMCG,debt_to_equity,0.5605624800255673,0.1071428571428571
GODREJCP,Godrej Consumer Products Ltd,Mar 2019,FMCG,debt_to_equity,0.4653914958029448,0.15476190476190477
GODREJCP,Godrej Consumer Products Ltd,Mar 2020,FMCG,debt_to_equity,0.45264623955431754,0.16666666666666663
GODREJCP,Godrej Consumer Products Ltd,Mar 2021,FMCG,debt_to_equity,0.1974785464561924,0.29761904761904767
GODREJCP,Godrej Consumer Products Ltd,Mar 2022,FMCG,debt_to_equity,0.1474558670820353,0.36904761904761907
GODREJCP,Godrej Consumer Products Ltd,Mar 2023,FMCG,debt_to_equity,0.08191967522111063,0.5595238095238095
GODREJCP,Godrej Consumer Products Ltd,Mar 2024,FMCG,debt_to_equity,0.2557548817272583,0.2142857142857143
GODREJCP,Godrej Consumer Products Ltd,TTM,FMCG,debt_to_equity,,
HINDUNILVR,"Hindustan Unilever Ltd
",Mar 2013,FMCG,debt_to_equity,0.008726003490401396,0.7976190476190477
HINDUNILVR,"Hindustan Unilever Ltd
",Mar 2014,FMCG,debt_to_equity,0.013005371783997738,0.7142857142857143
HINDUNILVR,"Hindustan Unilever Ltd
",Mar 2015,FMCG,debt_to_equity,0.010677924012912838,0.7380952380952381
HINDUNILVR,"Hindustan Unilever Ltd
",Mar 2016,FMCG,debt_to_equity,0.026928343222272933,0.6785714285714286
HINDUNILVR,"Hindustan Unilever Ltd
",Mar 2017,FMCG,debt_to_equity,0.041073546856465006,0.6428571428571428
HINDUNILVR,"Hindustan Unilever Ltd
",Mar 2018,FMCG,debt_to_equity,0.0,0.9761904761904762
HINDUNILVR,"Hindustan Unilever Ltd
",Mar 2019,FMCG,debt_to_equity,0.01258421253336723,0.7261904761904762
HINDUNILVR,"Hindustan Unilever Ltd
",Mar 2020,FMCG,debt_to_equity,0.0,0.9761904761904762
HINDUNILVR,"Hindustan Unilever Ltd
",Mar 2021,FMCG,debt_to_equity,0.0,0.9761904761904762
HINDUNILVR,"Hindustan Unilever Ltd
",Mar 2022,FMCG,debt_to_equity,0.02125924869040582,0.7023809523809523
HINDUNILVR,"Hindustan Unilever Ltd
",Mar 2023,FMCG,debt_to_equity,0.024232665394402036,0.6904761904761905
HINDUNILVR,"Hindustan Unilever Ltd
",Mar 2024,FMCG,debt_to_equity,0.028974188761763442,0.6666666666666667
HINDUNILVR,"Hindustan Unilever Ltd
",TTM,FMCG,debt_to_equity,,
ITC,"ITC Ltd
",Mar 2013,FMCG,debt_to_equity,0.0044045254339753,0.8690476190476191
ITC,"ITC Ltd
",Mar 2014,FMCG,debt_to_equity,0.00888497264750156,0.7857142857142857
ITC,"ITC Ltd
",Mar 2015,FMCG,debt_to_equity,0.008476178472397277,0.8095238095238095
ITC,"ITC Ltd
",Mar 2016,FMCG,debt_to_equity,0.0019681349578256793,0.9166666666666666
ITC,"ITC Ltd
",Mar 2017,FMCG,debt_to_equity,0.0009911016310085537,0.9285714285714286
ITC,"ITC Ltd
",Mar 2018,FMCG,debt_to_equity,0.0006855836983431727,0.9404761904761905
ITC,"ITC Ltd
",Mar 2019,FMCG,debt_to_equity,0.00021981366564650582,0.9523809523809523
ITC,"ITC Ltd
",Mar 2020,FMCG,debt_to_equity,0.004243714859130115,0.8809523809523809
ITC,"ITC Ltd
",Mar 2021,FMCG,debt_to_equity,0.004490695477819941,0.8452380952380952
ITC,"ITC Ltd
",Mar 2022,FMCG,debt_to_equity,0.003986870546793691,0.9047619047619048
ITC,"ITC Ltd
",Mar 2023,FMCG,debt_to_equity,0.004424842744559323,0.8571428571428572
ITC,"ITC Ltd
",Mar 2024,FMCG,debt_to_equity,0.004066731984914169,0.8928571428571429
ITC,"ITC Ltd
",TTM,FMCG,debt_to_equity,,
NESTLEIND,Nestle India Ltd,Dec 2013,FMCG,debt_to_equity,0.5021114864864865,0.1428571428571429
NESTLEIND,Nestle India Ltd,Dec 2014,FMCG,debt_to_equity,0.007049700387733521,0.8214285714285714
NESTLEIND,Nestle India Ltd,Dec 2015,FMCG,debt_to_equity,0.006389776357827476,0.8333333333333334
NESTLEIND,Nestle India Ltd,Dec 2016,FMCG,debt_to_equity,0.010054844606946984,0.7619047619047619
NESTLEIND,Nestle India Ltd,Dec 2017,FMCG,debt_to_equity,0.01023391812865497,0.75
NESTLEIND,Nestle India Ltd,Dec 2018,FMCG,debt_to_equity,0.00952899537163082,0.7738095238095238
NESTLEIND,Nestle India Ltd,Dec 2019,FMCG,debt_to_equity,0.09854014598540146,0.5238095238095238
NESTLEIND,Nestle India Ltd,Dec 2020,FMCG,debt_to_equity,0.07280832095096583,0.5833333333333333
NESTLEIND,Nestle India Ltd,Dec 2021,FMCG,debt_to_equity,0.1366906474820144,0.3928571428571429
NESTLEIND,Nestle India Ltd,Dec 2022,FMCG,debt_to_equity,0.11020740138267589,0.49404761904761907
NESTLEIND,Nestle India Ltd,Dec 2023,FMCG,debt_to_equity,0.11020740138267589,0.49404761904761907
NESTLEIND,Nestle India Ltd,Mar 2024,FMCG,debt_to_equity,0.10329341317365269,0.5119047619047619
NESTLEIND,Nestle India Ltd,TTM,FMCG,debt_to_equity,,
TATACONSUM,Tata Consumer Products Ltd,Mar 2013,FMCG,debt_to_equity,0.28877338877338876,0.19047619047619047
TATACONSUM,Tata Consumer Products Ltd,Mar 2014,FMCG,debt_to_equity,0.24585399213540776,0.22619047619047616
TATACONSUM,Tata Consumer Products Ltd,Mar 2015,FMCG,debt_to_equity,0.24103404332787184,0.23809523809523814
TATACONSUM,Tata Consumer Products Ltd,Mar 2016,FMCG,debt_to_equity,0.21674403713782617,0.26190476190476186
TATACONSUM,Tata Consumer Products Ltd,Mar 2017,FMCG,debt_to_equity,0.12561851556264964,0.41666666666666663
TATACONSUM,Tata Consumer Products Ltd,Mar 2018,FMCG,debt_to_equity,0.1518987341772152,0.3571428571428571
TATACONSUM,Tata Consumer Products Ltd,Mar 2019,FMCG,debt_to_equity,0.15561920349154393,0.34523809523809523
TATACONSUM,Tata Consumer Products Ltd,Mar 2020,FMCG,debt_to_equity,0.11480275063336953,0.4642857142857143
TATACONSUM,Tata Consumer Products Ltd,Mar 2021,FMCG,debt_to_equity,0.11242603550295859,0.47619047619047616
TATACONSUM,Tata Consumer Products Ltd,Mar 2022,FMCG,debt_to_equity,0.09325056135252939,0.5476190476190477
TATACONSUM,Tata Consumer Products Ltd,Mar 2023,FMCG,debt_to_equity,0.09829821220126558,0.5357142857142857
TATACONSUM,Tata Consumer Products Ltd,Mar 2024,FMCG,debt_to_equity,0.21654107242947002,0.27380952380952384
TATACONSUM,Tata Consumer Products Ltd,TTM,FMCG,debt_to_equity,,
BRITANNIA,Britannia Industries Ltd,Mar 2013,FMCG,interest_coverage,11.536585365853659,0.13186813186813187
BRITANNIA,Britannia Industries Ltd,Mar 2014,FMCG,interest_coverage,82.625,0.7362637362637363
BRITANNIA,Britannia Industries Ltd,Mar 2015,FMCG,interest_coverage,274.5,0.8901098901098901
BRITANNIA,Britannia Industries Ltd,Mar 2016,FMCG,interest_coverage,267.8,0.8681318681318682
BRITANNIA,Britannia Industries Ltd,Mar 2017,FMCG,interest_coverage,285.8,0.9010989010989011
BRITANNIA,Britannia Industries Ltd,Mar 2018,FMCG,interest_coverage,208.375,0.8351648351648352
BRITANNIA,Britannia Industries Ltd,Mar 2019,FMCG,interest_coverage,215.33333333333334,0.8571428571428571
BRITANNIA,Britannia Industries Ltd,Mar 2020,FMCG,interest_coverage,27.350649350649352,0.4945054945054945
BRITANNIA,Britannia Industries Ltd,Mar 2021,FMCG,interest_coverage,25.423423423423422,0.4725274725274725
BRITANNIA,Britannia Industries Ltd,Mar 2022,FMCG,interest_coverage,16.82638888888889,0.23076923076923078
BRITANNIA,Britannia Industries Ltd,Mar 2023,FMCG,interest_coverage,20.284023668639055,0.2967032967032967
BRITANNIA,Britannia Industries Ltd,Mar 2024,FMCG,interest_coverage,20.597560975609756,0.3516483516483517
BRITANNIA,Britannia Industries Ltd,TTM,FMCG,interest_coverage,27.421487603305785,0.5054945054945055
DABUR,Dabur India Ltd,Mar 2013,FMCG,interest_coverage,18.508474576271187,0.27472527472527475
DABUR,Dabur India Ltd,Mar 2014,FMCG,interest_coverage,23.85185185185185,0.4175824175824176
DABUR,Dabur India Ltd,Mar 2015,FMCG,interest_coverage,36.85,0.5934065934065934
DABUR,Dabur India Ltd,Mar 2016,FMCG,interest_coverage,36.145833333333336,0.5824175824175825
DABUR,Dabur India Ltd,Mar 2017,FMCG,interest_coverage,33.48148148148148,0.5604395604395604
DABUR,Dabur India Ltd,Mar 2018,FMCG,interest_coverage,36.0,0.5714285714285714
DABUR,Dabur India Ltd,Mar 2019,FMCG,interest_coverage,32.7,0.5274725274725275
DABUR,Dabur India Ltd,Mar 2020,FMCG,interest_coverage,39.94,0.6153846153846154
DABUR,Dabur India Ltd,Mar 2021,FMCG,interest_coverage,75.06451612903226,0.7142857142857143
DABUR,Dabur India Ltd,Mar 2022,FMCG,interest_coverage,65.64102564102564,0.6923076923076923
DABUR,Dabur India Ltd,Mar 2023,FMCG,interest_coverage,33.42307692307692,0.5494505494505495
DABUR,Dabur India Ltd,Mar 2024,FMCG,interest_coverage,23.241935483870968,0.4065934065934066
DABUR,Dabur India Ltd,TTM,FMCG,interest_coverage,18.93421052631579,0.2857142857142857
GODREJCP,Godrej Consumer Products Ltd,Mar 2013,FMCG,interest_coverage,13.666666666666666,0.18681318681318682
GODREJCP,Godrej Consumer Products Ltd,Mar 2014,FMCG,interest_coverage,10.258333333333333,0.08791208791208792
GODREJCP,Godrej Consumer Products Ltd,Mar 2015,FMCG,interest_coverage,12.964285714285714,0.16483516483516483
GODREJCP,Godrej Consumer Products Ltd,Mar 2016,FMCG,interest_coverage,10.8984375,0.12087912087912088
GODREJCP,Godrej Consumer Products Ltd,Mar 2017,FMCG,interest_coverage,12.876623376623376,0.15384615384615385
GODREJCP,Godrej Consumer Products Ltd,Mar 2018,FMCG,interest_coverage,13.68208092485549,0.1978021978021978
GODREJCP,Godrej Consumer Products Ltd,Mar 2019,FMCG,interest_coverage,10.478991596638656,0.0989010989010989
GODREJCP,Godrej Consumer Products Ltd,Mar 2020,FMCG,interest_coverage,9.587719298245615,0.06593406593406594
GODREJCP,Godrej Consumer Products Ltd,Mar 2021,FMCG,interest_coverage,17.55072463768116,0.26373626373626374
GODREJCP,Godrej Consumer Products Ltd,Mar 2022,FMCG,interest_coverage,20.385245901639344,0.31868131868131866
GODREJCP,Godrej Consumer Products Ltd,Mar 2023,FMCG,interest_coverage,13.601063829787234,0.17582417582417584
GODREJCP,Godrej Consumer Products Ltd,Mar 2024,FMCG,interest_coverage,2.412903225806452,0.01098901098901099
GODREJCP,Godrej Consumer Products Ltd,TTM,FMCG,interest_coverage,2.6519174041297937,0.02197802197802198
HINDUNILVR,"Hindustan Unilever Ltd
",Mar 2013,FMCG,interest_coverage,20.302760463045413,0.3076923076923077
HINDUNILVR,"Hindustan Unilever Ltd
",Mar 2014,FMCG,interest_coverage,30.9229797979798,0.5164835164835165
HINDUNILVR,"Hindustan Unilever Ltd
",Mar 2015,FMCG,interest_coverage,21.312750601443465,0.37362637362637363
HINDUNILVR,"Hindustan Unilever Ltd
",Mar 2016,FMCG,interest_coverage,54.10288065843621,0.6593406593406593
HINDUNILVR,"Hindustan Unilever Ltd
",Mar 2017,FMCG,interest_coverage,44.31188118811881,0.6373626373626373
HINDUNILVR,"Hindustan Unilever Ltd
",Mar 2018,FMCG,interest_coverage,79.5099150141643,0.7252747252747253
HINDUNILVR,"Hindustan Unilever Ltd
",Mar 2019,FMCG,interest_coverage,94.57453416149069,0.7472527472527473
HINDUNILVR,"Hindustan Unilever Ltd
",Mar 2020,FMCG,interest_coverage,70.62971698113208,0.7032967032967034
HINDUNILVR,"Hindustan Unilever Ltd
",Mar 2021,FMCG,interest_coverage,208.39411764705883,0.8461538461538461
HINDUNILVR,"Hindustan Unilever Ltd
",Mar 2022,FMCG,interest_coverage,180.88584474885846,0.8131868131868132
HINDUNILVR,"Hindustan Unilever Ltd
",Mar 2023,FMCG,interest_coverage,103.69642857142857,0.7582417582417582
HINDUNILVR,"Hindustan Unilever Ltd
",Mar 2024,FMCG,interest_coverage,57.847001223990205,0.6813186813186813
HINDUNILVR,"Hindustan Unilever Ltd
",TTM,FMCG,interest_coverage,32.80355920602327,0.5384615384615384
ITC,"ITC Ltd
",Mar 2013,FMCG,interest_coverage,111.78703703703704,0.7692307692307693
ITC,"ITC Ltd
",Mar 2014,FMCG,interest_coverage,484.3448275862069,0.989010989010989
ITC,"ITC Ltd
",Mar 2015,FMCG,interest_coverage,170.12087912087912,0.8021978021978022
ITC,"ITC Ltd
",Mar 2016,FMCG,interest_coverage,205.30769230769232,0.8241758241758241
ITC,"ITC Ltd
",Mar 2017,FMCG,interest_coverage,351.61224489795916,0.9340659340659341
ITC,"ITC Ltd
",Mar 2018,FMCG,interest_coverage,163.1391304347826,0.7912087912087912
ITC,"ITC Ltd
",Mar 2019,FMCG,interest_coverage,290.38028169014086,0.9120879120879121
ITC,"ITC Ltd
",Mar 2020,FMCG,interest_coverage,268.65432098765433,0.8791208791208791
ITC,"ITC Ltd
",Mar 2021,FMCG,interest_coverage,338.6551724137931,0.9230769230769231
ITC,"ITC Ltd
",Mar 2022,FMCG,interest_coverage,375.55,0.967032967032967
ITC,"ITC Ltd
",Mar 2023,FMCG,interest_coverage,356.43589743589746,0.945054945054945
ITC,"ITC Ltd
",Mar 2024,FMCG,interest_coverage,362.9625,0.9560439560439561
ITC,"ITC Ltd
",TTM,FMCG,interest_coverage,542.5,1.0
NESTLEIND,Nestle India Ltd,Dec 2013,FMCG,interest_coverage,55.270270270270274,0.6703296703296703
NESTLEIND,Nestle India Ltd,Dec 2014,FMCG,interest_coverage,151.85714285714286,0.7802197802197802
NESTLEIND,Nestle India Ltd,Dec 2015,FMCG,interest_coverage,388.0,0.978021978021978
NESTLEIND,Nestle India Ltd,Dec 2016,FMCG,interest_coverage,21.86813186813187,0.38461538461538464
NESTLEIND,Nestle India Ltd,Dec 2017,FMCG,interest_coverage,24.717391304347824,0.45054945054945056
NESTLEIND,Nestle India Ltd,Dec 2018,FMCG,interest_coverage,25.6875,0.4835164835164835
NESTLEIND,Nestle India Ltd,Dec 2019,FMCG,interest_coverage,24.5968992248062,0.42857142857142855
NESTLEIND,Nestle India Ltd,Dec 2020,FMCG,interest_coverage,20.414634146341463,0.32967032967032966
NESTLEIND,Nestle India Ltd,Dec 2021,FMCG,interest_coverage,17.07920792079208,0.24175824175824176
NESTLEIND,Nestle India Ltd,Dec 2022,FMCG,interest_coverage,24.6,0.43956043956043955
NESTLEIND,Nestle India Ltd,Dec 2023,FMCG,interest_coverage,38.54621848739496,0.6043956043956044
NESTLEIND,Nestle India Ltd,Mar 2024,FMCG,interest_coverage,41.186206896551724,0.6263736263736264
NESTLEIND,Nestle India Ltd,TTM,FMCG,interest_coverage,44.45132743362832,0.6483516483516484
TATACONSUM,Tata Consumer Products Ltd,Mar 2013,FMCG,interest_coverage,9.833333333333334,0.07692307692307693
TATACONSUM,Tata Consumer Products Ltd,Mar 2014,FMCG,interest_coverage,10.597701149425287,0.10989010989010989
TATACONSUM,Tata Consumer Products Ltd,Mar 2015,FMCG,interest_coverage,8.71951219512195,0.054945054945054944
TATACONSUM,Tata Consumer Products Ltd,Mar 2016,FMCG,interest_coverage,3.452991452991453,0.03296703296703297
TATACONSUM,Tata Consumer Products Ltd,Mar 2017,FMCG,interest_coverage,20.441860465116278,0.34065934065934067
TATACONSUM,Tata Consumer Products Ltd,Mar 2018,FMCG,interest_coverage,17.53846153846154,0.25274725274725274
TATACONSUM,Tata Consumer Products Ltd,Mar 2019,FMCG,interest_coverage,11.666666666666666,0.14285714285714285
TATACONSUM,Tata Consumer Products Ltd,Mar 2020,FMCG,interest_coverage,16.36231884057971,0.2087912087912088
TATACONSUM,Tata Consumer Products Ltd,Mar 2021,FMCG,interest_coverage,22.397260273972602,0.3956043956043956
TATACONSUM,Tata Consumer Products Ltd,Mar 2022,FMCG,interest_coverage,20.770114942528735,0.3626373626373626
TATACONSUM,Tata Consumer Products Ltd,Mar 2023,FMCG,interest_coverage,16.8,0.21978021978021978
TATACONSUM,Tata Consumer Products Ltd,Mar 2024,FMCG,interest_coverage,25.32183908045977,0.46153846153846156
TATACONSUM,Tata Consumer Products Ltd,TTM,FMCG,interest_coverage,8.686567164179104,0.04395604395604396
BRITANNIA,Britannia Industries Ltd,Mar 2013,FMCG,asset_turnover,3.2846521508231548,1.0
BRITANNIA,Britannia Industries Ltd,Mar 2014,FMCG,asset_turnover,3.280968201233982,0.9880952380952381
BRITANNIA,Britannia Industries Ltd,Mar 2015,FMCG,asset_turnover,2.8134622269960614,0.9761904761904762
BRITANNIA,Britannia Industries Ltd,Mar 2016,FMCG,asset_turnover,2.403262736119061,0.9642857142857143
BRITANNIA,Britannia Industries Ltd,Mar 2017,FMCG,asset_turnover,2.2034558286687758,0.9166666666666666
BRITANNIA,Britannia Industries Ltd,Mar 2018,FMCG,asset_turnover,1.9109483423284503,0.8214285714285714
BRITANNIA,Britannia Industries Ltd,Mar 2019,FMCG,asset_turnover,1.7722026290477717,0.7619047619047619
BRITANNIA,Britannia Industries Ltd,Mar 2020,FMCG,asset_turnover,1.4814814814814814,0.6904761904761905
BRITANNIA,Britannia Industries Ltd,Mar 2021,FMCG,asset_turnover,1.642,0.7023809523809523
BRITANNIA,Britannia Industries Ltd,Mar 2022,FMCG,asset_turnover,1.8780390593862097,0.7976190476190477
BRITANNIA,Britannia Industries Ltd,Mar 2023,FMCG,asset_turnover,1.743236017538231,0.75
BRITANNIA,Britannia Industries Ltd,Mar 2024,FMCG,asset_turnover,1.8484347442680775,0.7857142857142857
BRITANNIA,Britannia Industries Ltd,TTM,FMCG,asset_turnover,,
DABUR,Dabur India Ltd,Mar 2013,FMCG,asset_turnover,1.3038861754087916,0.6071428571428571
DABUR,Dabur India Ltd,Mar 2014,FMCG,asset_turnover,1.3286897590361446,0.6190476190476191
DABUR,Dabur India Ltd,Mar 2015,FMCG,asset_turnover,1.2766131673763512,0.5952380952380952
DABUR,Dabur India Ltd,Mar 2016,FMCG,asset_turnover,1.122331217541835,0.5833333333333334
DABUR,Dabur India Ltd,Mar 2017,FMCG,asset_turnover,0.9847387480600104,0.5595238095238095
DABUR,Dabur India Ltd,Mar 2018,FMCG,asset_turnover,0.8873822109859802,0.5
DABUR,Dabur India Ltd,Mar 2019,FMCG,asset_turnover,1.0092449922958397,0.5714285714285714
DABUR,Dabur India Ltd,Mar 2020,FMCG,asset_turnover,0.9301702902431188,0.5476190476190477
DABUR,Dabur India Ltd,Mar 2021,FMCG,asset_turnover,0.8826733130250162,0.47619047619047616
DABUR,Dabur India Ltd,Mar 2022,FMCG,asset_turnover,0.8864376424617388,0.4880952380952381
DABUR,Dabur India Ltd,Mar 2023,FMCG,asset_turnover,0.8445648989159098,0.4166666666666667
DABUR,Dabur India Ltd,Mar 2024,FMCG,asset_turnover,0.8205874569992061,0.35714285714285715
DABUR,Dabur India Ltd,TTM,FMCG,asset_turnover,,
GODREJCP,Godrej Consumer Products Ltd,Mar 2013,FMCG,asset_turnover,0.8332683560753736,0.39285714285714285
GODREJCP,Godrej Consumer Products Ltd,Mar 2014,FMCG,asset_turnover,0.9133413461538461,0.5357142857142857
GODREJCP,Godrej Consumer Products Ltd,Mar 2015,FMCG,asset_turnover,0.9066301369863013,0.5238095238095238
GODREJCP,Godrej Consumer Products Ltd,Mar 2016,FMCG,asset_turnover,0.8703378448186796,0.4642857142857143
GODREJCP,Godrej Consumer Products Ltd,Mar 2017,FMCG,asset_turnover,0.7162287480680062,0.20238095238095238
GODREJCP,Godrej Consumer Products Ltd,Mar 2018,FMCG,asset_turnover,0.7102567801500288,0.19047619047619047
GODREJCP,Godrej Consumer Products Ltd,Mar 2019,FMCG,asset_turnover,0.7318007662835249,0.21428571428571427
GODREJCP,Godrej Consumer Products Ltd,Mar 2020,FMCG,asset_turnover,0.6660618279569892,0.09523809523809523
GODREJCP,Godrej Consumer Products Ltd,Mar 2021,FMCG,asset_turnover,0.7742909295141814,0.30952380952380953
GODREJCP,Godrej Consumer Products Ltd,Mar 2022,FMCG,asset_turnover,0.7633378932968536,0.25
GODREJCP,Godrej Consumer Products Ltd,Mar 2023,FMCG,asset_turnover,0.7636634742214831,0.2619047619047619
GODREJCP,Godrej Consumer Products Ltd,Mar 2024,FMCG,asset_turnover,0.7664201826881253,0.2857142857142857
GODREJCP,Godrej Consumer Products Ltd,TTM,FMCG,asset_turnover,,
HINDUNILVR,"Hindustan Unilever Ltd
",Mar 2013,FMCG,asset_turnover,2.2332120410188554,0.9404761904761905
HINDUNILVR,"Hindustan Unilever Ltd
",Mar 2014,FMCG,asset_turnover,2.125490766322524,0.8809523809523809
HINDUNILVR,"Hindustan Unilever Ltd
",Mar 2015,FMCG,asset_turnover,2.2156618156618157,0.9285714285714286
HINDUNILVR,"Hindustan Unilever Ltd
",Mar 2016,FMCG,asset_turnover,2.175758804840127,0.9047619047619048
HINDUNILVR,"Hindustan Unilever Ltd
",Mar 2017,FMCG,asset_turnover,2.111422386349166,0.8690476190476191
HINDUNILVR,"Hindustan Unilever Ltd
",Mar 2018,FMCG,asset_turnover,1.989978725786586,0.8452380952380952
HINDUNILVR,"Hindustan Unilever Ltd
",Mar 2019,FMCG,asset_turnover,2.1101508400880347,0.8571428571428571
HINDUNILVR,"Hindustan Unilever Ltd
",Mar 2020,FMCG,asset_turnover,1.974048528755024,0.8333333333333334
HINDUNILVR,"Hindustan Unilever Ltd
",Mar 2021,FMCG,asset_turnover,0.6841431480942682,0.16666666666666666
HINDUNILVR,"Hindustan Unilever Ltd
",Mar 2022,FMCG,asset_turnover,0.7438515870989703,0.2261904761904762
HINDUNILVR,"Hindustan Unilever Ltd
",Mar 2023,FMCG,asset_turnover,0.8289886010646305,0.38095238095238093
HINDUNILVR,"Hindustan Unilever Ltd
",Mar 2024,FMCG,asset_turnover,0.7885945801322478,0.34523809523809523
HINDUNILVR,"Hindustan Unilever Ltd
",TTM,FMCG,asset_turnover,,
ITC,"ITC Ltd
",Mar 2013,FMCG,asset_turnover,0.8949588157038127,0.5119047619047619
ITC,"ITC Ltd
",Mar 2014,FMCG,asset_turnover,0.8643262828045437,0.4523809523809524
ITC,"ITC Ltd
",Mar 2015,FMCG,asset_turnover,0.844729282729805,0.42857142857142855
ITC,"ITC Ltd
",Mar 2016,FMCG,asset_turnover,0.7587849218795377,0.23809523809523808
ITC,"ITC Ltd
",Mar 2017,FMCG,asset_turnover,0.7651078750581416,0.27380952380952384
ITC,"ITC Ltd
",Mar 2018,FMCG,asset_turnover,0.6763437679986302,0.15476190476190477
ITC,"ITC Ltd
",Mar 2019,FMCG,asset_turnover,0.6738315281785361,0.14285714285714285
ITC,"ITC Ltd
",Mar 2020,FMCG,asset_turnover,0.6388224185432863,0.07142857142857142
ITC,"ITC Ltd
",Mar 2021,FMCG,asset_turnover,0.6677919225607029,0.11904761904761904
ITC,"ITC Ltd
",Mar 2022,FMCG,asset_turnover,0.7855976993626613,0.3333333333333333
ITC,"ITC Ltd
",Mar 2023,FMCG,asset_turnover,0.8262632382239518,0.36904761904761907
ITC,"ITC Ltd
",Mar 2024,FMCG,asset_turnover,0.7723477995509732,0.2976190476190476
ITC,"ITC Ltd
",TTM,FMCG,asset_turnover,,
NESTLEIND,Nestle India Ltd,Dec 2013,FMCG,asset_turnover,1.441400063351283,0.6785714285714286
NESTLEIND,Nestle India Ltd,Dec 2014,FMCG,asset_turnover,1.693298969072165,0.7261904761904762
NESTLEIND,Nestle India Ltd,Dec 2015,FMCG,asset_turnover,1.343246795925074,0.6428571428571429
NESTLEIND,Nestle India Ltd,Dec 2016,FMCG,asset_turnover,1.3422907488986784,0.6309523809523809
NESTLEIND,Nestle India Ltd,Dec 2017,FMCG,asset_turnover,1.3595002037213093,0.6547619047619048
NESTLEIND,Nestle India Ltd,Dec 2018,FMCG,asset_turnover,1.3961424332344214,0.6666666666666666
NESTLEIND,Nestle India Ltd,Dec 2019,FMCG,asset_turnover,1.7243831033040569,0.7380952380952381
NESTLEIND,Nestle India Ltd,Dec 2020,FMCG,asset_turnover,1.6898734177215189,0.7142857142857143
NESTLEIND,Nestle India Ltd,Dec 2021,FMCG,asset_turnover,1.790259897983969,0.7738095238095238
NESTLEIND,Nestle India Ltd,Dec 2022,FMCG,asset_turnover,1.8818353936964027,0.8095238095238095
NESTLEIND,Nestle India Ltd,Dec 2023,FMCG,asset_turnover,2.130081300813008,0.8928571428571429
NESTLEIND,Nestle India Ltd,Mar 2024,FMCG,asset_turnover,2.318160220469448,0.9523809523809523
NESTLEIND,Nestle India Ltd,TTM,FMCG,asset_turnover,,
TATACONSUM,Tata Consumer Products Ltd,Mar 2013,FMCG,asset_turnover,0.835910848305663,0.40476190476190477
TATACONSUM,Tata Consumer Products Ltd,Mar 2014,FMCG,asset_turnover,0.7807486631016043,0.32142857142857145
TATACONSUM,Tata Consumer Products Ltd,Mar 2015,FMCG,asset_turnover,0.8451046732924509,0.44047619047619047
TATACONSUM,Tata Consumer Products Ltd,Mar 2016,FMCG,asset_turnover,0.6707427993936331,0.13095238095238096
TATACONSUM,Tata Consumer Products Ltd,Mar 2017,FMCG,asset_turnover,0.7098733116951105,0.17857142857142858
TATACONSUM,Tata Consumer Products Ltd,Mar 2018,FMCG,asset_turnover,0.6514673549373865,0.08333333333333333
TATACONSUM,Tata Consumer Products Ltd,Mar 2019,FMCG,asset_turnover,0.6664828600312471,0.10714285714285714
TATACONSUM,Tata Consumer Products Ltd,Mar 2020,FMCG,asset_turnover,0.5216802901531965,0.011904761904761904
TATACONSUM,Tata Consumer Products Ltd,Mar 2021,FMCG,asset_turnover,0.5738450885349689,0.03571428571428571
TATACONSUM,Tata Consumer Products Ltd,Mar 2022,FMCG,asset_turnover,0.5895610913404508,0.047619047619047616
TATACONSUM,Tata Consumer Products Ltd,Mar 2023,FMCG,asset_turnover,0.6055267551181794,0.05952380952380952
TATACONSUM,Tata Consumer Products Ltd,Mar 2024,FMCG,asset_turnover,0.5454284586965099,0.023809523809523808
TATACONSUM,Tata Consumer Products Ltd,TTM,FMCG,asset_turnover,,
BRITANNIA,Britannia Industries Ltd,Mar 2013,FMCG,free_cash_flow_cr,348.0,0.2619047619047619
BRITANNIA,Britannia Industries Ltd,Mar 2014,FMCG,free_cash_flow_cr,425.0,0.30952380952380953
BRITANNIA,Britannia Industries Ltd,Mar 2015,FMCG,free_cash_flow_cr,134.0,0.08333333333333333
BRITANNIA,Britannia Industries Ltd,Mar 2016,FMCG,free_cash_flow_cr,254.0,0.16666666666666666
BRITANNIA,Britannia Industries Ltd,Mar 2017,FMCG,free_cash_flow_cr,291.0,0.20238095238095238
BRITANNIA,Britannia Industries Ltd,Mar 2018,FMCG,free_cash_flow_cr,292.0,0.21428571428571427
BRITANNIA,Britannia Industries Ltd,Mar 2019,FMCG,free_cash_flow_cr,304.0,0.2261904761904762
BRITANNIA,Britannia Industries Ltd,Mar 2020,FMCG,free_cash_flow_cr,-41.0,0.05952380952380952
BRITANNIA,Britannia Industries Ltd,Mar 2021,FMCG,free_cash_flow_cr,2309.0,0.6547619047619048
BRITANNIA,Britannia Industries Ltd,Mar 2022,FMCG,free_cash_flow_cr,2214.0,0.6428571428571429
BRITANNIA,Britannia Industries Ltd,Mar 2023,FMCG,free_cash_flow_cr,1019.0,0.4523809523809524
BRITANNIA,Britannia Industries Ltd,Mar 2024,FMCG,free_cash_flow_cr,3050.0,0.7142857142857143
BRITANNIA,Britannia Industries Ltd,TTM,FMCG,free_cash_flow_cr,,
DABUR,Dabur India Ltd,Mar 2013,FMCG,free_cash_flow_cr,248.0,0.15476190476190477
DABUR,Dabur India Ltd,Mar 2014,FMCG,free_cash_flow_cr,994.0,0.44047619047619047
DABUR,Dabur India Ltd,Mar 2015,FMCG,free_cash_flow_cr,171.0,0.09523809523809523
DABUR,Dabur India Ltd,Mar 2016,FMCG,free_cash_flow_cr,457.0,0.32142857142857145
DABUR,Dabur India Ltd,Mar 2017,FMCG,free_cash_flow_cr,420.0,0.2857142857142857
DABUR,Dabur India Ltd,Mar 2018,FMCG,free_cash_flow_cr,551.0,0.35714285714285715
DABUR,Dabur India Ltd,Mar 2019,FMCG,free_cash_flow_cr,1837.0,0.5952380952380952
DABUR,Dabur India Ltd,Mar 2020,FMCG,free_cash_flow_cr,1097.0,0.5
DABUR,Dabur India Ltd,Mar 2021,FMCG,free_cash_flow_cr,711.0,0.40476190476190477
DABUR,Dabur India Ltd,Mar 2022,FMCG,free_cash_flow_cr,529.0,0.34523809523809523
DABUR,Dabur India Ltd,Mar 2023,FMCG,free_cash_flow_cr,905.0,0.42857142857142855
DABUR,Dabur India Ltd,Mar 2024,FMCG,free_cash_flow_cr,1042.0,0.4880952380952381
DABUR,Dabur India Ltd,TTM,FMCG,free_cash_flow_cr,,
GODREJCP,Godrej Consumer Products Ltd,Mar 2013,FMCG,free_cash_flow_cr,-45.0,0.047619047619047616
GODREJCP,Godrej Consumer Products Ltd,Mar 2014,FMCG,free_cash_flow_cr,622.0,0.38095238095238093
GODREJCP,Godrej Consumer Products Ltd,Mar 2015,FMCG,free_cash_flow_cr,-209.0,0.03571428571428571
GODREJCP,Godrej Consumer Products Ltd,Mar 2016,FMCG,free_cash_flow_cr,225.0,0.14285714285714285
GODREJCP,Godrej Consumer Products Ltd,Mar 2017,FMCG,free_cash_flow_cr,-383.0,0.023809523809523808
GODREJCP,Godrej Consumer Products Ltd,Mar 2018,FMCG,free_cash_flow_cr,1387.0,0.5595238095238095
GODREJCP,Godrej Consumer Products Ltd,Mar 2019,FMCG,free_cash_flow_cr,2003.0,0.6190476190476191
GODREJCP,Godrej Consumer Products Ltd,Mar 2020,FMCG,free_cash_flow_cr,1036.0,0.47619047619047616
GODREJCP,Godrej Consumer Products Ltd,Mar 2021,FMCG,free_cash_flow_cr,1738.0,0.5833333333333334
GODREJCP,Godrej Consumer Products Ltd,Mar 2022,FMCG,free_cash_flow_cr,607.0,0.36904761904761907
GODREJCP,Godrej Consumer Products Ltd,Mar 2023,FMCG,free_cash_flow_cr,397.0,0.27380952380952384
GODREJCP,Godrej Consumer Products Ltd,Mar 2024,FMCG,free_cash_flow_cr,-1365.0,0.011904761904761904
GODREJCP,Godrej Consumer Products Ltd,TTM,FMCG,free_cash_flow_cr,,
HINDUNILVR,"Hindustan Unilever Ltd
",Mar 2013,FMCG,free_cash_flow_cr,3668.0,0.7619047619047619
HINDUNILVR,"Hindustan Unilever Ltd
",Mar 2014,FMCG,free_cash_flow_cr,3343.0,0.7380952380952381
HINDUNILVR,"Hindustan Unilever Ltd
",Mar 2015,FMCG,free_cash_flow_cr,3430.0,0.75
HINDUNILVR,"Hindustan Unilever Ltd
",Mar 2016,FMCG,free_cash_flow_cr,3889.0,0.7738095238095238
HINDUNILVR,"Hindustan Unilever Ltd
",Mar 2017,FMCG,free_cash_flow_cr,4012.0,0.7857142857142857
HINDUNILVR,"Hindustan Unilever Ltd
",Mar 2018,FMCG,free_cash_flow_cr,4996.0,0.8214285714285714
HINDUNILVR,"Hindustan Unilever Ltd
",Mar 2019,FMCG,free_cash_flow_cr,5362.0,0.8333333333333334
HINDUNILVR,"Hindustan Unilever Ltd
",Mar 2020,FMCG,free_cash_flow_cr,9414.0,0.9404761904761905
HINDUNILVR,"Hindustan Unilever Ltd
",Mar 2021,FMCG,free_cash_flow_cr,7935.0,0.9047619047619048
HINDUNILVR,"Hindustan Unilever Ltd
",Mar 2022,FMCG,free_cash_flow_cr,7320.0,0.8809523809523809
HINDUNILVR,"Hindustan Unilever Ltd
",Mar 2023,FMCG,free_cash_flow_cr,8507.0,0.9166666666666666
HINDUNILVR,"Hindustan Unilever Ltd
",Mar 2024,FMCG,free_cash_flow_cr,10145.0,0.9523809523809523
HINDUNILVR,"Hindustan Unilever Ltd
",TTM,FMCG,free_cash_flow_cr,,
ITC,"ITC Ltd
",Mar 2013,FMCG,free_cash_flow_cr,3221.0,0.7261904761904762
ITC,"ITC Ltd
",Mar 2014,FMCG,free_cash_flow_cr,4090.0,0.7976190476190477
ITC,"ITC Ltd
",Mar 2015,FMCG,free_cash_flow_cr,4568.0,0.8095238095238095
ITC,"ITC Ltd
",Mar 2016,FMCG,free_cash_flow_cr,5878.0,0.8452380952380952
ITC,"ITC Ltd
",Mar 2017,FMCG,free_cash_flow_cr,7376.0,0.8928571428571429
ITC,"ITC Ltd
",Mar 2018,FMCG,free_cash_flow_cr,6055.0,0.8571428571428571
ITC,"ITC Ltd
",Mar 2019,FMCG,free_cash_flow_cr,7037.0,0.8690476190476191
ITC,"ITC Ltd
",Mar 2020,FMCG,free_cash_flow_cr,8516.0,0.9285714285714286
ITC,"ITC Ltd
",Mar 2021,FMCG,free_cash_flow_cr,18267.0,0.9880952380952381
ITC,"ITC Ltd
",Mar 2022,FMCG,free_cash_flow_cr,13538.0,0.9761904761904762
ITC,"ITC Ltd
",Mar 2023,FMCG,free_cash_flow_cr,13146.0,0.9642857142857143
ITC,"ITC Ltd
",Mar 2024,FMCG,free_cash_flow_cr,18742.0,1.0
ITC,"ITC Ltd
",TTM,FMCG,free_cash_flow_cr,,
NESTLEIND,Nestle India Ltd,Dec 2013,FMCG,free_cash_flow_cr,1355.0,0.5476190476190477
NESTLEIND,Nestle India Ltd,Dec 2014,FMCG,free_cash_flow_cr,1212.0,0.5119047619047619
NESTLEIND,Nestle India Ltd,Dec 2015,FMCG,free_cash_flow_cr,1028.0,0.4642857142857143
NESTLEIND,Nestle India Ltd,Dec 2016,FMCG,free_cash_flow_cr,1340.0,0.5357142857142857
NESTLEIND,Nestle India Ltd,Dec 2017,FMCG,free_cash_flow_cr,1687.0,0.5714285714285714
NESTLEIND,Nestle India Ltd,Dec 2018,FMCG,free_cash_flow_cr,2000.0,0.6071428571428571
NESTLEIND,Nestle India Ltd,Dec 2019,FMCG,free_cash_flow_cr,2378.0,0.6785714285714286
NESTLEIND,Nestle India Ltd,Dec 2020,FMCG,free_cash_flow_cr,2133.0,0.6309523809523809
NESTLEIND,Nestle India Ltd,Dec 2021,FMCG,free_cash_flow_cr,316.0,0.23809523809523808
NESTLEIND,Nestle India Ltd,Dec 2022,FMCG,free_cash_flow_cr,2345.0,0.6666666666666666
NESTLEIND,Nestle India Ltd,Dec 2023,FMCG,free_cash_flow_cr,2465.0,0.6904761904761905
NESTLEIND,Nestle India Ltd,Mar 2024,FMCG,free_cash_flow_cr,2938.0,0.7023809523809523
NESTLEIND,Nestle India Ltd,TTM,FMCG,free_cash_flow_cr,,
TATACONSUM,Tata Consumer Products Ltd,Mar 2013,FMCG,free_cash_flow_cr,197.0,0.10714285714285714
TATACONSUM,Tata Consumer Products Ltd,Mar 2014,FMCG,free_cash_flow_cr,421.0,0.2976190476190476
TATACONSUM,Tata Consumer Products Ltd,Mar 2015,FMCG,free_cash_flow_cr,211.0,0.13095238095238096
TATACONSUM,Tata Consumer Products Ltd,Mar 2016,FMCG,free_cash_flow_cr,261.0,0.17857142857142858
TATACONSUM,Tata Consumer Products Ltd,Mar 2017,FMCG,free_cash_flow_cr,886.0,0.4166666666666667
TATACONSUM,Tata Consumer Products Ltd,Mar 2018,FMCG,free_cash_flow_cr,325.0,0.25
TATACONSUM,Tata Consumer Products Ltd,Mar 2019,FMCG,free_cash_flow_cr,263.0,0.19047619047619047
TATACONSUM,Tata Consumer Products Ltd,Mar 2020,FMCG,free_cash_flow_cr,460.0,0.3333333333333333
TATACONSUM,Tata Consumer Products Ltd,Mar 2021,FMCG,free_cash_flow_cr,1310.0,0.5238095238095238
TATACONSUM,Tata Consumer Products Ltd,Mar 2022,FMCG,free_cash_flow_cr,199.0,0.11904761904761904
TATACONSUM,Tata Consumer Products Ltd,Mar 2023,FMCG,free_cash_flow_cr,627.0,0.39285714285714285
TATACONSUM,Tata Consumer Products Ltd,Mar 2024,FMCG,free_cash_flow_cr,26.0,0.07142857142857142
TATACONSUM,Tata Consumer Products Ltd,TTM,FMCG,free_cash_flow_cr,,
CIPLA,"Cipla Ltd
",Mar 2013,Pharmaceuticals,return_on_equity_pct,17.130502272979268,0.5333333333333333
CIPLA,"Cipla Ltd
",Mar 2014,Pharmaceuticals,return_on_equity_pct,13.968759327430105,0.4
CIPLA,"Cipla Ltd
",Mar 2015,Pharmaceuticals,return_on_equity_pct,11.377522680985003,0.25
CIPLA,"Cipla Ltd
",Mar 2016,Pharmaceuticals,return_on_equity_pct,12.00833550403751,0.2833333333333333
CIPLA,"Cipla Ltd
",Mar 2017,Pharmaceuticals,return_on_equity_pct,8.250956632653061,0.1
CIPLA,"Cipla Ltd
",Mar 2018,Pharmaceuticals,return_on_equity_pct,9.958535385480358,0.18333333333333332
CIPLA,"Cipla Ltd
",Mar 2019,Pharmaceuticals,return_on_equity_pct,9.938715694111377,0.16666666666666666
CIPLA,"Cipla Ltd
",Mar 2020,Pharmaceuticals,return_on_equity_pct,9.515955084692001,0.15
CIPLA,"Cipla Ltd
",Mar 2021,Pharmaceuticals,return_on_equity_pct,13.036123540325221,0.35
CIPLA,"Cipla Ltd
",Mar 2022,Pharmaceuticals,return_on_equity_pct,12.221102634230602,0.31666666666666665
CIPLA,"Cipla Ltd
",Mar 2023,Pharmaceuticals,return_on_equity_pct,12.103216986371597,0.3
CIPLA,"Cipla Ltd
",Mar 2024,Pharmaceuticals,return_on_equity_pct,15.554557028383135,0.5
CIPLA,"Cipla Ltd
",TTM,Pharmaceuticals,return_on_equity_pct,,
DIVISLAB,Divis Laboratories Ltd,Mar 2013,Pharmaceuticals,return_on_equity_pct,24.070371851259495,0.8333333333333334
DIVISLAB,Divis Laboratories Ltd,Mar 2014,Pharmaceuticals,return_on_equity_pct,26.07962213225371,0.9166666666666666
DIVISLAB,Divis Laboratories Ltd,Mar 2015,Pharmaceuticals,return_on_equity_pct,24.37070938215103,0.8666666666666667
DIVISLAB,Divis Laboratories Ltd,Mar 2016,Pharmaceuticals,return_on_equity_pct,26.22874446773818,0.9333333333333333
DIVISLAB,Divis Laboratories Ltd,Mar 2017,Pharmaceuticals,return_on_equity_pct,19.787194325182007,0.6333333333333333
DIVISLAB,Divis Laboratories Ltd,Mar 2018,Pharmaceuticals,return_on_equity_pct,14.801687763713081,0.45
DIVISLAB,Divis Laboratories Ltd,Mar 2019,Pharmaceuticals,return_on_equity_pct,19.448037947391118,0.6
DIVISLAB,Divis Laboratories Ltd,Mar 2020,Pharmaceuticals,return_on_equity_pct,18.83720930232558,0.5666666666666667
DIVISLAB,Divis Laboratories Ltd,Mar 2021,Pharmaceuticals,return_on_equity_pct,21.34480903711673,0.7
DIVISLAB,Divis Laboratories Ltd,Mar 2022,Pharmaceuticals,return_on_equity_pct,25.2387448840382,0.9
DIVISLAB,Divis Laboratories Ltd,Mar 2023,Pharmaceuticals,return_on_equity_pct,14.286833241951907,0.4166666666666667
DIVISLAB,Divis Laboratories Ltd,Mar 2024,Pharmaceuticals,return_on_equity_pct,11.78984599513669,0.26666666666666666
DIVISLAB,Divis Laboratories Ltd,TTM,Pharmaceuticals,return_on_equity_pct,,
DRREDDY,Dr Reddys Laboratories Ltd,Mar 2013,Pharmaceuticals,return_on_equity_pct,23.97550635892605,0.8166666666666667
DRREDDY,Dr Reddys Laboratories Ltd,Mar 2014,Pharmaceuticals,return_on_equity_pct,24.958677685950413,0.8833333333333333
DRREDDY,Dr Reddys Laboratories Ltd,Mar 2015,Pharmaceuticals,return_on_equity_pct,23.708515173043743,0.8
DRREDDY,Dr Reddys Laboratories Ltd,Mar 2016,Pharmaceuticals,return_on_equity_pct,16.95441164770467,0.5166666666666667
DRREDDY,Dr Reddys Laboratories Ltd,Mar 2017,Pharmaceuticals,return_on_equity_pct,10.536617191322787,0.2
DRREDDY,Dr Reddys Laboratories Ltd,Mar 2018,Pharmaceuticals,return_on_equity_pct,7.532612153993,0.06666666666666667
DRREDDY,Dr Reddys Laboratories Ltd,Mar 2019,Pharmaceuticals,return_on_equity_pct,13.904734740444951,0.38333333333333336
DRREDDY,Dr Reddys Laboratories Ltd,Mar 2020,Pharmaceuticals,return_on_equity_pct,12.988012052054618,0.3333333333333333
DRREDDY,Dr Reddys Laboratories Ltd,Mar 2021,Pharmaceuticals,return_on_equity_pct,11.06513236211099,0.21666666666666667
DRREDDY,Dr Reddys Laboratories Ltd,Mar 2022,Pharmaceuticals,return_on_equity_pct,11.35748490526754,0.23333333333333334
DRREDDY,Dr Reddys Laboratories Ltd,Mar 2023,Pharmaceuticals,return_on_equity_pct,19.35497723954307,0.5833333333333334
DRREDDY,Dr Reddys Laboratories Ltd,Mar 2024,Pharmaceuticals,return_on_equity_pct,19.74233736816026,0.6166666666666667
DRREDDY,Dr Reddys Laboratories Ltd,TTM,Pharmaceuticals,return_on_equity_pct,,
SUNPHARMA,Sun Pharmaceuticals Industries Ltd,Mar 2013,Pharmaceuticals,return_on_equity_pct,23.142094729819878,0.7833333333333333
SUNPHARMA,Sun Pharmaceuticals Industries Ltd,Mar 2014,Pharmaceuticals,return_on_equity_pct,20.939271255060728,0.6666666666666666
SUNPHARMA,Sun Pharmaceuticals Industries Ltd,Mar 2015,Pharmaceuticals,return_on_equity_pct,21.358920352601608,0.7166666666666667
SUNPHARMA,Sun Pharmaceuticals Industries Ltd,Mar 2016,Pharmaceuticals,return_on_equity_pct,17.154291604766094,0.55
SUNPHARMA,Sun Pharmaceuticals Industries Ltd,Mar 2017,Pharmaceuticals,return_on_equity_pct,21.413755458515286,0.7333333333333333
SUNPHARMA,Sun Pharmaceuticals Industries Ltd,Mar 2018,Pharmaceuticals,return_on_equity_pct,6.634650519392389,0.03333333333333333
SUNPHARMA,Sun Pharmaceuticals Industries Ltd,Mar 2019,Pharmaceuticals,return_on_equity_pct,7.747108116593012,0.08333333333333333
SUNPHARMA,Sun Pharmaceuticals Industries Ltd,Mar 2020,Pharmaceuticals,return_on_equity_pct,9.216834198608197,0.11666666666666667
SUNPHARMA,Sun Pharmaceuticals Industries Ltd,Mar 2021,Pharmaceuticals,return_on_equity_pct,4.889912403417773,0.016666666666666666
SUNPHARMA,Sun Pharmaceuticals Industries Ltd,Mar 2022,Pharmaceuticals,return_on_equity_pct,7.0587990252233865,0.05
SUNPHARMA,Sun Pharmaceuticals Industries Ltd,Mar 2023,Pharmaceuticals,return_on_equity_pct,15.20314313778016,0.48333333333333334
SUNPHARMA,Sun Pharmaceuticals Industries Ltd,Mar 2024,Pharmaceuticals,return_on_equity_pct,15.094161810671148,0.4666666666666667
SUNPHARMA,Sun Pharmaceuticals Industries Ltd,TTM,Pharmaceuticals,return_on_equity_pct,,
TORNTPHARM,Torrent Pharmaceuticals Ltd,Mar 2013,Pharmaceuticals,return_on_equity_pct,30.590717299578056,0.9666666666666667
TORNTPHARM,Torrent Pharmaceuticals Ltd,Mar 2014,Pharmaceuticals,return_on_equity_pct,34.8922753547031,0.9833333333333333
TORNTPHARM,Torrent Pharmaceuticals Ltd,Mar 2015,Pharmaceuticals,return_on_equity_pct,30.148534725010034,0.95
TORNTPHARM,Torrent Pharmaceuticals Ltd,Mar 2016,Pharmaceuticals,return_on_equity_pct,49.59931310818546,1.0
TORNTPHARM,Torrent Pharmaceuticals Ltd,Mar 2017,Pharmaceuticals,return_on_equity_pct,21.466329579407034,0.7666666666666667
TORNTPHARM,Torrent Pharmaceuticals Ltd,Mar 2018,Pharmaceuticals,return_on_equity_pct,14.665801427644388,0.43333333333333335
TORNTPHARM,Torrent Pharmaceuticals Ltd,Mar 2019,Pharmaceuticals,return_on_equity_pct,9.227513227513228,0.13333333333333333
TORNTPHARM,Torrent Pharmaceuticals Ltd,Mar 2020,Pharmaceuticals,return_on_equity_pct,21.24792703150912,0.6833333333333333
TORNTPHARM,Torrent Pharmaceuticals Ltd,Mar 2021,Pharmaceuticals,return_on_equity_pct,21.44570058239123,0.75
TORNTPHARM,Torrent Pharmaceuticals Ltd,Mar 2022,Pharmaceuticals,return_on_equity_pct,13.052242566773057,0.36666666666666664
TORNTPHARM,Torrent Pharmaceuticals Ltd,Mar 2023,Pharmaceuticals,return_on_equity_pct,20.087124878993222,0.65
TORNTPHARM,Torrent Pharmaceuticals Ltd,Mar 2024,Pharmaceuticals,return_on_equity_pct,24.154025670945156,0.85
TORNTPHARM,Torrent Pharmaceuticals Ltd,TTM,Pharmaceuticals,return_on_equity_pct,,
CIPLA,"Cipla Ltd
",Mar 2013,Pharmaceuticals,net_profit_margin_pct,18.661674115231307,0.6461538461538462
CIPLA,"Cipla Ltd
",Mar 2014,Pharmaceuticals,net_profit_margin_pct,13.80123857269242,0.4461538461538462
CIPLA,"Cipla Ltd
",Mar 2015,Pharmaceuticals,net_profit_margin_pct,10.832966064345527,0.23076923076923078
CIPLA,"Cipla Ltd
",Mar 2016,Pharmaceuticals,net_profit_margin_pct,10.029006526468455,0.18461538461538463
CIPLA,"Cipla Ltd
",Mar 2017,Pharmaceuticals,net_profit_margin_pct,7.190496040016674,0.06153846153846154
CIPLA,"Cipla Ltd
",Mar 2018,Pharmaceuticals,net_profit_margin_pct,9.349432567959884,0.15384615384615385
CIPLA,"Cipla Ltd
",Mar 2019,Pharmaceuticals,net_profit_margin_pct,9.118689646742451,0.12307692307692308
CIPLA,"Cipla Ltd
",Mar 2020,Pharmaceuticals,net_profit_margin_pct,8.755545178613122,0.07692307692307693
CIPLA,"Cipla Ltd
",Mar 2021,Pharmaceuticals,net_profit_margin_pct,12.468684759916492,0.3230769230769231
CIPLA,"Cipla Ltd
",Mar 2022,Pharmaceuticals,net_profit_margin_pct,11.703349722005237,0.2923076923076923
CIPLA,"Cipla Ltd
",Mar 2023,Pharmaceuticals,net_profit_margin_pct,12.45110534874522,0.3076923076923077
CIPLA,"Cipla Ltd
",Mar 2024,Pharmaceuticals,net_profit_margin_pct,16.11701714906495,0.5538461538461539
CIPLA,"Cipla Ltd
",TTM,Pharmaceuticals,net_profit_margin_pct,18.48337719135688,0.6307692307692307
DIVISLAB,Divis Laboratories Ltd,Mar 2013,Pharmaceuticals,net_profit_margin_pct,28.065268065268068,0.9230769230769231
DIVISLAB,Divis Laboratories Ltd,Mar 2014,Pharmaceuticals,net_profit_margin_pct,30.529225908372826,0.9692307692307692
DIVISLAB,Divis Laboratories Ltd,Mar 2015,Pharmaceuticals,net_profit_margin_pct,27.351524879614768,0.8923076923076924
DIVISLAB,Divis Laboratories Ltd,Mar 2016,Pharmaceuticals,net_profit_margin_pct,29.81991525423729,0.9538461538461539
DIVISLAB,Divis Laboratories Ltd,Mar 2017,Pharmaceuticals,net_profit_margin_pct,26.08267716535433,0.8769230769230769
DIVISLAB,Divis Laboratories Ltd,Mar 2018,Pharmaceuticals,net_profit_margin_pct,22.539193009509123,0.7846153846153846
DIVISLAB,Divis Laboratories Ltd,Mar 2019,Pharmaceuticals,net_profit_margin_pct,27.355438738374442,0.9076923076923077
DIVISLAB,Divis Laboratories Ltd,Mar 2020,Pharmaceuticals,net_profit_margin_pct,25.528364849833146,0.8461538461538461
DIVISLAB,Divis Laboratories Ltd,Mar 2021,Pharmaceuticals,net_profit_margin_pct,28.46893384990673,0.9384615384615385
DIVISLAB,Divis Laboratories Ltd,Mar 2022,Pharmaceuticals,net_profit_margin_pct,33.035714285714285,1.0
DIVISLAB,Divis Laboratories Ltd,Mar 2023,Pharmaceuticals,net_profit_margin_pct,23.483970645036695,0.8
DIVISLAB,Divis Laboratories Ltd,Mar 2024,Pharmaceuticals,net_profit_margin_pct,20.395156150414277,0.7384615384615385
DIVISLAB,Divis Laboratories Ltd,TTM,Pharmaceuticals,net_profit_margin_pct,21.31413977246343,0.7538461538461538
DRREDDY,Dr Reddys Laboratories Ltd,Mar 2013,Pharmaceuticals,net_profit_margin_pct,12.904588861658075,0.36923076923076925
DRREDDY,Dr Reddys Laboratories Ltd,Mar 2014,Pharmaceuticals,net_profit_margin_pct,14.632873648900485,0.46153846153846156
DRREDDY,Dr Reddys Laboratories Ltd,Mar 2015,Pharmaceuticals,net_profit_margin_pct,15.549490780802769,0.49230769230769234
DRREDDY,Dr Reddys Laboratories Ltd,Mar 2016,Pharmaceuticals,net_profit_margin_pct,13.688335046248715,0.4307692307692308
DRREDDY,Dr Reddys Laboratories Ltd,Mar 2017,Pharmaceuticals,net_profit_margin_pct,9.101155255001409,0.1076923076923077
DRREDDY,Dr Reddys Laboratories Ltd,Mar 2018,Pharmaceuticals,net_profit_margin_pct,6.631188292136406,0.03076923076923077
DRREDDY,Dr Reddys Laboratories Ltd,Mar 2019,Pharmaceuticals,net_profit_margin_pct,12.622993267736923,0.3384615384615385
DRREDDY,Dr Reddys Laboratories Ltd,Mar 2020,Pharmaceuticals,net_profit_margin_pct,11.565907404235885,0.27692307692307694
DRREDDY,Dr Reddys Laboratories Ltd,Mar 2021,Pharmaceuticals,net_profit_margin_pct,10.247795044099119,0.2153846153846154
DRREDDY,Dr Reddys Laboratories Ltd,Mar 2022,Pharmaceuticals,net_profit_margin_pct,10.127639823624971,0.2
DRREDDY,Dr Reddys Laboratories Ltd,Mar 2023,Pharmaceuticals,net_profit_margin_pct,18.269152817186868,0.6153846153846154
DRREDDY,Dr Reddys Laboratories Ltd,Mar 2024,Pharmaceuticals,net_profit_margin_pct,19.913605369319196,0.7076923076923077
DRREDDY,Dr Reddys Laboratories Ltd,TTM,Pharmaceuticals,net_profit_margin_pct,17.44532325722886,0.6
SUNPHARMA,Sun Pharmaceuticals Industries Ltd,Mar 2013,Pharmaceuticals,net_profit_margin_pct,31.165214266463032,0.9846153846153847
SUNPHARMA,Sun Pharmaceuticals Industries Ltd,Mar 2014,Pharmaceuticals,net_profit_margin_pct,24.12313432835821,0.8153846153846154
SUNPHARMA,Sun Pharmaceuticals Industries Ltd,Mar 2015,Pharmaceuticals,net_profit_margin_pct,19.99123831775701,0.7230769230769231
SUNPHARMA,Sun Pharmaceuticals Industries Ltd,Mar 2016,Pharmaceuticals,net_profit_margin_pct,19.861691297784954,0.6923076923076923
SUNPHARMA,Sun Pharmaceuticals Industries Ltd,Mar 2017,Pharmaceuticals,net_profit_margin_pct,24.846412059028438,0.8307692307692308
SUNPHARMA,Sun Pharmaceuticals Industries Ltd,Mar 2018,Pharmaceuticals,net_profit_margin_pct,9.596436256559326,0.16923076923076924
SUNPHARMA,Sun Pharmaceuticals Industries Ltd,Mar 2019,Pharmaceuticals,net_profit_margin_pct,11.036950388770386,0.24615384615384617
SUNPHARMA,Sun Pharmaceuticals Industries Ltd,Mar 2020,Pharmaceuticals,net_profit_margin_pct,12.704793227358548,0.35384615384615387
SUNPHARMA,Sun Pharmaceuticals Industries Ltd,Mar 2021,Pharmaceuticals,net_profit_margin_pct,6.782494477282226,0.046153846153846156
SUNPHARMA,Sun Pharmaceuticals Industries Ltd,Mar 2022,Pharmaceuticals,net_profit_margin_pct,8.767527293423708,0.09230769230769231
SUNPHARMA,Sun Pharmaceuticals Industries Ltd,Mar 2023,Pharmaceuticals,net_profit_margin_pct,19.39798569019733,0.6615384615384615
SUNPHARMA,Sun Pharmaceuticals Industries Ltd,Mar 2024,Pharmaceuticals,net_profit_margin_pct,19.815658700538176,0.676923076923077
SUNPHARMA,Sun Pharmaceuticals Industries Ltd,TTM,Pharmaceuticals,net_profit_margin_pct,22.09787707720442,0.7692307692307693
TORNTPHARM,Torrent Pharmaceuticals Ltd,Mar 2013,Pharmaceuticals,net_profit_margin_pct,13.581017795816422,0.4153846153846154
TORNTPHARM,Torrent Pharmaceuticals Ltd,Mar 2014,Pharmaceuticals,net_profit_margin_pct,15.915627996164908,0.5230769230769231
TORNTPHARM,Torrent Pharmaceuticals Ltd,Mar 2015,Pharmaceuticals,net_profit_margin_pct,16.199309749784298,0.5692307692307692
TORNTPHARM,Torrent Pharmaceuticals Ltd,Mar 2016,Pharmaceuticals,net_profit_margin_pct,25.915956333183786,0.8615384615384616
TORNTPHARM,Torrent Pharmaceuticals Ltd,Mar 2017,Pharmaceuticals,net_profit_margin_pct,16.059147180192575,0.5384615384615384
TORNTPHARM,Torrent Pharmaceuticals Ltd,Mar 2018,Pharmaceuticals,net_profit_margin_pct,11.394957983193276,0.26153846153846155
TORNTPHARM,Torrent Pharmaceuticals Ltd,Mar 2019,Pharmaceuticals,net_profit_margin_pct,5.682262478821843,0.015384615384615385
TORNTPHARM,Torrent Pharmaceuticals Ltd,Mar 2020,Pharmaceuticals,net_profit_margin_pct,12.910945962967629,0.38461538461538464
TORNTPHARM,Torrent Pharmaceuticals Ltd,Mar 2021,Pharmaceuticals,net_profit_margin_pct,15.640224859462837,0.5076923076923077
TORNTPHARM,Torrent Pharmaceuticals Ltd,Mar 2022,Pharmaceuticals,net_profit_margin_pct,9.132581100141044,0.13846153846153847
TORNTPHARM,Torrent Pharmaceuticals Ltd,Mar 2023,Pharmaceuticals,net_profit_margin_pct,12.941787941787942,0.4
TORNTPHARM,Torrent Pharmaceuticals Ltd,Mar 2024,Pharmaceuticals,net_profit_margin_pct,15.436241610738255,0.47692307692307695
TORNTPHARM,Torrent Pharmaceuticals Ltd,TTM,Pharmaceuticals,net_profit_margin_pct,16.474960184038224,0.5846153846153846
CIPLA,"Cipla Ltd
",Mar 2013,Pharmaceuticals,debt_to_equity,0.10721809513249805,0.6333333333333333
CIPLA,"Cipla Ltd
",Mar 2014,Pharmaceuticals,debt_to_equity,0.1241667495771565,0.5833333333333333
CIPLA,"Cipla Ltd
",Mar 2015,Pharmaceuticals,debt_to_equity,0.15765598963154973,0.5333333333333333
CIPLA,"Cipla Ltd
",Mar 2016,Pharmaceuticals,debt_to_equity,0.45168012503256055,0.23333333333333328
CIPLA,"Cipla Ltd
",Mar 2017,Pharmaceuticals,debt_to_equity,0.3278858418367347,0.31666666666666665
CIPLA,"Cipla Ltd
",Mar 2018,Pharmaceuticals,debt_to_equity,0.2880033733923677,0.33333333333333337
CIPLA,"Cipla Ltd
",Mar 2019,Pharmaceuticals,debt_to_equity,0.2875033306687983,0.35
CIPLA,"Cipla Ltd
",Mar 2020,Pharmaceuticals,debt_to_equity,0.17864619678995114,0.4833333333333333
CIPLA,"Cipla Ltd
",Mar 2021,Pharmaceuticals,debt_to_equity,0.10989850485648806,0.6166666666666667
CIPLA,"Cipla Ltd
",Mar 2022,Pharmaceuticals,debt_to_equity,0.05066935367784655,0.7166666666666667
CIPLA,"Cipla Ltd
",Mar 2023,Pharmaceuticals,debt_to_equity,0.03430597684453369,0.7333333333333334
CIPLA,"Cipla Ltd
",Mar 2024,Pharmaceuticals,debt_to_equity,0.020931625851868495,0.7666666666666666
CIPLA,"Cipla Ltd
",TTM,Pharmaceuticals,debt_to_equity,,
DIVISLAB,Divis Laboratories Ltd,Mar 2013,Pharmaceuticals,debt_to_equity,0.013194722111155539,0.8166666666666667
DIVISLAB,Divis Laboratories Ltd,Mar 2014,Pharmaceuticals,debt_to_equity,0.006072874493927126,0.9
DIVISLAB,Divis Laboratories Ltd,Mar 2015,Pharmaceuticals,debt_to_equity,0.007723112128146453,0.8666666666666667
DIVISLAB,Divis Laboratories Ltd,Mar 2016,Pharmaceuticals,debt_to_equity,0.009783368273934312,0.85
DIVISLAB,Divis Laboratories Ltd,Mar 2017,Pharmaceuticals,debt_to_equity,0.006720179204778794,0.8833333333333333
DIVISLAB,Divis Laboratories Ltd,Mar 2018,Pharmaceuticals,debt_to_equity,0.010632911392405063,0.8333333333333334
DIVISLAB,Divis Laboratories Ltd,Mar 2019,Pharmaceuticals,debt_to_equity,0.015236452493891045,0.8
DIVISLAB,Divis Laboratories Ltd,Mar 2020,Pharmaceuticals,debt_to_equity,0.00533515731874145,0.9166666666666666
DIVISLAB,Divis Laboratories Ltd,Mar 2021,Pharmaceuticals,debt_to_equity,0.0005379236148466917,0.9333333333333333
DIVISLAB,Divis Laboratories Ltd,Mar 2022,Pharmaceuticals,debt_to_equity,0.00034106412005457026,0.95
DIVISLAB,Divis Laboratories Ltd,Mar 2023,Pharmaceuticals,debt_to_equity,0.0003133077465340331,0.9666666666666667
DIVISLAB,Divis Laboratories Ltd,Mar 2024,Pharmaceuticals,debt_to_equity,0.0002210596124088129,0.9833333333333333
DIVISLAB,Divis Laboratories Ltd,TTM,Pharmaceuticals,debt_to_equity,,
DRREDDY,Dr Reddys Laboratories Ltd,Mar 2013,Pharmaceuticals,debt_to_equity,0.5781127335531481,0.16666666666666663
DRREDDY,Dr Reddys Laboratories Ltd,Mar 2014,Pharmaceuticals,debt_to_equity,0.5692307692307692,0.19999999999999996
DRREDDY,Dr Reddys Laboratories Ltd,Mar 2015,Pharmaceuticals,debt_to_equity,0.4378361920227342,0.25
DRREDDY,Dr Reddys Laboratories Ltd,Mar 2016,Pharmaceuticals,debt_to_equity,0.2666878828864667,0.41666666666666663
DRREDDY,Dr Reddys Laboratories Ltd,Mar 2017,Pharmaceuticals,debt_to_equity,0.4010764964932311,0.2833333333333333
DRREDDY,Dr Reddys Laboratories Ltd,Mar 2018,Pharmaceuticals,debt_to_equity,0.40335666560610883,0.2666666666666667
DRREDDY,Dr Reddys Laboratories Ltd,Mar 2019,Pharmaceuticals,debt_to_equity,0.27367370222475756,0.3666666666666667
DRREDDY,Dr Reddys Laboratories Ltd,Mar 2020,Pharmaceuticals,debt_to_equity,0.14167574844541317,0.55
DRREDDY,Dr Reddys Laboratories Ltd,Mar 2021,Pharmaceuticals,debt_to_equity,0.17181565670880336,0.5166666666666666
DRREDDY,Dr Reddys Laboratories Ltd,Mar 2022,Pharmaceuticals,debt_to_equity,0.17613991255465333,0.5
DRREDDY,Dr Reddys Laboratories Ltd,Mar 2023,Pharmaceuticals,debt_to_equity,0.05784591600103066,0.6833333333333333
DRREDDY,Dr Reddys Laboratories Ltd,Mar 2024,Pharmaceuticals,debt_to_equity,0.07085722375592836,0.6666666666666667
DRREDDY,Dr Reddys Laboratories Ltd,TTM,Pharmaceuticals,debt_to_equity,,
SUNPHARMA,Sun Pharmaceuticals Industries Ltd,Mar 2013,Pharmaceuticals,debt_to_equity,0.01734489659773182,0.7833333333333333
SUNPHARMA,Sun Pharmaceuticals Industries Ltd,Mar 2014,Pharmaceuticals,debt_to_equity,0.13824561403508773,0.5666666666666667
SUNPHARMA,Sun Pharmaceuticals Industries Ltd,Mar 2015,Pharmaceuticals,debt_to_equity,0.35088540447772837,0.30000000000000004
SUNPHARMA,Sun Pharmaceuticals Industries Ltd,Mar 2016,Pharmaceuticals,debt_to_equity,0.25761756056150137,0.43333333333333335
SUNPHARMA,Sun Pharmaceuticals Industries Ltd,Mar 2017,Pharmaceuticals,debt_to_equity,0.2683406113537118,0.4
SUNPHARMA,Sun Pharmaceuticals Industries Ltd,Mar 2018,Pharmaceuticals,debt_to_equity,0.2710497468288354,0.3833333333333333
SUNPHARMA,Sun Pharmaceuticals Industries Ltd,Mar 2019,Pharmaceuticals,debt_to_equity,0.25390615566664254,0.44999999999999996
SUNPHARMA,Sun Pharmaceuticals Industries Ltd,Mar 2020,Pharmaceuticals,debt_to_equity,0.18369601237158953,0.4666666666666667
SUNPHARMA,Sun Pharmaceuticals Industries Ltd,Mar 2021,Pharmaceuticals,debt_to_equity,0.08327055936982115,0.65
SUNPHARMA,Sun Pharmaceuticals Industries Ltd,Mar 2022,Pharmaceuticals,debt_to_equity,0.02686884255691404,0.75
SUNPHARMA,Sun Pharmaceuticals Industries Ltd,Mar 2023,Pharmaceuticals,debt_to_equity,0.12297526564871863,0.6
SUNPHARMA,Sun Pharmaceuticals Industries Ltd,Mar 2024,Pharmaceuticals,debt_to_equity,0.051423814535002436,0.7
SUNPHARMA,Sun Pharmaceuticals Industries Ltd,TTM,Pharmaceuticals,debt_to_equity,,
TORNTPHARM,Torrent Pharmaceuticals Ltd,Mar 2013,Pharmaceuticals,debt_to_equity,0.4873417721518987,0.21666666666666667
TORNTPHARM,Torrent Pharmaceuticals Ltd,Mar 2014,Pharmaceuticals,debt_to_equity,0.5948502364687336,0.1333333333333333
TORNTPHARM,Torrent Pharmaceuticals Ltd,Mar 2015,Pharmaceuticals,debt_to_equity,1.099959855479727,0.050000000000000044
TORNTPHARM,Torrent Pharmaceuticals Ltd,Mar 2016,Pharmaceuticals,debt_to_equity,0.6731539782484258,0.1166666666666667
TORNTPHARM,Torrent Pharmaceuticals Ltd,Mar 2017,Pharmaceuticals,debt_to_equity,0.5768788784187543,0.18333333333333335
TORNTPHARM,Torrent Pharmaceuticals Ltd,Mar 2018,Pharmaceuticals,debt_to_equity,1.3977936404931863,0.0
TORNTPHARM,Torrent Pharmaceuticals Ltd,Mar 2019,Pharmaceuticals,debt_to_equity,1.2778835978835978,0.01666666666666672
TORNTPHARM,Torrent Pharmaceuticals Ltd,Mar 2020,Pharmaceuticals,debt_to_equity,1.199004975124378,0.033333333333333326
TORNTPHARM,Torrent Pharmaceuticals Ltd,Mar 2021,Pharmaceuticals,debt_to_equity,0.8348749571771155,0.08333333333333337
TORNTPHARM,Torrent Pharmaceuticals Ltd,Mar 2022,Pharmaceuticals,debt_to_equity,0.6836888963547791,0.09999999999999998
TORNTPHARM,Torrent Pharmaceuticals Ltd,Mar 2023,Pharmaceuticals,debt_to_equity,0.8662471765085511,0.06666666666666665
TORNTPHARM,Torrent Pharmaceuticals Ltd,Mar 2024,Pharmaceuticals,debt_to_equity,0.5866394399066511,0.15000000000000002
TORNTPHARM,Torrent Pharmaceuticals Ltd,TTM,Pharmaceuticals,debt_to_equity,,
CIPLA,"Cipla Ltd
",Mar 2013,Pharmaceuticals,interest_coverage,24.86530612244898,0.3076923076923077
CIPLA,"Cipla Ltd
",Mar 2014,Pharmaceuticals,interest_coverage,32.059760956175296,0.4
CIPLA,"Cipla Ltd
",Mar 2015,Pharmaceuticals,interest_coverage,56.109756097560975,0.6615384615384615
CIPLA,"Cipla Ltd
",Mar 2016,Pharmaceuticals,interest_coverage,54.46153846153846,0.6461538461538462
CIPLA,"Cipla Ltd
",Mar 2017,Pharmaceuticals,interest_coverage,57.28365384615385,0.6923076923076923
CIPLA,"Cipla Ltd
",Mar 2018,Pharmaceuticals,interest_coverage,44.1,0.5538461538461539
CIPLA,"Cipla Ltd
",Mar 2019,Pharmaceuticals,interest_coverage,27.849056603773583,0.35384615384615387
CIPLA,"Cipla Ltd
",Mar 2020,Pharmaceuticals,interest_coverage,40.53779069767442,0.5230769230769231
CIPLA,"Cipla Ltd
",Mar 2021,Pharmaceuticals,interest_coverage,56.12406015037594,0.676923076923077
CIPLA,"Cipla Ltd
",Mar 2022,Pharmaceuticals,interest_coverage,174.06060606060606,0.8
CIPLA,"Cipla Ltd
",Mar 2023,Pharmaceuticals,interest_coverage,60.57337883959045,0.7230769230769231
CIPLA,"Cipla Ltd
",Mar 2024,Pharmaceuticals,interest_coverage,35.33876811594203,0.47692307692307695
CIPLA,"Cipla Ltd
",TTM,Pharmaceuticals,interest_coverage,24.453771289537713,0.2923076923076923
DIVISLAB,Divis Laboratories Ltd,Mar 2013,Pharmaceuticals,interest_coverage,287.0,0.8153846153846154
DIVISLAB,Divis Laboratories Ltd,Mar 2014,Pharmaceuticals,interest_coverage,362.0,0.8615384615384616
DIVISLAB,Divis Laboratories Ltd,Mar 2015,Pharmaceuticals,interest_coverage,403.6666666666667,0.8769230769230769
DIVISLAB,Divis Laboratories Ltd,Mar 2016,Pharmaceuticals,interest_coverage,303.2,0.8461538461538461
DIVISLAB,Divis Laboratories Ltd,Mar 2017,Pharmaceuticals,interest_coverage,507.3333333333333,0.9076923076923077
DIVISLAB,Divis Laboratories Ltd,Mar 2018,Pharmaceuticals,interest_coverage,688.0,0.9384615384615385
DIVISLAB,Divis Laboratories Ltd,Mar 2019,Pharmaceuticals,interest_coverage,405.6,0.8923076923076924
DIVISLAB,Divis Laboratories Ltd,Mar 2020,Pharmaceuticals,interest_coverage,287.42857142857144,0.8307692307692308
DIVISLAB,Divis Laboratories Ltd,Mar 2021,Pharmaceuticals,interest_coverage,1462.0,0.9846153846153847
DIVISLAB,Divis Laboratories Ltd,Mar 2022,Pharmaceuticals,interest_coverage,1998.5,1.0
DIVISLAB,Divis Laboratories Ltd,Mar 2023,Pharmaceuticals,interest_coverage,1357.0,0.9692307692307692
DIVISLAB,Divis Laboratories Ltd,Mar 2024,Pharmaceuticals,interest_coverage,636.25,0.9230769230769231
DIVISLAB,Divis Laboratories Ltd,TTM,Pharmaceuticals,interest_coverage,972.3333333333334,0.9538461538461539
DRREDDY,Dr Reddys Laboratories Ltd,Mar 2013,Pharmaceuticals,interest_coverage,28.15,0.36923076923076925
DRREDDY,Dr Reddys Laboratories Ltd,Mar 2014,Pharmaceuticals,interest_coverage,26.937007874015748,0.3384615384615385
DRREDDY,Dr Reddys Laboratories Ltd,Mar 2015,Pharmaceuticals,interest_coverage,34.888888888888886,0.46153846153846156
DRREDDY,Dr Reddys Laboratories Ltd,Mar 2016,Pharmaceuticals,interest_coverage,46.74698795180723,0.5846153846153846
DRREDDY,Dr Reddys Laboratories Ltd,Mar 2017,Pharmaceuticals,interest_coverage,33.46835443037975,0.4461538461538462
DRREDDY,Dr Reddys Laboratories Ltd,Mar 2018,Pharmaceuticals,interest_coverage,31.72151898734177,0.38461538461538464
DRREDDY,Dr Reddys Laboratories Ltd,Mar 2019,Pharmaceuticals,interest_coverage,39.98876404494382,0.5076923076923077
DRREDDY,Dr Reddys Laboratories Ltd,Mar 2020,Pharmaceuticals,interest_coverage,32.11224489795919,0.4153846153846154
DRREDDY,Dr Reddys Laboratories Ltd,Mar 2021,Pharmaceuticals,interest_coverage,43.391752577319586,0.5384615384615384
DRREDDY,Dr Reddys Laboratories Ltd,Mar 2022,Pharmaceuticals,interest_coverage,45.03125,0.5692307692307692
DRREDDY,Dr Reddys Laboratories Ltd,Mar 2023,Pharmaceuticals,interest_coverage,52.03496503496503,0.6153846153846154
DRREDDY,Dr Reddys Laboratories Ltd,Mar 2024,Pharmaceuticals,interest_coverage,51.707602339181285,0.6
DRREDDY,Dr Reddys Laboratories Ltd,TTM,Pharmaceuticals,interest_coverage,33.23550724637681,0.4307692307692308
SUNPHARMA,Sun Pharmaceuticals Industries Ltd,Mar 2013,Pharmaceuticals,interest_coverage,109.16279069767442,0.7692307692307693
SUNPHARMA,Sun Pharmaceuticals Industries Ltd,Mar 2014,Pharmaceuticals,interest_coverage,114.43181818181819,0.7846153846153846
SUNPHARMA,Sun Pharmaceuticals Industries Ltd,Mar 2015,Pharmaceuticals,interest_coverage,14.122625215889464,0.2
SUNPHARMA,Sun Pharmaceuticals Industries Ltd,Mar 2016,Pharmaceuticals,interest_coverage,15.548757170172085,0.23076923076923078
SUNPHARMA,Sun Pharmaceuticals Industries Ltd,Mar 2017,Pharmaceuticals,interest_coverage,26.78,0.3230769230769231
SUNPHARMA,Sun Pharmaceuticals Industries Ltd,Mar 2018,Pharmaceuticals,interest_coverage,10.61003861003861,0.15384615384615385
SUNPHARMA,Sun Pharmaceuticals Industries Ltd,Mar 2019,Pharmaceuticals,interest_coverage,11.025225225225226,0.16923076923076924
SUNPHARMA,Sun Pharmaceuticals Industries Ltd,Mar 2020,Pharmaceuticals,interest_coverage,24.306930693069308,0.27692307692307694
SUNPHARMA,Sun Pharmaceuticals Industries Ltd,Mar 2021,Pharmaceuticals,interest_coverage,35.60992907801418,0.49230769230769234
SUNPHARMA,Sun Pharmaceuticals Industries Ltd,Mar 2022,Pharmaceuticals,interest_coverage,53.173228346456696,0.6307692307692307
SUNPHARMA,Sun Pharmaceuticals Industries Ltd,Mar 2023,Pharmaceuticals,interest_coverage,70.40116279069767,0.7538461538461538
SUNPHARMA,Sun Pharmaceuticals Industries Ltd,Mar 2024,Pharmaceuticals,interest_coverage,58.331932773109244,0.7076923076923077
SUNPHARMA,Sun Pharmaceuticals Industries Ltd,TTM,Pharmaceuticals,interest_coverage,65.39748953974896,0.7384615384615385
TORNTPHARM,Torrent Pharmaceuticals Ltd,Mar 2013,Pharmaceuticals,interest_coverage,20.529411764705884,0.26153846153846155
TORNTPHARM,Torrent Pharmaceuticals Ltd,Mar 2014,Pharmaceuticals,interest_coverage,16.76271186440678,0.24615384615384617
TORNTPHARM,Torrent Pharmaceuticals Ltd,Mar 2015,Pharmaceuticals,interest_coverage,7.462857142857143,0.07692307692307693
TORNTPHARM,Torrent Pharmaceuticals Ltd,Mar 2016,Pharmaceuticals,interest_coverage,15.027173913043478,0.2153846153846154
TORNTPHARM,Torrent Pharmaceuticals Ltd,Mar 2017,Pharmaceuticals,interest_coverage,7.766990291262136,0.09230769230769231
TORNTPHARM,Torrent Pharmaceuticals Ltd,Mar 2018,Pharmaceuticals,interest_coverage,5.35064935064935,0.046153846153846156
TORNTPHARM,Torrent Pharmaceuticals Ltd,Mar 2019,Pharmaceuticals,interest_coverage,3.3392857142857144,0.015384615384615385
TORNTPHARM,Torrent Pharmaceuticals Ltd,Mar 2020,Pharmaceuticals,interest_coverage,5.0798226164079825,0.03076923076923077
TORNTPHARM,Torrent Pharmaceuticals Ltd,Mar 2021,Pharmaceuticals,interest_coverage,7.186968838526912,0.06153846153846154
TORNTPHARM,Torrent Pharmaceuticals Ltd,Mar 2022,Pharmaceuticals,interest_coverage,8.403921568627451,0.1076923076923077
TORNTPHARM,Torrent Pharmaceuticals Ltd,Mar 2023,Pharmaceuticals,interest_coverage,8.66966966966967,0.12307692307692308
TORNTPHARM,Torrent Pharmaceuticals Ltd,Mar 2024,Pharmaceuticals,interest_coverage,9.926553672316384,0.13846153846153847
TORNTPHARM,Torrent Pharmaceuticals Ltd,TTM,Pharmaceuticals,interest_coverage,13.44927536231884,0.18461538461538463
CIPLA,"Cipla Ltd
",Mar 2013,Pharmaceuticals,asset_turnover,0.7101561159718648,0.65
CIPLA,"Cipla Ltd
",Mar 2014,Pharmaceuticals,asset_turnover,0.7591791044776119,0.8
CIPLA,"Cipla Ltd
",Mar 2015,Pharmaceuticals,asset_turnover,0.7239948947032546,0.7
CIPLA,"Cipla Ltd
",Mar 2016,Pharmaceuticals,asset_turnover,0.6551380113069505,0.43333333333333335
CIPLA,"Cipla Ltd
",Mar 2017,Pharmaceuticals,asset_turnover,0.6897311802194642,0.6166666666666667
CIPLA,"Cipla Ltd
",Mar 2018,Pharmaceuticals,asset_turnover,0.668460283156177,0.5166666666666667
CIPLA,"Cipla Ltd
",Mar 2019,Pharmaceuticals,asset_turnover,0.6885784024913728,0.5833333333333334
CIPLA,"Cipla Ltd
",Mar 2020,Pharmaceuticals,asset_turnover,0.731417837168595,0.7333333333333333
CIPLA,"Cipla Ltd
",Mar 2021,Pharmaceuticals,asset_turnover,0.7708710521021928,0.85
CIPLA,"Cipla Ltd
",Mar 2022,Pharmaceuticals,asset_turnover,0.8103287783445656,0.9166666666666666
CIPLA,"Cipla Ltd
",Mar 2023,Pharmaceuticals,asset_turnover,0.7765529010238907,0.8833333333333333
CIPLA,"Cipla Ltd
",Mar 2024,Pharmaceuticals,asset_turnover,0.7922417237881536,0.9
CIPLA,"Cipla Ltd
",TTM,Pharmaceuticals,asset_turnover,,
DIVISLAB,Divis Laboratories Ltd,Mar 2013,Pharmaceuticals,asset_turnover,0.6833386428798981,0.5666666666666667
DIVISLAB,Divis Laboratories Ltd,Mar 2014,Pharmaceuticals,asset_turnover,0.6824797843665769,0.55
DIVISLAB,Divis Laboratories Ltd,Mar 2015,Pharmaceuticals,asset_turnover,0.7071509648127128,0.6333333333333333
DIVISLAB,Divis Laboratories Ltd,Mar 2016,Pharmaceuticals,asset_turnover,0.7709269089424254,0.8666666666666667
DIVISLAB,Divis Laboratories Ltd,Mar 2017,Pharmaceuticals,asset_turnover,0.6602761982128351,0.5
DIVISLAB,Divis Laboratories Ltd,Mar 2018,Pharmaceuticals,asset_turnover,0.5734708916728076,0.31666666666666665
DIVISLAB,Divis Laboratories Ltd,Mar 2019,Pharmaceuticals,asset_turnover,0.6154803384768541,0.36666666666666664
DIVISLAB,Divis Laboratories Ltd,Mar 2020,Pharmaceuticals,asset_turnover,0.6322822646817489,0.38333333333333336
DIVISLAB,Divis Laboratories Ltd,Mar 2021,Pharmaceuticals,asset_turnover,0.6470151332281125,0.4166666666666667
DIVISLAB,Divis Laboratories Ltd,Mar 2022,Pharmaceuticals,asset_turnover,0.6706586826347305,0.5333333333333333
DIVISLAB,Divis Laboratories Ltd,Mar 2023,Pharmaceuticals,asset_turnover,0.5384402079722703,0.15
DIVISLAB,Divis Laboratories Ltd,Mar 2024,Pharmaceuticals,asset_turnover,0.5074385510996119,0.1
DIVISLAB,Divis Laboratories Ltd,TTM,Pharmaceuticals,asset_turnover,,
DRREDDY,Dr Reddys Laboratories Ltd,Mar 2013,Pharmaceuticals,asset_turnover,0.8843796711509716,1.0
DRREDDY,Dr Reddys Laboratories Ltd,Mar 2014,Pharmaceuticals,asset_turnover,0.84339243052936,0.9666666666666667
DRREDDY,Dr Reddys Laboratories Ltd,Mar 2015,Pharmaceuticals,asset_turnover,0.8139459283740587,0.9333333333333333
DRREDDY,Dr Reddys Laboratories Ltd,Mar 2016,Pharmaceuticals,asset_turnover,0.7657648794884407,0.8166666666666667
DRREDDY,Dr Reddys Laboratories Ltd,Mar 2017,Pharmaceuticals,asset_turnover,0.655583264062067,0.45
DRREDDY,Dr Reddys Laboratories Ltd,Mar 2018,Pharmaceuticals,asset_turnover,0.6389995078079556,0.4
DRREDDY,Dr Reddys Laboratories Ltd,Mar 2019,Pharmaceuticals,asset_turnover,0.6890891248104202,0.6
DRREDDY,Dr Reddys Laboratories Ltd,Mar 2020,Pharmaceuticals,asset_turnover,0.7542953106833742,0.7833333333333333
DRREDDY,Dr Reddys Laboratories Ltd,Mar 2021,Pharmaceuticals,asset_turnover,0.7164134195877839,0.6666666666666666
DRREDDY,Dr Reddys Laboratories Ltd,Mar 2022,Pharmaceuticals,asset_turnover,0.7242990654205608,0.7166666666666667
DRREDDY,Dr Reddys Laboratories Ltd,Mar 2023,Pharmaceuticals,asset_turnover,0.7659349871154025,0.8333333333333334
DRREDDY,Dr Reddys Laboratories Ltd,Mar 2024,Pharmaceuticals,asset_turnover,0.7223053120165034,0.6833333333333333
DRREDDY,Dr Reddys Laboratories Ltd,TTM,Pharmaceuticals,asset_turnover,,
SUNPHARMA,Sun Pharmaceuticals Industries Ltd,Mar 2013,Pharmaceuticals,asset_turnover,0.5462531285272612,0.2
SUNPHARMA,Sun Pharmaceuticals Industries Ltd,Mar 2014,Pharmaceuticals,asset_turnover,0.5526722804605603,0.21666666666666667
SUNPHARMA,Sun Pharmaceuticals Industries Ltd,Mar 2015,Pharmaceuticals,asset_turnover,0.5621985509923445,0.25
SUNPHARMA,Sun Pharmaceuticals Industries Ltd,Mar 2016,Pharmaceuticals,asset_turnover,0.5139460200620625,0.11666666666666667
SUNPHARMA,Sun Pharmaceuticals Industries Ltd,Mar 2017,Pharmaceuticals,asset_turnover,0.5168671740731647,0.13333333333333333
SUNPHARMA,Sun Pharmaceuticals Industries Ltd,Mar 2018,Pharmaceuticals,asset_turnover,0.4119787859464672,0.016666666666666666
SUNPHARMA,Sun Pharmaceuticals Industries Ltd,Mar 2019,Pharmaceuticals,asset_turnover,0.4500077411363988,0.05
SUNPHARMA,Sun Pharmaceuticals Industries Ltd,Mar 2020,Pharmaceuticals,asset_turnover,0.48153796521688125,0.06666666666666667
SUNPHARMA,Sun Pharmaceuticals Industries Ltd,Mar 2021,Pharmaceuticals,asset_turnover,0.4953713288574724,0.08333333333333333
SUNPHARMA,Sun Pharmaceuticals Industries Ltd,Mar 2022,Pharmaceuticals,asset_turnover,0.5539727126805778,0.23333333333333334
SUNPHARMA,Sun Pharmaceuticals Industries Ltd,Mar 2023,Pharmaceuticals,asset_turnover,0.5437357518089008,0.18333333333333332
SUNPHARMA,Sun Pharmaceuticals Industries Ltd,Mar 2024,Pharmaceuticals,asset_turnover,0.5684929901064378,0.2833333333333333
SUNPHARMA,Sun Pharmaceuticals Industries Ltd,TTM,Pharmaceuticals,asset_turnover,,
TORNTPHARM,Torrent Pharmaceuticals Ltd,Mar 2013,Pharmaceuticals,asset_turnover,0.8534505728750333,0.9833333333333333
TORNTPHARM,Torrent Pharmaceuticals Ltd,Mar 2014,Pharmaceuticals,asset_turnover,0.8307447232178415,0.95
TORNTPHARM,Torrent Pharmaceuticals Ltd,Mar 2015,Pharmaceuticals,asset_turnover,0.5928388746803069,0.3333333333333333
TORNTPHARM,Torrent Pharmaceuticals Ltd,Mar 2016,Pharmaceuticals,asset_turnover,0.7525320729237002,0.7666666666666667
TORNTPHARM,Torrent Pharmaceuticals Ltd,Mar 2017,Pharmaceuticals,asset_turnover,0.6057702322674722,0.35
TORNTPHARM,Torrent Pharmaceuticals Ltd,Mar 2018,Pharmaceuticals,asset_turnover,0.4177490697184582,0.03333333333333333
TORNTPHARM,Torrent Pharmaceuticals Ltd,Mar 2019,Pharmaceuticals,asset_turnover,0.5436831290299724,0.16666666666666666
TORNTPHARM,Torrent Pharmaceuticals Ltd,Mar 2020,Pharmaceuticals,asset_turnover,0.5666666666666667,0.26666666666666666
TORNTPHARM,Torrent Pharmaceuticals Ltd,Mar 2021,Pharmaceuticals,asset_turnover,0.5687388987566607,0.3
TORNTPHARM,Torrent Pharmaceuticals Ltd,Mar 2022,Pharmaceuticals,asset_turnover,0.6592282659228266,0.48333333333333334
TORNTPHARM,Torrent Pharmaceuticals Ltd,Mar 2023,Pharmaceuticals,asset_turnover,0.6584531143052703,0.4666666666666667
TORNTPHARM,Torrent Pharmaceuticals Ltd,Mar 2024,Pharmaceuticals,asset_turnover,0.7396070320579111,0.75
TORNTPHARM,Torrent Pharmaceuticals Ltd,TTM,Pharmaceuticals,asset_turnover,,
CIPLA,"Cipla Ltd
",Mar 2013,Pharmaceuticals,free_cash_flow_cr,-665.0,0.08333333333333333
CIPLA,"Cipla Ltd
",Mar 2014,Pharmaceuticals,free_cash_flow_cr,298.0,0.375
CIPLA,"Cipla Ltd
",Mar 2015,Pharmaceuticals,free_cash_flow_cr,223.0,0.26666666666666666
CIPLA,"Cipla Ltd
",Mar 2016,Pharmaceuticals,free_cash_flow_cr,-2792.0,0.03333333333333333
CIPLA,"Cipla Ltd
",Mar 2017,Pharmaceuticals,free_cash_flow_cr,1078.0,0.5666666666666667
CIPLA,"Cipla Ltd
",Mar 2018,Pharmaceuticals,free_cash_flow_cr,629.0,0.4666666666666667
CIPLA,"Cipla Ltd
",Mar 2019,Pharmaceuticals,free_cash_flow_cr,3.0,0.16666666666666666
CIPLA,"Cipla Ltd
",Mar 2020,Pharmaceuticals,free_cash_flow_cr,3182.0,0.9166666666666666
CIPLA,"Cipla Ltd
",Mar 2021,Pharmaceuticals,free_cash_flow_cr,1381.0,0.6333333333333333
CIPLA,"Cipla Ltd
",Mar 2022,Pharmaceuticals,free_cash_flow_cr,1468.0,0.65
CIPLA,"Cipla Ltd
",Mar 2023,Pharmaceuticals,free_cash_flow_cr,862.0,0.5166666666666667
CIPLA,"Cipla Ltd
",Mar 2024,Pharmaceuticals,free_cash_flow_cr,1152.0,0.6
CIPLA,"Cipla Ltd
",TTM,Pharmaceuticals,free_cash_flow_cr,,
DIVISLAB,Divis Laboratories Ltd,Mar 2013,Pharmaceuticals,free_cash_flow_cr,225.0,0.2833333333333333
DIVISLAB,Divis Laboratories Ltd,Mar 2014,Pharmaceuticals,free_cash_flow_cr,252.0,0.31666666666666665
DIVISLAB,Divis Laboratories Ltd,Mar 2015,Pharmaceuticals,free_cash_flow_cr,305.0,0.4
DIVISLAB,Divis Laboratories Ltd,Mar 2016,Pharmaceuticals,free_cash_flow_cr,632.0,0.48333333333333334
DIVISLAB,Divis Laboratories Ltd,Mar 2017,Pharmaceuticals,free_cash_flow_cr,10.0,0.18333333333333332
DIVISLAB,Divis Laboratories Ltd,Mar 2018,Pharmaceuticals,free_cash_flow_cr,298.0,0.375
DIVISLAB,Divis Laboratories Ltd,Mar 2019,Pharmaceuticals,free_cash_flow_cr,269.0,0.35
DIVISLAB,Divis Laboratories Ltd,Mar 2020,Pharmaceuticals,free_cash_flow_cr,1133.0,0.5833333333333334
DIVISLAB,Divis Laboratories Ltd,Mar 2021,Pharmaceuticals,free_cash_flow_cr,2022.0,0.8166666666666667
DIVISLAB,Divis Laboratories Ltd,Mar 2022,Pharmaceuticals,free_cash_flow_cr,-283.0,0.1
DIVISLAB,Divis Laboratories Ltd,Mar 2023,Pharmaceuticals,free_cash_flow_cr,-248.0,0.11666666666666667
DIVISLAB,Divis Laboratories Ltd,Mar 2024,Pharmaceuticals,free_cash_flow_cr,992.0,0.55
DIVISLAB,Divis Laboratories Ltd,TTM,Pharmaceuticals,free_cash_flow_cr,,
DRREDDY,Dr Reddys Laboratories Ltd,Mar 2013,Pharmaceuticals,free_cash_flow_cr,-59.0,0.15
DRREDDY,Dr Reddys Laboratories Ltd,Mar 2014,Pharmaceuticals,free_cash_flow_cr,366.0,0.43333333333333335
DRREDDY,Dr Reddys Laboratories Ltd,Mar 2015,Pharmaceuticals,free_cash_flow_cr,154.0,0.21666666666666667
DRREDDY,Dr Reddys Laboratories Ltd,Mar 2016,Pharmaceuticals,free_cash_flow_cr,1653.0,0.7333333333333333
DRREDDY,Dr Reddys Laboratories Ltd,Mar 2017,Pharmaceuticals,free_cash_flow_cr,254.0,0.3333333333333333
DRREDDY,Dr Reddys Laboratories Ltd,Mar 2018,Pharmaceuticals,free_cash_flow_cr,320.0,0.4166666666666667
DRREDDY,Dr Reddys Laboratories Ltd,Mar 2019,Pharmaceuticals,free_cash_flow_cr,2101.0,0.8333333333333334
DRREDDY,Dr Reddys Laboratories Ltd,Mar 2020,Pharmaceuticals,free_cash_flow_cr,2489.0,0.85
DRREDDY,Dr Reddys Laboratories Ltd,Mar 2021,Pharmaceuticals,free_cash_flow_cr,1315.0,0.6166666666666667
DRREDDY,Dr Reddys Laboratories Ltd,Mar 2022,Pharmaceuticals,free_cash_flow_cr,246.0,0.3
DRREDDY,Dr Reddys Laboratories Ltd,Mar 2023,Pharmaceuticals,free_cash_flow_cr,1779.0,0.75
DRREDDY,Dr Reddys Laboratories Ltd,Mar 2024,Pharmaceuticals,free_cash_flow_cr,509.0,0.45
DRREDDY,Dr Reddys Laboratories Ltd,TTM,Pharmaceuticals,free_cash_flow_cr,,
SUNPHARMA,Sun Pharmaceuticals Industries Ltd,Mar 2013,Pharmaceuticals,free_cash_flow_cr,982.0,0.5333333333333333
SUNPHARMA,Sun Pharmaceuticals Industries Ltd,Mar 2014,Pharmaceuticals,free_cash_flow_cr,1783.0,0.7666666666666667
SUNPHARMA,Sun Pharmaceuticals Industries Ltd,Mar 2015,Pharmaceuticals,free_cash_flow_cr,4114.0,0.95
SUNPHARMA,Sun Pharmaceuticals Industries Ltd,Mar 2016,Pharmaceuticals,free_cash_flow_cr,2737.0,0.8666666666666667
SUNPHARMA,Sun Pharmaceuticals Industries Ltd,Mar 2017,Pharmaceuticals,free_cash_flow_cr,2896.0,0.8833333333333333
SUNPHARMA,Sun Pharmaceuticals Industries Ltd,Mar 2018,Pharmaceuticals,free_cash_flow_cr,803.0,0.5
SUNPHARMA,Sun Pharmaceuticals Industries Ltd,Mar 2019,Pharmaceuticals,free_cash_flow_cr,1886.0,0.8
SUNPHARMA,Sun Pharmaceuticals Industries Ltd,Mar 2020,Pharmaceuticals,free_cash_flow_cr,4330.0,0.9666666666666667
SUNPHARMA,Sun Pharmaceuticals Industries Ltd,Mar 2021,Pharmaceuticals,free_cash_flow_cr,6577.0,0.9833333333333333
SUNPHARMA,Sun Pharmaceuticals Industries Ltd,Mar 2022,Pharmaceuticals,free_cash_flow_cr,3429.0,0.9333333333333333
SUNPHARMA,Sun Pharmaceuticals Industries Ltd,Mar 2023,Pharmaceuticals,free_cash_flow_cr,-2261.0,0.05
SUNPHARMA,Sun Pharmaceuticals Industries Ltd,Mar 2024,Pharmaceuticals,free_cash_flow_cr,11372.0,1.0
SUNPHARMA,Sun Pharmaceuticals Industries Ltd,TTM,Pharmaceuticals,free_cash_flow_cr,,
TORNTPHARM,Torrent Pharmaceuticals Ltd,Mar 2013,Pharmaceuticals,free_cash_flow_cr,-94.0,0.13333333333333333
TORNTPHARM,Torrent Pharmaceuticals Ltd,Mar 2014,Pharmaceuticals,free_cash_flow_cr,181.0,0.23333333333333334
TORNTPHARM,Torrent Pharmaceuticals Ltd,Mar 2015,Pharmaceuticals,free_cash_flow_cr,-1303.0,0.06666666666666667
TORNTPHARM,Torrent Pharmaceuticals Ltd,Mar 2016,Pharmaceuticals,free_cash_flow_cr,1873.0,0.7833333333333333
TORNTPHARM,Torrent Pharmaceuticals Ltd,Mar 2017,Pharmaceuticals,free_cash_flow_cr,211.0,0.25
TORNTPHARM,Torrent Pharmaceuticals Ltd,Mar 2018,Pharmaceuticals,free_cash_flow_cr,-3783.0,0.016666666666666666
TORNTPHARM,Torrent Pharmaceuticals Ltd,Mar 2019,Pharmaceuticals,free_cash_flow_cr,1552.0,0.6666666666666666
TORNTPHARM,Torrent Pharmaceuticals Ltd,Mar 2020,Pharmaceuticals,free_cash_flow_cr,1622.0,0.7166666666666667
TORNTPHARM,Torrent Pharmaceuticals Ltd,Mar 2021,Pharmaceuticals,free_cash_flow_cr,1561.0,0.6833333333333333
TORNTPHARM,Torrent Pharmaceuticals Ltd,Mar 2022,Pharmaceuticals,free_cash_flow_cr,1607.0,0.7
TORNTPHARM,Torrent Pharmaceuticals Ltd,Mar 2023,Pharmaceuticals,free_cash_flow_cr,33.0,0.2
TORNTPHARM,Torrent Pharmaceuticals Ltd,Mar 2024,Pharmaceuticals,free_cash_flow_cr,3106.0,0.9
TORNTPHARM,Torrent Pharmaceuticals Ltd,TTM,Pharmaceuticals,free_cash_flow_cr,,
HCLTECH,HCL Technologies Ltd,Jun 2013,IT Services,return_on_equity_pct,30.689759951382555,0.6779661016949152
HCLTECH,HCL Technologies Ltd,Jun 2014,IT Services,return_on_equity_pct,33.39130434782609,0.7627118644067796
HCLTECH,HCL Technologies Ltd,Jun 2015,IT Services,return_on_equity_pct,30.30878467635403,0.6271186440677966
HCLTECH,HCL Technologies Ltd,Mar 2016 9m,IT Services,return_on_equity_pct,,
HCLTECH,HCL Technologies Ltd,Mar 2017,IT Services,return_on_equity_pct,26.119153843819237,0.4915254237288136
HCLTECH,HCL Technologies Ltd,Mar 2018,IT Services,return_on_equity_pct,23.97075798383994,0.3559322033898305
HCLTECH,HCL Technologies Ltd,Mar 2019,IT Services,return_on_equity_pct,24.46453609244307,0.4067796610169492
HCLTECH,HCL Technologies Ltd,Mar 2020,IT Services,return_on_equity_pct,21.56748005539626,0.2033898305084746
HCLTECH,HCL Technologies Ltd,Mar 2021,IT Services,return_on_equity_pct,18.64203094487006,0.1016949152542373
HCLTECH,HCL Technologies Ltd,Mar 2022,IT Services,return_on_equity_pct,21.841586717059148,0.23728813559322035
HCLTECH,HCL Technologies Ltd,Mar 2023,IT Services,return_on_equity_pct,22.697041510587876,0.2711864406779661
HCLTECH,HCL Technologies Ltd,Mar 2024,IT Services,return_on_equity_pct,23.01393141233172,0.3050847457627119
HCLTECH,HCL Technologies Ltd,TTM,IT Services,return_on_equity_pct,,
INFY,Infosys Ltd,Mar 2013,IT Services,return_on_equity_pct,24.81707638048113,0.4406779661016949
INFY,Infosys Ltd,Mar 2014,IT Services,return_on_equity_pct,23.92993487536492,0.3389830508474576
INFY,Infosys Ltd,Mar 2015,IT Services,return_on_equity_pct,24.385052034058656,0.3898305084745763
INFY,Infosys Ltd,Mar 2016,IT Services,return_on_equity_pct,21.84665716506867,0.2542372881355932
INFY,Infosys Ltd,Mar 2017,IT Services,return_on_equity_pct,20.80687715635963,0.15254237288135594
INFY,Infosys Ltd,Mar 2018,IT Services,return_on_equity_pct,24.689247262141308,0.423728813559322
INFY,Infosys Ltd,Mar 2019,IT Services,return_on_equity_pct,23.726673646609594,0.3220338983050847
INFY,Infosys Ltd,Mar 2020,IT Services,return_on_equity_pct,25.422459893048128,0.4576271186440678
INFY,Infosys Ltd,Mar 2021,IT Services,return_on_equity_pct,25.43909051616875,0.4745762711864407
INFY,Infosys Ltd,Mar 2022,IT Services,return_on_equity_pct,29.39084273390843,0.5932203389830508
INFY,Infosys Ltd,Mar 2023,IT Services,return_on_equity_pct,31.970506716883047,0.7288135593220338
INFY,Infosys Ltd,Mar 2024,IT Services,return_on_equity_pct,29.788006718416632,0.6101694915254238
INFY,Infosys Ltd,TTM,IT Services,return_on_equity_pct,,
LTIM,LTIMindtree Ltd,Mar 2013,IT Services,return_on_equity_pct,41.97162061239731,0.9322033898305084
LTIM,LTIMindtree Ltd,Mar 2014,IT Services,return_on_equity_pct,61.86335403726708,1.0
LTIM,LTIMindtree Ltd,Mar 2015,IT Services,return_on_equity_pct,37.95656465942744,0.847457627118644
LTIM,LTIMindtree Ltd,Mar 2016,IT Services,return_on_equity_pct,39.34117647058824,0.8983050847457628
LTIM,LTIMindtree Ltd,Mar 2017,IT Services,return_on_equity_pct,30.884223918575067,0.6949152542372882
LTIM,LTIMindtree Ltd,Mar 2018,IT Services,return_on_equity_pct,28.808290155440414,0.576271186440678
LTIM,LTIMindtree Ltd,Mar 2019,IT Services,return_on_equity_pct,30.983036991620683,0.711864406779661
LTIM,LTIMindtree Ltd,Mar 2020,IT Services,return_on_equity_pct,28.127313101406365,0.559322033898305
LTIM,LTIMindtree Ltd,Mar 2021,IT Services,return_on_equity_pct,26.533406352683457,0.5084745762711864
LTIM,LTIMindtree Ltd,Mar 2022,IT Services,return_on_equity_pct,27.645576707726764,0.5423728813559322
LTIM,LTIMindtree Ltd,Mar 2023,IT Services,return_on_equity_pct,26.57907425265188,0.5254237288135594
LTIM,LTIMindtree Ltd,Mar 2024,IT Services,return_on_equity_pct,22.904386052552702,0.288135593220339
LTIM,LTIMindtree Ltd,TTM,IT Services,return_on_equity_pct,,
TCS,Tata Consultancy Services Ltd,Mar 2013,IT Services,return_on_equity_pct,36.51740777253152,0.8135593220338984
TCS,Tata Consultancy Services Ltd,Mar 2014,IT Services,return_on_equity_pct,39.29667649151337,0.8813559322033898
TCS,Tata Consultancy Services Ltd,Mar 2015,IT Services,return_on_equity_pct,39.616865804285574,0.9152542372881356
TCS,Tata Consultancy Services Ltd,Mar 2016,IT Services,return_on_equity_pct,34.2441467807294,0.7796610169491526
TCS,Tata Consultancy Services Ltd,Mar 2017,IT Services,return_on_equity_pct,30.571600900085834,0.6610169491525424
TCS,Tata Consultancy Services Ltd,Mar 2018,IT Services,return_on_equity_pct,30.401278075368854,0.6440677966101694
TCS,Tata Consultancy Services Ltd,Mar 2019,IT Services,return_on_equity_pct,35.28609440332715,0.7966101694915254
TCS,Tata Consultancy Services Ltd,Mar 2020,IT Services,return_on_equity_pct,38.56952666238737,0.864406779661017
TCS,Tata Consultancy Services Ltd,Mar 2021,IT Services,return_on_equity_pct,37.67311096456215,0.8305084745762712
TCS,Tata Consultancy Services Ltd,Mar 2022,IT Services,return_on_equity_pct,43.13375739014349,0.9491525423728814
TCS,Tata Consultancy Services Ltd,Mar 2023,IT Services,return_on_equity_pct,46.7829337344068,0.9661016949152542
TCS,Tata Consultancy Services Ltd,Mar 2024,IT Services,return_on_equity_pct,50.944313673485176,0.9830508474576272
TCS,Tata Consultancy Services Ltd,TTM,IT Services,return_on_equity_pct,,
TECHM,Tech Mahindra Ltd,Mar 2013,IT Services,return_on_equity_pct,24.087725764835973,0.3728813559322034
TECHM,Tech Mahindra Ltd,Mar 2014,IT Services,return_on_equity_pct,33.34785449793073,0.7457627118644068
TECHM,Tech Mahindra Ltd,Mar 2015,IT Services,return_on_equity_pct,21.70966688438929,0.22033898305084745
TECHM,Tech Mahindra Ltd,Mar 2016,IT Services,return_on_equity_pct,20.745665136042764,0.13559322033898305
TECHM,Tech Mahindra Ltd,Mar 2017,IT Services,return_on_equity_pct,17.34501429701284,0.03389830508474576
TECHM,Tech Mahindra Ltd,Mar 2018,IT Services,return_on_equity_pct,20.092341983760548,0.11864406779661017
TECHM,Tech Mahindra Ltd,Mar 2019,IT Services,return_on_equity_pct,21.143702243036728,0.1864406779661017
TECHM,Tech Mahindra Ltd,Mar 2020,IT Services,return_on_equity_pct,17.865493054600467,0.0847457627118644
TECHM,Tech Mahindra Ltd,Mar 2021,IT Services,return_on_equity_pct,17.506535290569072,0.06779661016949153
TECHM,Tech Mahindra Ltd,Mar 2022,IT Services,return_on_equity_pct,20.940266309603512,0.1694915254237288
TECHM,Tech Mahindra Ltd,Mar 2023,IT Services,return_on_equity_pct,17.3936398796734,0.05084745762711865
TECHM,Tech Mahindra Ltd,Mar 2024,IT Services,return_on_equity_pct,8.987963553189097,0.01694915254237288
TECHM,Tech Mahindra Ltd,TTM,IT Services,return_on_equity_pct,,
HCLTECH,HCL Technologies Ltd,Jun 2013,IT Services,net_profit_margin_pct,15.792971345920801,0.4461538461538462
HCLTECH,HCL Technologies Ltd,Jun 2014,IT Services,net_profit_margin_pct,20.3086112493778,0.7846153846153846
HCLTECH,HCL Technologies Ltd,Jun 2015,IT Services,net_profit_margin_pct,20.004904498515028,0.7384615384615385
HCLTECH,HCL Technologies Ltd,Mar 2016 9m,IT Services,net_profit_margin_pct,17.992034943473794,0.5692307692307692
HCLTECH,HCL Technologies Ltd,Mar 2017,IT Services,net_profit_margin_pct,18.091994618230743,0.5846153846153846
HCLTECH,HCL Technologies Ltd,Mar 2018,IT Services,net_profit_margin_pct,17.24772093575115,0.5384615384615384
HCLTECH,HCL Technologies Ltd,Mar 2019,IT Services,net_profit_margin_pct,16.747480430933194,0.5076923076923077
HCLTECH,HCL Technologies Ltd,Mar 2020,IT Services,net_profit_margin_pct,15.644631841077594,0.4
HCLTECH,HCL Technologies Ltd,Mar 2021,IT Services,net_profit_margin_pct,14.817124132716009,0.3230769230769231
HCLTECH,HCL Technologies Ltd,Mar 2022,IT Services,net_profit_margin_pct,15.78849050215409,0.4307692307692308
HCLTECH,HCL Technologies Ltd,Mar 2023,IT Services,net_profit_margin_pct,14.631958681595963,0.2923076923076923
HCLTECH,HCL Technologies Ltd,Mar 2024,IT Services,net_profit_margin_pct,14.293122742532729,0.24615384615384617
HCLTECH,HCL Technologies Ltd,TTM,IT Services,net_profit_margin_pct,14.816838380684775,0.3076923076923077
INFY,Infosys Ltd,Mar 2013,IT Services,net_profit_margin_pct,23.366871530531323,0.9846153846153847
INFY,Infosys Ltd,Mar 2014,IT Services,net_profit_margin_pct,21.255460475136136,0.8615384615384616
INFY,Infosys Ltd,Mar 2015,IT Services,net_profit_margin_pct,23.20373600405109,0.9692307692307692
INFY,Infosys Ltd,Mar 2016,IT Services,net_profit_margin_pct,21.602793036626576,0.8923076923076924
INFY,Infosys Ltd,Mar 2017,IT Services,net_profit_margin_pct,20.958180012849716,0.8153846153846154
INFY,Infosys Ltd,Mar 2018,IT Services,net_profit_margin_pct,22.729077451008195,0.9538461538461539
INFY,Infosys Ltd,Mar 2019,IT Services,net_profit_margin_pct,18.639250075597218,0.6307692307692307
INFY,Infosys Ltd,Mar 2020,IT Services,net_profit_margin_pct,18.32670639160269,0.6153846153846154
INFY,Infosys Ltd,Mar 2021,IT Services,net_profit_margin_pct,19.331754120550997,0.6923076923076923
INFY,Infosys Ltd,Mar 2022,IT Services,net_profit_margin_pct,18.20603250548746,0.6
INFY,Infosys Ltd,Mar 2023,IT Services,net_profit_margin_pct,16.426035825492104,0.49230769230769234
INFY,Infosys Ltd,Mar 2024,IT Services,net_profit_margin_pct,17.08075746730006,0.5230769230769231
INFY,Infosys Ltd,TTM,IT Services,net_profit_margin_pct,17.30567292546941,0.5538461538461539
LTIM,LTIMindtree Ltd,Mar 2013,IT Services,net_profit_margin_pct,14.593612048818489,0.27692307692307694
LTIM,LTIMindtree Ltd,Mar 2014,IT Services,net_profit_margin_pct,20.243902439024392,0.7692307692307693
LTIM,LTIMindtree Ltd,Mar 2015,IT Services,net_profit_margin_pct,15.447971072719968,0.38461538461538464
LTIM,LTIMindtree Ltd,Mar 2016,IT Services,net_profit_margin_pct,14.300376325692781,0.26153846153846155
LTIM,LTIMindtree Ltd,Mar 2017,IT Services,net_profit_margin_pct,14.936163667128133,0.3384615384615385
LTIM,LTIMindtree Ltd,Mar 2018,IT Services,net_profit_margin_pct,15.22036682179031,0.36923076923076925
LTIM,LTIMindtree Ltd,Mar 2019,IT Services,net_profit_margin_pct,16.049121321194157,0.46153846153846156
LTIM,LTIMindtree Ltd,Mar 2020,IT Services,net_profit_margin_pct,13.971872414744002,0.23076923076923078
LTIM,LTIMindtree Ltd,Mar 2021,IT Services,net_profit_margin_pct,15.666936135812449,0.4153846153846154
LTIM,LTIMindtree Ltd,Mar 2022,IT Services,net_profit_margin_pct,15.128882760733847,0.35384615384615387
LTIM,LTIMindtree Ltd,Mar 2023,IT Services,net_profit_margin_pct,13.289937618660158,0.2153846153846154
LTIM,LTIMindtree Ltd,Mar 2024,IT Services,net_profit_margin_pct,12.90931103415266,0.2
LTIM,LTIMindtree Ltd,TTM,IT Services,net_profit_margin_pct,12.319211398098522,0.15384615384615385
TCS,Tata Consultancy Services Ltd,Mar 2013,IT Services,net_profit_margin_pct,22.346758957913288,0.9230769230769231
TCS,Tata Consultancy Services Ltd,Mar 2014,IT Services,net_profit_margin_pct,23.630651884267014,1.0
TCS,Tata Consultancy Services Ltd,Mar 2015,IT Services,net_profit_margin_pct,21.194320006761895,0.8461538461538461
TCS,Tata Consultancy Services Ltd,Mar 2016,IT Services,net_profit_margin_pct,22.401192864900686,0.9384615384615385
TCS,Tata Consultancy Services Ltd,Mar 2017,IT Services,net_profit_margin_pct,22.342878456504415,0.9076923076923077
TCS,Tata Consultancy Services Ltd,Mar 2018,IT Services,net_profit_margin_pct,21.02287496750715,0.8307692307692308
TCS,Tata Consultancy Services Ltd,Mar 2019,IT Services,net_profit_margin_pct,21.549469831971216,0.8769230769230769
TCS,Tata Consultancy Services Ltd,Mar 2020,IT Services,net_profit_margin_pct,20.673594607165384,0.8
TCS,Tata Consultancy Services Ltd,Mar 2021,IT Services,net_profit_margin_pct,19.833472410873632,0.7230769230769231
TCS,Tata Consultancy Services Ltd,Mar 2022,IT Services,net_profit_margin_pct,20.051211448001087,0.7538461538461538
TCS,Tata Consultancy Services Ltd,Mar 2023,IT Services,net_profit_margin_pct,18.763139919630266,0.6461538461538462
TCS,Tata Consultancy Services Ltd,Mar 2024,IT Services,net_profit_margin_pct,19.136712150207767,0.676923076923077
TCS,Tata Consultancy Services Ltd,TTM,IT Services,net_profit_margin_pct,19.440499519997463,0.7076923076923077
TECHM,Tech Mahindra Ltd,Mar 2013,IT Services,net_profit_margin_pct,19.01644114651535,0.6615384615384615
TECHM,Tech Mahindra Ltd,Mar 2014,IT Services,net_profit_margin_pct,16.28550154238911,0.47692307692307695
TECHM,Tech Mahindra Ltd,Mar 2015,IT Services,net_profit_margin_pct,11.754564342867248,0.12307692307692308
TECHM,Tech Mahindra Ltd,Mar 2016,IT Services,net_profit_margin_pct,11.425228353589493,0.09230769230769231
TECHM,Tech Mahindra Ltd,Mar 2017,IT Services,net_profit_margin_pct,9.783466593459387,0.06153846153846154
TECHM,Tech Mahindra Ltd,Mar 2018,IT Services,net_profit_margin_pct,12.302992883371786,0.13846153846153847
TECHM,Tech Mahindra Ltd,Mar 2019,IT Services,net_profit_margin_pct,12.345288123884636,0.16923076923076924
TECHM,Tech Mahindra Ltd,Mar 2020,IT Services,net_profit_margin_pct,10.570142128675274,0.07692307692307693
TECHM,Tech Mahindra Ltd,Mar 2021,IT Services,net_profit_margin_pct,11.499141460837405,0.1076923076923077
TECHM,Tech Mahindra Ltd,Mar 2022,IT Services,net_profit_margin_pct,12.610312234018725,0.18461538461538463
TECHM,Tech Mahindra Ltd,Mar 2023,IT Services,net_profit_margin_pct,9.11428035278664,0.046153846153846156
TECHM,Tech Mahindra Ltd,Mar 2024,IT Services,net_profit_margin_pct,4.60996999769213,0.015384615384615385
TECHM,Tech Mahindra Ltd,TTM,IT Services,net_profit_margin_pct,7.193764768656148,0.03076923076923077
HCLTECH,HCL Technologies Ltd,Jun 2013,IT Services,debt_to_equity,0.07930720145852324,0.4576271186440678
HCLTECH,HCL Technologies Ltd,Jun 2014,IT Services,debt_to_equity,0.05207161125319693,0.5932203389830508
HCLTECH,HCL Technologies Ltd,Jun 2015,IT Services,debt_to_equity,0.026750330250990752,0.6271186440677966
HCLTECH,HCL Technologies Ltd,Mar 2016 9m,IT Services,debt_to_equity,,
HCLTECH,HCL Technologies Ltd,Mar 2017,IT Services,debt_to_equity,0.01766366202312665,0.6779661016949152
HCLTECH,HCL Technologies Ltd,Mar 2018,IT Services,debt_to_equity,0.015308085527400648,0.6949152542372881
HCLTECH,HCL Technologies Ltd,Mar 2019,IT Services,debt_to_equity,0.10141178745829908,0.22033898305084743
HCLTECH,HCL Technologies Ltd,Mar 2020,IT Services,debt_to_equity,0.15577271929311254,0.06779661016949157
HCLTECH,HCL Technologies Ltd,Mar 2021,IT Services,debt_to_equity,0.11456612087526914,0.11864406779661019
HCLTECH,HCL Technologies Ltd,Mar 2022,IT Services,debt_to_equity,0.10244855767677746,0.2033898305084746
HCLTECH,HCL Technologies Ltd,Mar 2023,IT Services,debt_to_equity,0.07329714853604465,0.4915254237288136
HCLTECH,HCL Technologies Ltd,Mar 2024,IT Services,debt_to_equity,0.08435023365512796,0.423728813559322
HCLTECH,HCL Technologies Ltd,TTM,IT Services,debt_to_equity,,
INFY,Infosys Ltd,Mar 2013,IT Services,debt_to_equity,0.0,0.9067796610169492
INFY,Infosys Ltd,Mar 2014,IT Services,debt_to_equity,0.0,0.9067796610169492
INFY,Infosys Ltd,Mar 2015,IT Services,debt_to_equity,0.0,0.9067796610169492
INFY,Infosys Ltd,Mar 2016,IT Services,debt_to_equity,0.0,0.9067796610169492
INFY,Infosys Ltd,Mar 2017,IT Services,debt_to_equity,0.0,0.9067796610169492
INFY,Infosys Ltd,Mar 2018,IT Services,debt_to_equity,0.0,0.9067796610169492
INFY,Infosys Ltd,Mar 2019,IT Services,debt_to_equity,0.0,0.9067796610169492
INFY,Infosys Ltd,Mar 2020,IT Services,debt_to_equity,0.0707868601986249,0.5254237288135593
INFY,Infosys Ltd,Mar 2021,IT Services,debt_to_equity,0.06974368377624393,0.5423728813559322
INFY,Infosys Ltd,Mar 2022,IT Services,debt_to_equity,0.07264764432647644,0.5084745762711864
INFY,Infosys Ltd,Mar 2023,IT Services,debt_to_equity,0.11005609558794277,0.13559322033898302
INFY,Infosys Ltd,Mar 2024,IT Services,debt_to_equity,0.09486358890553362,0.3220338983050848
INFY,Infosys Ltd,TTM,IT Services,debt_to_equity,,
LTIM,LTIMindtree Ltd,Mar 2013,IT Services,debt_to_equity,0.17475728155339806,0.016949152542372836
LTIM,LTIMindtree Ltd,Mar 2014,IT Services,debt_to_equity,0.06832298136645963,0.5593220338983051
LTIM,LTIMindtree Ltd,Mar 2015,IT Services,debt_to_equity,0.10760118460019744,0.1694915254237288
LTIM,LTIMindtree Ltd,Mar 2016,IT Services,debt_to_equity,0.02588235294117647,0.6440677966101696
LTIM,LTIMindtree Ltd,Mar 2017,IT Services,debt_to_equity,0.0,0.9067796610169492
LTIM,LTIMindtree Ltd,Mar 2018,IT Services,debt_to_equity,0.0,0.9067796610169492
LTIM,LTIMindtree Ltd,Mar 2019,IT Services,debt_to_equity,0.0,0.9067796610169492
LTIM,LTIMindtree Ltd,Mar 2020,IT Services,debt_to_equity,0.1687638786084382,0.03389830508474578
LTIM,LTIMindtree Ltd,Mar 2021,IT Services,debt_to_equity,0.1092552026286966,0.15254237288135597
LTIM,LTIMindtree Ltd,Mar 2022,IT Services,debt_to_equity,0.018057110862262037,0.6610169491525424
LTIM,LTIMindtree Ltd,Mar 2023,IT Services,debt_to_equity,0.09287608486017358,0.3389830508474576
LTIM,LTIMindtree Ltd,Mar 2024,IT Services,debt_to_equity,0.10345688880007993,0.18644067796610164
LTIM,LTIMindtree Ltd,TTM,IT Services,debt_to_equity,,
TCS,Tata Consultancy Services Ltd,Mar 2013,IT Services,debt_to_equity,0.008613085663882115,0.711864406779661
TCS,Tata Consultancy Services Ltd,Mar 2014,IT Services,debt_to_equity,0.006037198902327472,0.7457627118644068
TCS,Tata Consultancy Services Ltd,Mar 2015,IT Services,debt_to_equity,0.007070208353905401,0.728813559322034
TCS,Tata Consultancy Services Ltd,Mar 2016,IT Services,debt_to_equity,0.0034472084646555608,0.7627118644067796
TCS,Tata Consultancy Services Ltd,Mar 2017,IT Services,debt_to_equity,0.003352123785000116,0.7796610169491526
TCS,Tata Consultancy Services Ltd,Mar 2018,IT Services,debt_to_equity,0.002901513015694014,0.7966101694915254
TCS,Tata Consultancy Services Ltd,Mar 2019,IT Services,debt_to_equity,0.000693155646982537,0.8135593220338984
TCS,Tata Consultancy Services Ltd,Mar 2020,IT Services,debt_to_equity,0.09716377814231035,0.288135593220339
TCS,Tata Consultancy Services Ltd,Mar 2021,IT Services,debt_to_equity,0.09018546157139055,0.35593220338983056
TCS,Tata Consultancy Services Ltd,Mar 2022,IT Services,debt_to_equity,0.08770571803587655,0.38983050847457623
TCS,Tata Consultancy Services Ltd,Mar 2023,IT Services,debt_to_equity,0.08502167566132886,0.4067796610169492
TCS,Tata Consultancy Services Ltd,Mar 2024,IT Services,debt_to_equity,0.0886406082507266,0.3728813559322034
TCS,Tata Consultancy Services Ltd,TTM,IT Services,debt_to_equity,,
TECHM,Tech Mahindra Ltd,Mar 2013,IT Services,debt_to_equity,0.25433099889421307,0.0
TECHM,Tech Mahindra Ltd,Mar 2014,IT Services,debt_to_equity,0.03953387061642344,0.6101694915254237
TECHM,Tech Mahindra Ltd,Mar 2015,IT Services,debt_to_equity,0.057152188112344876,0.576271186440678
TECHM,Tech Mahindra Ltd,Mar 2016,IT Services,debt_to_equity,0.07477211979987664,0.47457627118644063
TECHM,Tech Mahindra Ltd,Mar 2017,IT Services,debt_to_equity,0.08310518951146803,0.44067796610169496
TECHM,Tech Mahindra Ltd,Mar 2018,IT Services,debt_to_equity,0.12720904314599585,0.0847457627118644
TECHM,Tech Mahindra Ltd,Mar 2019,IT Services,debt_to_equity,0.09839783090953907,0.23728813559322037
TECHM,Tech Mahindra Ltd,Mar 2020,IT Services,debt_to_equity,0.16824829230275523,0.05084745762711862
TECHM,Tech Mahindra Ltd,Mar 2021,IT Services,debt_to_equity,0.11667001809772773,0.10169491525423724
TECHM,Tech Mahindra Ltd,Mar 2022,IT Services,debt_to_equity,0.09737409804359146,0.27118644067796616
TECHM,Tech Mahindra Ltd,Mar 2023,IT Services,debt_to_equity,0.09812347801174617,0.2542372881355932
TECHM,Tech Mahindra Ltd,Mar 2024,IT Services,debt_to_equity,0.09512917619708275,0.30508474576271183
TECHM,Tech Mahindra Ltd,TTM,IT Services,debt_to_equity,,
HCLTECH,HCL Technologies Ltd,Jun 2013,IT Services,interest_coverage,56.716981132075475,0.4262295081967213
HCLTECH,HCL Technologies Ltd,Jun 2014,IT Services,interest_coverage,76.42105263157895,0.5245901639344263
HCLTECH,HCL Technologies Ltd,Jun 2015,IT Services,interest_coverage,105.62637362637362,0.6721311475409836
HCLTECH,HCL Technologies Ltd,Mar 2016 9m,IT Services,interest_coverage,101.6891891891892,0.639344262295082
HCLTECH,HCL Technologies Ltd,Mar 2017,IT Services,interest_coverage,128.75280898876406,0.7049180327868853
HCLTECH,HCL Technologies Ltd,Mar 2018,IT Services,interest_coverage,180.81159420289856,0.7868852459016393
HCLTECH,HCL Technologies Ltd,Mar 2019,IT Services,interest_coverage,85.45402298850574,0.5573770491803278
HCLTECH,HCL Technologies Ltd,Mar 2020,IT Services,interest_coverage,35.45544554455446,0.14754098360655737
HCLTECH,HCL Technologies Ltd,Mar 2021,IT Services,interest_coverage,41.04696673189824,0.21311475409836064
HCLTECH,HCL Technologies Ltd,Mar 2022,IT Services,interest_coverage,67.69905956112852,0.45901639344262296
HCLTECH,HCL Technologies Ltd,Mar 2023,IT Services,interest_coverage,67.94900849858357,0.47540983606557374
HCLTECH,HCL Technologies Ltd,Mar 2024,IT Services,interest_coverage,46.46112115732369,0.3114754098360656
HCLTECH,HCL Technologies Ltd,TTM,IT Services,interest_coverage,41.867981790591806,0.22950819672131148
INFY,Infosys Ltd,Mar 2013,IT Services,interest_coverage,2780.6,1.0
INFY,Infosys Ltd,Mar 2014,IT Services,interest_coverage,1783.7777777777778,0.9836065573770492
INFY,Infosys Ltd,Mar 2015,IT Services,interest_coverage,1526.0833333333333,0.9672131147540983
INFY,Infosys Ltd,Mar 2016,IT Services,interest_coverage,,
INFY,Infosys Ltd,Mar 2017,IT Services,interest_coverage,,
INFY,Infosys Ltd,Mar 2018,IT Services,interest_coverage,,
INFY,Infosys Ltd,Mar 2019,IT Services,interest_coverage,,
INFY,Infosys Ltd,Mar 2020,IT Services,interest_coverage,147.47058823529412,0.7377049180327869
INFY,Infosys Ltd,Mar 2021,IT Services,interest_coverage,154.30769230769232,0.7540983606557377
INFY,Infosys Ltd,Mar 2022,IT Services,interest_coverage,168.93,0.7704918032786885
INFY,Infosys Ltd,Mar 2023,IT Services,interest_coverage,133.20774647887325,0.7213114754098361
INFY,Infosys Ltd,Mar 2024,IT Services,interest_coverage,87.52340425531915,0.5901639344262295
INFY,Infosys Ltd,TTM,IT Services,interest_coverage,102.08254716981132,0.6557377049180327
LTIM,LTIMindtree Ltd,Mar 2013,IT Services,interest_coverage,42.476190476190474,0.2459016393442623
LTIM,LTIMindtree Ltd,Mar 2014,IT Services,interest_coverage,44.0,0.2786885245901639
LTIM,LTIMindtree Ltd,Mar 2015,IT Services,interest_coverage,110.4,0.6885245901639344
LTIM,LTIMindtree Ltd,Mar 2016,IT Services,interest_coverage,202.5,0.819672131147541
LTIM,LTIMindtree Ltd,Mar 2017,IT Services,interest_coverage,472.3333333333333,0.8852459016393442
LTIM,LTIMindtree Ltd,Mar 2018,IT Services,interest_coverage,100.8125,0.6229508196721312
LTIM,LTIMindtree Ltd,Mar 2019,IT Services,interest_coverage,198.63636363636363,0.8032786885245902
LTIM,LTIMindtree Ltd,Mar 2020,IT Services,interest_coverage,28.40963855421687,0.09836065573770492
LTIM,LTIMindtree Ltd,Mar 2021,IT Services,interest_coverage,37.962025316455694,0.18032786885245902
LTIM,LTIMindtree Ltd,Mar 2022,IT Services,interest_coverage,48.90243902439025,0.3442622950819672
LTIM,LTIMindtree Ltd,Mar 2023,IT Services,interest_coverage,44.43333333333333,0.29508196721311475
LTIM,LTIMindtree Ltd,Mar 2024,IT Services,interest_coverage,31.93243243243243,0.11475409836065574
LTIM,LTIMindtree Ltd,TTM,IT Services,interest_coverage,26.357142857142858,0.06557377049180328
TCS,Tata Consultancy Services Ltd,Mar 2013,IT Services,interest_coverage,400.375,0.8688524590163934
TCS,Tata Consultancy Services Ltd,Mar 2014,IT Services,interest_coverage,686.9230769230769,0.9016393442622951
TCS,Tata Consultancy Services Ltd,Mar 2015,IT Services,interest_coverage,271.1730769230769,0.8524590163934426
TCS,Tata Consultancy Services Ltd,Mar 2016,IT Services,interest_coverage,1023.060606060606,0.9344262295081968
TCS,Tata Consultancy Services Ltd,Mar 2017,IT Services,interest_coverage,1141.625,0.9508196721311475
TCS,Tata Consultancy Services Ltd,Mar 2018,IT Services,interest_coverage,695.3461538461538,0.9180327868852459
TCS,Tata Consultancy Services Ltd,Mar 2019,IT Services,interest_coverage,221.2979797979798,0.8360655737704918
TCS,Tata Consultancy Services Ltd,Mar 2020,IT Services,interest_coverage,50.54220779220779,0.36065573770491804
TCS,Tata Consultancy Services Ltd,Mar 2021,IT Services,interest_coverage,76.0784929356358,0.5081967213114754
TCS,Tata Consultancy Services Ltd,Mar 2022,IT Services,interest_coverage,72.79974489795919,0.4918032786885246
TCS,Tata Consultancy Services Ltd,Mar 2023,IT Services,interest_coverage,80.49807445442876,0.5409836065573771
TCS,Tata Consultancy Services Ltd,Mar 2024,IT Services,interest_coverage,87.09511568123393,0.5737704918032787
TCS,Tata Consultancy Services Ltd,TTM,IT Services,interest_coverage,90.16603773584906,0.6065573770491803
TECHM,Tech Mahindra Ltd,Mar 2013,IT Services,interest_coverage,12.436893203883495,0.01639344262295082
TECHM,Tech Mahindra Ltd,Mar 2014,IT Services,interest_coverage,55.2,0.39344262295081966
TECHM,Tech Mahindra Ltd,Mar 2015,IT Services,interest_coverage,62.30434782608695,0.4426229508196721
TECHM,Tech Mahindra Ltd,Mar 2016,IT Services,interest_coverage,48.58762886597938,0.32786885245901637
TECHM,Tech Mahindra Ltd,Mar 2017,IT Services,interest_coverage,38.44186046511628,0.19672131147540983
TECHM,Tech Mahindra Ltd,Mar 2018,IT Services,interest_coverage,37.82098765432099,0.16393442622950818
TECHM,Tech Mahindra Ltd,Mar 2019,IT Services,interest_coverage,51.16541353383459,0.3770491803278688
TECHM,Tech Mahindra Ltd,Mar 2020,IT Services,interest_coverage,34.869791666666664,0.13114754098360656
TECHM,Tech Mahindra Ltd,Mar 2021,IT Services,interest_coverage,43.58620689655172,0.26229508196721313
TECHM,Tech Mahindra Ltd,Mar 2022,IT Services,interest_coverage,56.04294478527607,0.4098360655737705
TECHM,Tech Mahindra Ltd,Mar 2023,IT Services,interest_coverage,26.773006134969325,0.08196721311475409
TECHM,Tech Mahindra Ltd,Mar 2024,IT Services,interest_coverage,13.85969387755102,0.03278688524590164
TECHM,Tech Mahindra Ltd,TTM,IT Services,interest_coverage,24.728813559322035,0.04918032786885246
HCLTECH,HCL Technologies Ltd,Jun 2013,IT Services,asset_turnover,1.1420599133889906,0.5084745762711864
HCLTECH,HCL Technologies Ltd,Jun 2014,IT Services,asset_turnover,1.0721814543028685,0.4067796610169492
HCLTECH,HCL Technologies Ltd,Jun 2015,IT Services,asset_turnover,1.0413108242303872,0.3559322033898305
HCLTECH,HCL Technologies Ltd,Mar 2016 9m,IT Services,asset_turnover,,
HCLTECH,HCL Technologies Ltd,Mar 2017,IT Services,asset_turnover,1.039465058345352,0.3389830508474576
HCLTECH,HCL Technologies Ltd,Mar 2018,IT Services,asset_turnover,1.0537623205317885,0.3898305084745763
HCLTECH,HCL Technologies Ltd,Mar 2019,IT Services,asset_turnover,1.035613292430033,0.3050847457627119
HCLTECH,HCL Technologies Ltd,Mar 2020,IT Services,asset_turnover,0.8533790555307357,0.0847457627118644
HCLTECH,HCL Technologies Ltd,Mar 2021,IT Services,asset_turnover,0.8760212442037492,0.11864406779661017
HCLTECH,HCL Technologies Ltd,Mar 2022,IT Services,asset_turnover,0.9632257846852824,0.2033898305084746
HCLTECH,HCL Technologies Ltd,Mar 2023,IT Services,asset_turnover,1.088,0.423728813559322
HCLTECH,HCL Technologies Ltd,Mar 2024,IT Services,asset_turnover,1.1101650405025958,0.4406779661016949
HCLTECH,HCL Technologies Ltd,TTM,IT Services,asset_turnover,,
INFY,Infosys Ltd,Mar 2013,IT Services,asset_turnover,0.8720043219881145,0.1016949152542373
INFY,Infosys Ltd,Mar 2014,IT Services,asset_turnover,0.8800512586455078,0.13559322033898305
INFY,Infosys Ltd,Mar 2015,IT Services,asset_turnover,0.804341595136448,0.03389830508474576
INFY,Infosys Ltd,Mar 2016,IT Services,asset_turnover,0.8314602253056007,0.06779661016949153
INFY,Infosys Ltd,Mar 2017,IT Services,asset_turnover,0.8236397748592871,0.05084745762711865
INFY,Infosys Ltd,Mar 2018,IT Services,asset_turnover,0.888757262221326,0.15254237288135594
INFY,Infosys Ltd,Mar 2019,IT Services,asset_turnover,0.9834534770299527,0.22033898305084745
INFY,Infosys Ltd,Mar 2020,IT Services,asset_turnover,0.98900871459695,0.2542372881355932
INFY,Infosys Ltd,Mar 2021,IT Services,asset_turnover,0.9345276297309113,0.1694915254237288
INFY,Infosys Ltd,Mar 2022,IT Services,asset_turnover,1.0420803742000702,0.3728813559322034
INFY,Infosys Ltd,Mar 2023,IT Services,asset_turnover,1.1779431121384314,0.6101694915254238
INFY,Infosys Ltd,Mar 2024,IT Services,asset_turnover,1.129760329363329,0.4745762711864407
INFY,Infosys Ltd,TTM,IT Services,asset_turnover,,
LTIM,LTIMindtree Ltd,Mar 2013,IT Services,asset_turnover,1.654209621993127,0.9322033898305084
LTIM,LTIMindtree Ltd,Mar 2014,IT Services,asset_turnover,1.8454613653413354,0.9830508474576272
LTIM,LTIMindtree Ltd,Mar 2015,IT Services,asset_turnover,1.671591672263264,0.9661016949152542
LTIM,LTIMindtree Ltd,Mar 2016,IT Services,asset_turnover,1.8635639145680587,1.0
LTIM,LTIMindtree Ltd,Mar 2017,IT Services,asset_turnover,1.4718134480416571,0.8983050847457628
LTIM,LTIMindtree Ltd,Mar 2018,IT Services,asset_turnover,1.3689338579726438,0.847457627118644
LTIM,LTIMindtree Ltd,Mar 2019,IT Services,asset_turnover,1.4174669867947178,0.8813559322033898
LTIM,LTIMindtree Ltd,Mar 2020,IT Services,asset_turnover,1.2341463414634146,0.711864406779661
LTIM,LTIMindtree Ltd,Mar 2021,IT Services,asset_turnover,1.1554268634410612,0.5423728813559322
LTIM,LTIMindtree Ltd,Mar 2022,IT Services,asset_turnover,1.2691522457709508,0.7457627118644068
LTIM,LTIMindtree Ltd,Mar 2023,IT Services,asset_turnover,1.4131851284016865,0.864406779661017
LTIM,LTIMindtree Ltd,Mar 2024,IT Services,asset_turnover,1.2894641301190821,0.7796610169491526
LTIM,LTIMindtree Ltd,TTM,IT Services,asset_turnover,,
TCS,Tata Consultancy Services Ltd,Mar 2013,IT Services,asset_turnover,1.2129130401294,0.6610169491525424
TCS,Tata Consultancy Services Ltd,Mar 2014,IT Services,asset_turnover,1.224154184560595,0.6779661016949152
TCS,Tata Consultancy Services Ltd,Mar 2015,IT Services,asset_turnover,1.2909244660247143,0.7966101694915254
TCS,Tata Consultancy Services Ltd,Mar 2016,IT Services,asset_turnover,1.23054444960415,0.6949152542372882
TCS,Tata Consultancy Services Ltd,Mar 2017,IT Services,asset_turnover,1.152765969921726,0.5254237288135594
TCS,Tata Consultancy Services Ltd,Mar 2018,IT Services,asset_turnover,1.1710138310218214,0.576271186440678
TCS,Tata Consultancy Services Ltd,Mar 2019,IT Services,asset_turnover,1.2858798430215714,0.7627118644067796
TCS,Tata Consultancy Services Ltd,Mar 2020,IT Services,asset_turnover,1.3065255937466183,0.8135593220338984
TCS,Tata Consultancy Services Ltd,Mar 2021,IT Services,asset_turnover,1.2629777217059512,0.7288135593220338
TCS,Tata Consultancy Services Ltd,Mar 2022,IT Services,asset_turnover,1.3606908688371038,0.8305084745762712
TCS,Tata Consultancy Services Ltd,Mar 2023,IT Services,asset_turnover,1.5781854835887132,0.9152542372881356
TCS,Tata Consultancy Services Ltd,Mar 2024,IT Services,asset_turnover,1.6559406621205455,0.9491525423728814
TCS,Tata Consultancy Services Ltd,TTM,IT Services,asset_turnover,,
TECHM,Tech Mahindra Ltd,Mar 2013,IT Services,asset_turnover,0.765026714158504,0.01694915254237288
TECHM,Tech Mahindra Ltd,Mar 2014,IT Services,asset_turnover,1.1795483061480552,0.6271186440677966
TECHM,Tech Mahindra Ltd,Mar 2015,IT Services,asset_turnover,1.1397118097541314,0.4915254237288136
TECHM,Tech Mahindra Ltd,Mar 2016,IT Services,asset_turnover,1.176204217536071,0.5932203389830508
TECHM,Tech Mahindra Ltd,Mar 2017,IT Services,asset_turnover,1.1183559120389914,0.4576271186440678
TECHM,Tech Mahindra Ltd,Mar 2018,IT Services,asset_turnover,1.0112385396470704,0.288135593220339
TECHM,Tech Mahindra Ltd,Mar 2019,IT Services,asset_turnover,1.0387490282843987,0.3220338983050847
TECHM,Tech Mahindra Ltd,Mar 2020,IT Services,asset_turnover,0.9879414759633421,0.23728813559322035
TECHM,Tech Mahindra Ltd,Mar 2021,IT Services,asset_turnover,0.9558860663602848,0.1864406779661017
TECHM,Tech Mahindra Ltd,Mar 2022,IT Services,asset_turnover,1.0051783141210375,0.2711864406779661
TECHM,Tech Mahindra Ltd,Mar 2023,IT Services,asset_turnover,1.162851594038449,0.559322033898305
TECHM,Tech Mahindra Ltd,Mar 2024,IT Services,asset_turnover,1.2050337203643189,0.6440677966101694
TECHM,Tech Mahindra Ltd,TTM,IT Services,asset_turnover,,
HCLTECH,HCL Technologies Ltd,Jun 2013,IT Services,free_cash_flow_cr,2131.0,0.3559322033898305
HCLTECH,HCL Technologies Ltd,Jun 2014,IT Services,free_cash_flow_cr,1615.0,0.288135593220339
HCLTECH,HCL Technologies Ltd,Jun 2015,IT Services,free_cash_flow_cr,3451.0,0.423728813559322
HCLTECH,HCL Technologies Ltd,Mar 2016 9m,IT Services,free_cash_flow_cr,,
HCLTECH,HCL Technologies Ltd,Mar 2017,IT Services,free_cash_flow_cr,5105.0,0.4745762711864407
HCLTECH,HCL Technologies Ltd,Mar 2018,IT Services,free_cash_flow_cr,6092.0,0.5932203389830508
HCLTECH,HCL Technologies Ltd,Mar 2019,IT Services,free_cash_flow_cr,5715.0,0.559322033898305
HCLTECH,HCL Technologies Ltd,Mar 2020,IT Services,free_cash_flow_cr,1027.0,0.23728813559322035
HCLTECH,HCL Technologies Ltd,Mar 2021,IT Services,free_cash_flow_cr,13953.0,0.6779661016949152
HCLTECH,HCL Technologies Ltd,Mar 2022,IT Services,free_cash_flow_cr,18497.0,0.847457627118644
HCLTECH,HCL Technologies Ltd,Mar 2023,IT Services,free_cash_flow_cr,14436.0,0.7288135593220338
HCLTECH,HCL Technologies Ltd,Mar 2024,IT Services,free_cash_flow_cr,15840.0,0.7457627118644068
HCLTECH,HCL Technologies Ltd,TTM,IT Services,free_cash_flow_cr,,
INFY,Infosys Ltd,Mar 2013,IT Services,free_cash_flow_cr,4451.0,0.4406779661016949
INFY,Infosys Ltd,Mar 2014,IT Services,free_cash_flow_cr,7262.0,0.6101694915254238
INFY,Infosys Ltd,Mar 2015,IT Services,free_cash_flow_cr,9352.0,0.6610169491525424
INFY,Infosys Ltd,Mar 2016,IT Services,free_cash_flow_cr,9143.0,0.6440677966101694
INFY,Infosys Ltd,Mar 2017,IT Services,free_cash_flow_cr,-3133.0,0.01694915254237288
INFY,Infosys Ltd,Mar 2018,IT Services,free_cash_flow_cr,17751.0,0.8305084745762712
INFY,Infosys Ltd,Mar 2019,IT Services,free_cash_flow_cr,14209.0,0.711864406779661
INFY,Infosys Ltd,Mar 2020,IT Services,free_cash_flow_cr,16672.0,0.7796610169491526
INFY,Infosys Ltd,Mar 2021,IT Services,free_cash_flow_cr,15851.0,0.7627118644067796
INFY,Infosys Ltd,Mar 2022,IT Services,free_cash_flow_cr,17400.0,0.7966101694915254
INFY,Infosys Ltd,Mar 2023,IT Services,free_cash_flow_cr,21396.0,0.8813559322033898
INFY,Infosys Ltd,Mar 2024,IT Services,free_cash_flow_cr,20117.0,0.864406779661017
INFY,Infosys Ltd,TTM,IT Services,free_cash_flow_cr,,
LTIM,LTIMindtree Ltd,Mar 2013,IT Services,free_cash_flow_cr,384.0,0.0847457627118644
LTIM,LTIMindtree Ltd,Mar 2014,IT Services,free_cash_flow_cr,808.0,0.1864406779661017
LTIM,LTIMindtree Ltd,Mar 2015,IT Services,free_cash_flow_cr,539.0,0.11864406779661017
LTIM,LTIMindtree Ltd,Mar 2016,IT Services,free_cash_flow_cr,818.0,0.2033898305084746
LTIM,LTIMindtree Ltd,Mar 2017,IT Services,free_cash_flow_cr,209.0,0.03389830508474576
LTIM,LTIMindtree Ltd,Mar 2018,IT Services,free_cash_flow_cr,392.0,0.1016949152542373
LTIM,LTIMindtree Ltd,Mar 2019,IT Services,free_cash_flow_cr,646.0,0.15254237288135594
LTIM,LTIMindtree Ltd,Mar 2020,IT Services,free_cash_flow_cr,1001.0,0.22033898305084745
LTIM,LTIMindtree Ltd,Mar 2021,IT Services,free_cash_flow_cr,743.0,0.1694915254237288
LTIM,LTIMindtree Ltd,Mar 2022,IT Services,free_cash_flow_cr,1608.0,0.2711864406779661
LTIM,LTIMindtree Ltd,Mar 2023,IT Services,free_cash_flow_cr,2824.0,0.4067796610169492
LTIM,LTIMindtree Ltd,Mar 2024,IT Services,free_cash_flow_cr,1752.0,0.3220338983050847
LTIM,LTIMindtree Ltd,TTM,IT Services,free_cash_flow_cr,,
TCS,Tata Consultancy Services Ltd,Mar 2013,IT Services,free_cash_flow_cr,5577.0,0.5423728813559322
TCS,Tata Consultancy Services Ltd,Mar 2014,IT Services,free_cash_flow_cr,5299.0,0.4915254237288136
TCS,Tata Consultancy Services Ltd,Mar 2015,IT Services,free_cash_flow_cr,17562.0,0.8135593220338984
TCS,Tata Consultancy Services Ltd,Mar 2016,IT Services,free_cash_flow_cr,14099.0,0.6949152542372882
TCS,Tata Consultancy Services Ltd,Mar 2017,IT Services,free_cash_flow_cr,8328.0,0.6271186440677966
TCS,Tata Consultancy Services Ltd,Mar 2018,IT Services,free_cash_flow_cr,28171.0,0.8983050847457628
TCS,Tata Consultancy Services Ltd,Mar 2019,IT Services,free_cash_flow_cr,30238.0,0.9152542372881356
TCS,Tata Consultancy Services Ltd,Mar 2020,IT Services,free_cash_flow_cr,41337.0,0.9661016949152542
TCS,Tata Consultancy Services Ltd,Mar 2021,IT Services,free_cash_flow_cr,30846.0,0.9322033898305084
TCS,Tata Consultancy Services Ltd,Mar 2022,IT Services,free_cash_flow_cr,39211.0,0.9491525423728814
TCS,Tata Consultancy Services Ltd,Mar 2023,IT Services,free_cash_flow_cr,42513.0,0.9830508474576272
TCS,Tata Consultancy Services Ltd,Mar 2024,IT Services,free_cash_flow_cr,50429.0,1.0
TCS,Tata Consultancy Services Ltd,TTM,IT Services,free_cash_flow_cr,,
TECHM,Tech Mahindra Ltd,Mar 2013,IT Services,free_cash_flow_cr,233.0,0.05084745762711865
TECHM,Tech Mahindra Ltd,Mar 2014,IT Services,free_cash_flow_cr,1887.0,0.3389830508474576
TECHM,Tech Mahindra Ltd,Mar 2015,IT Services,free_cash_flow_cr,583.0,0.13559322033898305
TECHM,Tech Mahindra Ltd,Mar 2016,IT Services,free_cash_flow_cr,1684.0,0.3050847457627119
TECHM,Tech Mahindra Ltd,Mar 2017,IT Services,free_cash_flow_cr,1178.0,0.2542372881355932
TECHM,Tech Mahindra Ltd,Mar 2018,IT Services,free_cash_flow_cr,235.0,0.06779661016949153
TECHM,Tech Mahindra Ltd,Mar 2019,IT Services,free_cash_flow_cr,2328.0,0.3728813559322034
TECHM,Tech Mahindra Ltd,Mar 2020,IT Services,free_cash_flow_cr,5439.0,0.5254237288135594
TECHM,Tech Mahindra Ltd,Mar 2021,IT Services,free_cash_flow_cr,2661.0,0.3898305084745763
TECHM,Tech Mahindra Ltd,Mar 2022,IT Services,free_cash_flow_cr,5765.0,0.576271186440678
TECHM,Tech Mahindra Ltd,Mar 2023,IT Services,free_cash_flow_cr,5346.0,0.5084745762711864
TECHM,Tech Mahindra Ltd,Mar 2024,IT Services,free_cash_flow_cr,5058.0,0.4576271186440678
TECHM,Tech Mahindra Ltd,TTM,IT Services,free_cash_flow_cr,,
HDFCLIFE,HDFC Life Insurance Company Ltd,Mar 2013,Life Insurance,return_on_equity_pct,33.43305908750935,0.7857142857142857
HDFCLIFE,HDFC Life Insurance Company Ltd,Mar 2014,Life Insurance,return_on_equity_pct,37.60373443983403,0.8571428571428571
HDFCLIFE,HDFC Life Insurance Company Ltd,Mar 2015,Life Insurance,return_on_equity_pct,30.932703659976386,0.7142857142857143
HDFCLIFE,HDFC Life Insurance Company Ltd,Mar 2016,Life Insurance,return_on_equity_pct,26.32935868514341,0.6904761904761905
HDFCLIFE,HDFC Life Insurance Company Ltd,Mar 2017,Life Insurance,return_on_equity_pct,23.183481442760062,0.5952380952380952
HDFCLIFE,HDFC Life Insurance Company Ltd,Mar 2018,Life Insurance,return_on_equity_pct,23.52816153028693,0.6190476190476191
HDFCLIFE,HDFC Life Insurance Company Ltd,Mar 2019,Life Insurance,return_on_equity_pct,22.651542006380716,0.5476190476190477
HDFCLIFE,HDFC Life Insurance Company Ltd,Mar 2020,Life Insurance,return_on_equity_pct,19.05391508741002,0.47619047619047616
HDFCLIFE,HDFC Life Insurance Company Ltd,Mar 2021,Life Insurance,return_on_equity_pct,15.752314814814813,0.30952380952380953
HDFCLIFE,HDFC Life Insurance Company Ltd,Mar 2022,Life Insurance,return_on_equity_pct,8.498783143332906,0.09523809523809523
HDFCLIFE,HDFC Life Insurance Company Ltd,Mar 2023,Life Insurance,return_on_equity_pct,10.528746247979681,0.14285714285714285
HDFCLIFE,HDFC Life Insurance Company Ltd,Mar 2024,Life Insurance,return_on_equity_pct,10.732306013909723,0.16666666666666666
HDFCLIFE,HDFC Life Insurance Company Ltd,TTM,Life Insurance,return_on_equity_pct,,
ICICIPRULI,ICICI Prudential Life Insurance Company Ltd,Mar 2013,Life Insurance,return_on_equity_pct,38.24791719262812,0.8809523809523809
ICICIPRULI,ICICI Prudential Life Insurance Company Ltd,Mar 2014,Life Insurance,return_on_equity_pct,35.614875655943415,0.8095238095238095
ICICIPRULI,ICICI Prudential Life Insurance Company Ltd,Mar 2015,Life Insurance,return_on_equity_pct,31.14909781576448,0.7619047619047619
ICICIPRULI,ICICI Prudential Life Insurance Company Ltd,Mar 2016,Life Insurance,return_on_equity_pct,30.99755776817584,0.7380952380952381
ICICIPRULI,ICICI Prudential Life Insurance Company Ltd,Mar 2017,Life Insurance,return_on_equity_pct,26.256634405245084,0.6666666666666666
ICICIPRULI,ICICI Prudential Life Insurance Company Ltd,Mar 2018,Life Insurance,return_on_equity_pct,24.627319744447824,0.6428571428571429
ICICIPRULI,ICICI Prudential Life Insurance Company Ltd,Mar 2019,Life Insurance,return_on_equity_pct,16.57691747926066,0.35714285714285715
ICICIPRULI,ICICI Prudential Life Insurance Company Ltd,Mar 2020,Life Insurance,return_on_equity_pct,14.792735338971303,0.2857142857142857
ICICIPRULI,ICICI Prudential Life Insurance Company Ltd,Mar 2021,Life Insurance,return_on_equity_pct,10.495114721703809,0.11904761904761904
ICICIPRULI,ICICI Prudential Life Insurance Company Ltd,Mar 2022,Life Insurance,return_on_equity_pct,8.287835772002621,0.07142857142857142
ICICIPRULI,ICICI Prudential Life Insurance Company Ltd,Mar 2023,Life Insurance,return_on_equity_pct,8.057482656095145,0.047619047619047616
ICICIPRULI,ICICI Prudential Life Insurance Company Ltd,Mar 2024,Life Insurance,return_on_equity_pct,7.732848705134029,0.023809523809523808
ICICIPRULI,ICICI Prudential Life Insurance Company Ltd,TTM,Life Insurance,return_on_equity_pct,,
LICI,Life Insurance Corporation of India,Mar 2019,Life Insurance,return_on_equity_pct,324.32098765432096,1.0
LICI,Life Insurance Corporation of India,Mar 2020,Life Insurance,return_on_equity_pct,270.45908183632736,0.9761904761904762
LICI,Life Insurance Corporation of India,Mar 2021,Life Insurance,return_on_equity_pct,43.201626961069145,0.9047619047619048
LICI,Life Insurance Corporation of India,Mar 2022,Life Insurance,return_on_equity_pct,36.38207796789557,0.8333333333333334
LICI,Life Insurance Corporation of India,Mar 2023,Life Insurance,return_on_equity_pct,77.85997015119071,0.9523809523809523
LICI,Life Insurance Corporation of India,Mar 2024,Life Insurance,return_on_equity_pct,49.44710986501021,0.9285714285714286
LICI,Life Insurance Corporation of India,TTM,Life Insurance,return_on_equity_pct,,
SBILIFE,SBI Life Insurance Company Ltd,Mar 2013,Life Insurance,return_on_equity_pct,23.026315789473685,0.5714285714285714
SBILIFE,SBI Life Insurance Company Ltd,Mar 2014,Life Insurance,return_on_equity_pct,21.69249106078665,0.5238095238095238
SBILIFE,SBI Life Insurance Company Ltd,Mar 2015,Life Insurance,return_on_equity_pct,20.09368836291913,0.5
SBILIFE,SBI Life Insurance Company Ltd,Mar 2016,Life Insurance,return_on_equity_pct,17.832241707162478,0.4523809523809524
SBILIFE,SBI Life Insurance Company Ltd,Mar 2017,Life Insurance,return_on_equity_pct,17.201008645533143,0.38095238095238093
SBILIFE,SBI Life Insurance Company Ltd,Mar 2018,Life Insurance,return_on_equity_pct,17.61642156862745,0.42857142857142855
SBILIFE,SBI Life Insurance Company Ltd,Mar 2019,Life Insurance,return_on_equity_pct,17.51583949313622,0.40476190476190477
SBILIFE,SBI Life Insurance Company Ltd,Mar 2020,Life Insurance,return_on_equity_pct,16.264440123527393,0.3333333333333333
SBILIFE,SBI Life Insurance Company Ltd,Mar 2021,Life Insurance,return_on_equity_pct,14.000000000000002,0.2619047619047619
SBILIFE,SBI Life Insurance Company Ltd,Mar 2022,Life Insurance,return_on_equity_pct,12.958182756840475,0.21428571428571427
SBILIFE,SBI Life Insurance Company Ltd,Mar 2023,Life Insurance,return_on_equity_pct,13.220156706099248,0.23809523809523808
SBILIFE,SBI Life Insurance Company Ltd,Mar 2024,Life Insurance,return_on_equity_pct,12.704588140595655,0.19047619047619047
SBILIFE,SBI Life Insurance Company Ltd,TTM,Life Insurance,return_on_equity_pct,,
HDFCLIFE,HDFC Life Insurance Company Ltd,Mar 2013,Life Insurance,net_profit_margin_pct,3.1792318634423897,0.5434782608695652
HDFCLIFE,HDFC Life Insurance Company Ltd,Mar 2014,Life Insurance,net_profit_margin_pct,4.223464988931609,0.717391304347826
HDFCLIFE,HDFC Life Insurance Company Ltd,Mar 2015,Life Insurance,net_profit_margin_pct,2.8881131728826013,0.45652173913043476
HDFCLIFE,HDFC Life Insurance Company Ltd,Mar 2016,Life Insurance,net_profit_margin_pct,4.503610605810043,0.8260869565217391
HDFCLIFE,HDFC Life Insurance Company Ltd,Mar 2017,Life Insurance,net_profit_margin_pct,2.8942473977877117,0.4782608695652174
HDFCLIFE,HDFC Life Insurance Company Ltd,Mar 2018,Life Insurance,net_profit_margin_pct,3.4314941103533787,0.6304347826086957
HDFCLIFE,HDFC Life Insurance Company Ltd,Mar 2019,Life Insurance,net_profit_margin_pct,3.289151975292755,0.5869565217391305
HDFCLIFE,HDFC Life Insurance Company Ltd,Mar 2020,Life Insurance,net_profit_margin_pct,4.414567733151804,0.782608695652174
HDFCLIFE,HDFC Life Insurance Company Ltd,Mar 2021,Life Insurance,net_profit_margin_pct,1.9027513700928307,0.34782608695652173
HDFCLIFE,HDFC Life Insurance Company Ltd,Mar 2022,Life Insurance,net_profit_margin_pct,1.976879301611894,0.391304347826087
HDFCLIFE,HDFC Life Insurance Company Ltd,Mar 2023,Life Insurance,net_profit_margin_pct,1.9485236514877435,0.3695652173913043
HDFCLIFE,HDFC Life Insurance Company Ltd,Mar 2024,Life Insurance,net_profit_margin_pct,1.5510139729213062,0.21739130434782608
HDFCLIFE,HDFC Life Insurance Company Ltd,TTM,Life Insurance,net_profit_margin_pct,1.7336164807684673,0.2608695652173913
ICICIPRULI,ICICI Prudential Life Insurance Company Ltd,Mar 2013,Life Insurance,net_profit_margin_pct,7.5655430711610485,0.9782608695652174
ICICIPRULI,ICICI Prudential Life Insurance Company Ltd,Mar 2014,Life Insurance,net_profit_margin_pct,7.131761695906433,0.9565217391304348
ICICIPRULI,ICICI Prudential Life Insurance Company Ltd,Mar 2015,Life Insurance,net_profit_margin_pct,4.760107973180855,0.8913043478260869
ICICIPRULI,ICICI Prudential Life Insurance Company Ltd,Mar 2016,Life Insurance,net_profit_margin_pct,7.91404863542616,1.0
ICICIPRULI,ICICI Prudential Life Insurance Company Ltd,Mar 2017,Life Insurance,net_profit_margin_pct,4.447852760736196,0.8043478260869565
ICICIPRULI,ICICI Prudential Life Insurance Company Ltd,Mar 2018,Life Insurance,net_profit_margin_pct,4.169241862381541,0.6739130434782609
ICICIPRULI,ICICI Prudential Life Insurance Company Ltd,Mar 2019,Life Insurance,net_profit_margin_pct,2.747027470274703,0.43478260869565216
ICICIPRULI,ICICI Prudential Life Insurance Company Ltd,Mar 2020,Life Insurance,net_profit_margin_pct,5.074910820451843,0.9347826086956522
ICICIPRULI,ICICI Prudential Life Insurance Company Ltd,Mar 2021,Life Insurance,net_profit_margin_pct,1.1492871053833762,0.13043478260869565
ICICIPRULI,ICICI Prudential Life Insurance Company Ltd,Mar 2022,Life Insurance,net_profit_margin_pct,1.194072116292241,0.15217391304347827
ICICIPRULI,ICICI Prudential Life Insurance Company Ltd,Mar 2023,Life Insurance,net_profit_margin_pct,1.6106026387733272,0.2391304347826087
ICICIPRULI,ICICI Prudential Life Insurance Company Ltd,Mar 2024,Life Insurance,net_profit_margin_pct,0.942341125272681,0.10869565217391304
ICICIPRULI,ICICI Prudential Life Insurance Company Ltd,TTM,Life Insurance,net_profit_margin_pct,1.2556076934976539,0.17391304347826086
LICI,Life Insurance Corporation of India,Mar 2019,Life Insurance,net_profit_margin_pct,0.4596611071061123,0.06521739130434782
LICI,Life Insurance Corporation of India,Mar 2020,Life Insurance,net_profit_margin_pct,0.43149911709867,0.043478260869565216
LICI,Life Insurance Corporation of India,Mar 2021,Life Insurance,net_profit_margin_pct,0.43044431000095523,0.021739130434782608
LICI,Life Insurance Corporation of India,Mar 2022,Life Insurance,net_profit_margin_pct,0.5700616081127022,0.08695652173913043
LICI,Life Insurance Corporation of India,Mar 2023,Life Insurance,net_profit_margin_pct,4.5877791768838225,0.8478260869565217
LICI,Life Insurance Corporation of India,Mar 2024,Life Insurance,net_profit_margin_pct,4.836600998148862,0.9130434782608695
LICI,Life Insurance Corporation of India,TTM,Life Insurance,net_profit_margin_pct,4.627577541049831,0.8695652173913043
SBILIFE,SBI Life Insurance Company Ltd,Mar 2013,Life Insurance,net_profit_margin_pct,4.236718224613315,0.7391304347826086
SBILIFE,SBI Life Insurance Company Ltd,Mar 2014,Life Insurance,net_profit_margin_pct,4.218333526480473,0.6956521739130435
SBILIFE,SBI Life Insurance Company Ltd,Mar 2015,Life Insurance,net_profit_margin_pct,3.4830548314030514,0.6521739130434783
SBILIFE,SBI Life Insurance Company Ltd,Mar 2016,Life Insurance,net_profit_margin_pct,4.367625750362244,0.7608695652173914
SBILIFE,SBI Life Insurance Company Ltd,Mar 2017,Life Insurance,net_profit_margin_pct,3.1262275762734055,0.5217391304347826
SBILIFE,SBI Life Insurance Company Ltd,Mar 2018,Life Insurance,net_profit_margin_pct,3.3756017377010687,0.6086956521739131
SBILIFE,SBI Life Insurance Company Ltd,Mar 2019,Life Insurance,net_profit_margin_pct,2.9750695004932295,0.5
SBILIFE,SBI Life Insurance Company Ltd,Mar 2020,Life Insurance,net_profit_margin_pct,3.246723594684689,0.5652173913043478
SBILIFE,SBI Life Insurance Company Ltd,Mar 2021,Life Insurance,net_profit_margin_pct,1.7774956356133946,0.2826086956521739
SBILIFE,SBI Life Insurance Company Ltd,Mar 2022,Life Insurance,net_profit_margin_pct,1.8148295434004555,0.30434782608695654
SBILIFE,SBI Life Insurance Company Ltd,Mar 2023,Life Insurance,net_profit_margin_pct,2.1342824544868297,0.41304347826086957
SBILIFE,SBI Life Insurance Company Ltd,Mar 2024,Life Insurance,net_profit_margin_pct,1.4349789374791648,0.1956521739130435
SBILIFE,SBI Life Insurance Company Ltd,TTM,Life Insurance,net_profit_margin_pct,1.8535745312247738,0.32608695652173914
HDFCLIFE,HDFC Life Insurance Company Ltd,Mar 2013,Life Insurance,debt_to_equity,0.0,0.6428571428571428
HDFCLIFE,HDFC Life Insurance Company Ltd,Mar 2014,Life Insurance,debt_to_equity,0.0,0.6428571428571428
HDFCLIFE,HDFC Life Insurance Company Ltd,Mar 2015,Life Insurance,debt_to_equity,0.0,0.6428571428571428
HDFCLIFE,HDFC Life Insurance Company Ltd,Mar 2016,Life Insurance,debt_to_equity,0.0,0.6428571428571428
HDFCLIFE,HDFC Life Insurance Company Ltd,Mar 2017,Life Insurance,debt_to_equity,0.0,0.6428571428571428
HDFCLIFE,HDFC Life Insurance Company Ltd,Mar 2018,Life Insurance,debt_to_equity,0.0,0.6428571428571428
HDFCLIFE,HDFC Life Insurance Company Ltd,Mar 2019,Life Insurance,debt_to_equity,0.0,0.6428571428571428
HDFCLIFE,HDFC Life Insurance Company Ltd,Mar 2020,Life Insurance,debt_to_equity,0.0,0.6428571428571428
HDFCLIFE,HDFC Life Insurance Company Ltd,Mar 2021,Life Insurance,debt_to_equity,0.06944444444444445,0.19047619047619047
HDFCLIFE,HDFC Life Insurance Company Ltd,Mar 2022,Life Insurance,debt_to_equity,0.038427052645062125,0.23809523809523814
HDFCLIFE,HDFC Life Insurance Company Ltd,Mar 2023,Life Insurance,debt_to_equity,0.07311629338874778,0.16666666666666663
HDFCLIFE,HDFC Life Insurance Company Ltd,Mar 2024,Life Insurance,debt_to_equity,0.06477567162143734,0.2142857142857143
HDFCLIFE,HDFC Life Insurance Company Ltd,TTM,Life Insurance,debt_to_equity,,
ICICIPRULI,ICICI Prudential Life Insurance Company Ltd,Mar 2013,Life Insurance,debt_to_equity,0.0,0.6428571428571428
ICICIPRULI,ICICI Prudential Life Insurance Company Ltd,Mar 2014,Life Insurance,debt_to_equity,0.0,0.6428571428571428
ICICIPRULI,ICICI Prudential Life Insurance Company Ltd,Mar 2015,Life Insurance,debt_to_equity,0.0,0.6428571428571428
ICICIPRULI,ICICI Prudential Life Insurance Company Ltd,Mar 2016,Life Insurance,debt_to_equity,0.19331204208153296,0.04761904761904767
ICICIPRULI,ICICI Prudential Life Insurance Company Ltd,Mar 2017,Life Insurance,debt_to_equity,0.0,0.6428571428571428
ICICIPRULI,ICICI Prudential Life Insurance Company Ltd,Mar 2018,Life Insurance,debt_to_equity,0.0,0.6428571428571428
ICICIPRULI,ICICI Prudential Life Insurance Company Ltd,Mar 2019,Life Insurance,debt_to_equity,0.0,0.6428571428571428
ICICIPRULI,ICICI Prudential Life Insurance Company Ltd,Mar 2020,Life Insurance,debt_to_equity,0.0,0.6428571428571428
ICICIPRULI,ICICI Prudential Life Insurance Company Ltd,Mar 2021,Life Insurance,debt_to_equity,0.1317378416950269,0.0714285714285714
ICICIPRULI,ICICI Prudential Life Insurance Company Ltd,Mar 2022,Life Insurance,debt_to_equity,0.1310329766324525,0.09523809523809523
ICICIPRULI,ICICI Prudential Life Insurance Company Ltd,Mar 2023,Life Insurance,debt_to_equity,0.11892963330029732,0.11904761904761907
ICICIPRULI,ICICI Prudential Life Insurance Company Ltd,Mar 2024,Life Insurance,debt_to_equity,0.10904134484325306,0.1428571428571429
ICICIPRULI,ICICI Prudential Life Insurance Company Ltd,TTM,Life Insurance,debt_to_equity,,
LICI,Life Insurance Corporation of India,Mar 2019,Life Insurance,debt_to_equity,332.59382716049384,0.0
LICI,Life Insurance Corporation of India,Mar 2020,Life Insurance,debt_to_equity,252.90818363273453,0.023809523809523836
LICI,Life Insurance Corporation of India,Mar 2021,Life Insurance,debt_to_equity,0.0005810575246949448,0.26190476190476186
LICI,Life Insurance Corporation of India,Mar 2022,Life Insurance,debt_to_equity,8.819897689186806e-05,0.2857142857142857
LICI,Life Insurance Corporation of India,Mar 2023,Life Insurance,debt_to_equity,0.0,0.6428571428571428
LICI,Life Insurance Corporation of India,Mar 2024,Life Insurance,debt_to_equity,0.0,0.6428571428571428
LICI,Life Insurance Corporation of India,TTM,Life Insurance,debt_to_equity,,
SBILIFE,SBI Life Insurance Company Ltd,Mar 2013,Life Insurance,debt_to_equity,0.0,0.6428571428571428
SBILIFE,SBI Life Insurance Company Ltd,Mar 2014,Life Insurance,debt_to_equity,0.0,0.6428571428571428
SBILIFE,SBI Life Insurance Company Ltd,Mar 2015,Life Insurance,debt_to_equity,0.0,0.6428571428571428
SBILIFE,SBI Life Insurance Company Ltd,Mar 2016,Life Insurance,debt_to_equity,0.0,0.6428571428571428
SBILIFE,SBI Life Insurance Company Ltd,Mar 2017,Life Insurance,debt_to_equity,0.0,0.6428571428571428
SBILIFE,SBI Life Insurance Company Ltd,Mar 2018,Life Insurance,debt_to_equity,0.0,0.6428571428571428
SBILIFE,SBI Life Insurance Company Ltd,Mar 2019,Life Insurance,debt_to_equity,0.0,0.6428571428571428
SBILIFE,SBI Life Insurance Company Ltd,Mar 2020,Life Insurance,debt_to_equity,0.0,0.6428571428571428
SBILIFE,SBI Life Insurance Company Ltd,Mar 2021,Life Insurance,debt_to_equity,0.0,0.6428571428571428
SBILIFE,SBI Life Insurance Company Ltd,Mar 2022,Life Insurance,debt_to_equity,0.0,0.6428571428571428
SBILIFE,SBI Life Insurance Company Ltd,Mar 2023,Life Insurance,debt_to_equity,0.0,0.6428571428571428
SBILIFE,SBI Life Insurance Company Ltd,Mar 2024,Life Insurance,debt_to_equity,0.0,0.6428571428571428
SBILIFE,SBI Life Insurance Company Ltd,TTM,Life Insurance,debt_to_equity,,
HDFCLIFE,HDFC Life Insurance Company Ltd,Mar 2013,Life Insurance,interest_coverage,483.5357142857143,0.9444444444444444
HDFCLIFE,HDFC Life Insurance Company Ltd,Mar 2014,Life Insurance,interest_coverage,68.7344398340249,0.25
HDFCLIFE,HDFC Life Insurance Company Ltd,Mar 2015,Life Insurance,interest_coverage,333.46835443037975,0.8888888888888888
HDFCLIFE,HDFC Life Insurance Company Ltd,Mar 2016,Life Insurance,interest_coverage,159.1851851851852,0.4444444444444444
HDFCLIFE,HDFC Life Insurance Company Ltd,Mar 2017,Life Insurance,interest_coverage,213.50359712230215,0.6388888888888888
HDFCLIFE,HDFC Life Insurance Company Ltd,Mar 2018,Life Insurance,interest_coverage,110.59929078014184,0.3611111111111111
HDFCLIFE,HDFC Life Insurance Company Ltd,Mar 2019,Life Insurance,interest_coverage,276.7867647058824,0.8055555555555556
HDFCLIFE,HDFC Life Insurance Company Ltd,Mar 2020,Life Insurance,interest_coverage,76.53929539295393,0.2777777777777778
HDFCLIFE,HDFC Life Insurance Company Ltd,Mar 2021,Life Insurance,interest_coverage,157.9685393258427,0.3888888888888889
HDFCLIFE,HDFC Life Insurance Company Ltd,Mar 2022,Life Insurance,interest_coverage,86.61749347258485,0.3333333333333333
HDFCLIFE,HDFC Life Insurance Company Ltd,Mar 2023,Life Insurance,interest_coverage,48.80097425191371,0.16666666666666666
HDFCLIFE,HDFC Life Insurance Company Ltd,Mar 2024,Life Insurance,interest_coverage,192.2895238095238,0.5277777777777778
HDFCLIFE,HDFC Life Insurance Company Ltd,TTM,Life Insurance,interest_coverage,194.64785992217898,0.5555555555555556
ICICIPRULI,ICICI Prudential Life Insurance Company Ltd,Mar 2013,Life Insurance,interest_coverage,21.426666666666666,0.1111111111111111
ICICIPRULI,ICICI Prudential Life Insurance Company Ltd,Mar 2014,Life Insurance,interest_coverage,158.06976744186048,0.4166666666666667
ICICIPRULI,ICICI Prudential Life Insurance Company Ltd,Mar 2015,Life Insurance,interest_coverage,762.8604651162791,1.0
ICICIPRULI,ICICI Prudential Life Insurance Company Ltd,Mar 2016,Life Insurance,interest_coverage,,
ICICIPRULI,ICICI Prudential Life Insurance Company Ltd,Mar 2017,Life Insurance,interest_coverage,277.03846153846155,0.8333333333333334
ICICIPRULI,ICICI Prudential Life Insurance Company Ltd,Mar 2018,Life Insurance,interest_coverage,280.81060606060606,0.8611111111111112
ICICIPRULI,ICICI Prudential Life Insurance Company Ltd,Mar 2019,Life Insurance,interest_coverage,50.33579335793358,0.2222222222222222
ICICIPRULI,ICICI Prudential Life Insurance Company Ltd,Mar 2020,Life Insurance,interest_coverage,13.524714828897338,0.027777777777777776
ICICIPRULI,ICICI Prudential Life Insurance Company Ltd,Mar 2021,Life Insurance,interest_coverage,50.07309766327142,0.19444444444444445
ICICIPRULI,ICICI Prudential Life Insurance Company Ltd,Mar 2022,Life Insurance,interest_coverage,20.5969915387026,0.08333333333333333
ICICIPRULI,ICICI Prudential Life Insurance Company Ltd,Mar 2023,Life Insurance,interest_coverage,17.857094017094017,0.05555555555555555
ICICIPRULI,ICICI Prudential Life Insurance Company Ltd,Mar 2024,Life Insurance,interest_coverage,31.021548821548823,0.1388888888888889
ICICIPRULI,ICICI Prudential Life Insurance Company Ltd,TTM,Life Insurance,interest_coverage,82.79849946409432,0.3055555555555556
LICI,Life Insurance Corporation of India,Mar 2019,Life Insurance,interest_coverage,,
LICI,Life Insurance Corporation of India,Mar 2020,Life Insurance,interest_coverage,,
LICI,Life Insurance Corporation of India,Mar 2021,Life Insurance,interest_coverage,,
LICI,Life Insurance Corporation of India,Mar 2022,Life Insurance,interest_coverage,,
LICI,Life Insurance Corporation of India,Mar 2023,Life Insurance,interest_coverage,545.5454545454545,0.9722222222222222
LICI,Life Insurance Corporation of India,Mar 2024,Life Insurance,interest_coverage,371.9375,0.9166666666666666
LICI,Life Insurance Corporation of India,TTM,Life Insurance,interest_coverage,,
SBILIFE,SBI Life Insurance Company Ltd,Mar 2013,Life Insurance,interest_coverage,179.75,0.5
SBILIFE,SBI Life Insurance Company Ltd,Mar 2014,Life Insurance,interest_coverage,171.0,0.4722222222222222
SBILIFE,SBI Life Insurance Company Ltd,Mar 2015,Life Insurance,interest_coverage,244.25,0.75
SBILIFE,SBI Life Insurance Company Ltd,Mar 2016,Life Insurance,interest_coverage,209.8,0.6111111111111112
SBILIFE,SBI Life Insurance Company Ltd,Mar 2017,Life Insurance,interest_coverage,241.4,0.7222222222222222
SBILIFE,SBI Life Insurance Company Ltd,Mar 2018,Life Insurance,interest_coverage,248.0,0.7777777777777778
SBILIFE,SBI Life Insurance Company Ltd,Mar 2019,Life Insurance,interest_coverage,217.5,0.6666666666666666
SBILIFE,SBI Life Insurance Company Ltd,Mar 2020,Life Insurance,interest_coverage,,
SBILIFE,SBI Life Insurance Company Ltd,Mar 2021,Life Insurance,interest_coverage,,
SBILIFE,SBI Life Insurance Company Ltd,Mar 2022,Life Insurance,interest_coverage,,
SBILIFE,SBI Life Insurance Company Ltd,Mar 2023,Life Insurance,interest_coverage,198.4,0.5833333333333334
SBILIFE,SBI Life Insurance Company Ltd,Mar 2024,Life Insurance,interest_coverage,240.33333333333334,0.6944444444444444
SBILIFE,SBI Life Insurance Company Ltd,TTM,Life Insurance,interest_coverage,,
HDFCLIFE,HDFC Life Insurance Company Ltd,Mar 2013,Life Insurance,asset_turnover,0.33541676606708337,0.8809523809523809
HDFCLIFE,HDFC Life Insurance Company Ltd,Mar 2014,Life Insurance,asset_turnover,0.3283787661406026,0.8095238095238095
HDFCLIFE,HDFC Life Insurance Company Ltd,Mar 2015,Life Insurance,asset_turnover,0.3926618476676911,0.9761904761904762
HDFCLIFE,HDFC Life Insurance Company Ltd,Mar 2016,Life Insurance,asset_turnover,0.23700094063545152,0.2857142857142857
HDFCLIFE,HDFC Life Insurance Company Ltd,Mar 2017,Life Insurance,asset_turnover,0.32227094440413473,0.7857142857142857
HDFCLIFE,HDFC Life Insurance Company Ltd,Mar 2018,Life Insurance,asset_turnover,0.2919906229917725,0.5952380952380952
HDFCLIFE,HDFC Life Insurance Company Ltd,Mar 2019,Life Insurance,asset_turnover,0.2988386402091986,0.6428571428571429
HDFCLIFE,HDFC Life Insurance Company Ltd,Mar 2020,Life Insurance,asset_turnover,0.2221986931268151,0.23809523809523808
HDFCLIFE,HDFC Life Insurance Company Ltd,Mar 2021,Life Insurance,asset_turnover,0.3981408811332832,1.0
HDFCLIFE,HDFC Life Insurance Company Ltd,Mar 2022,Life Insurance,asset_turnover,0.2909237476921477,0.5714285714285714
HDFCLIFE,HDFC Life Insurance Company Ltd,Mar 2023,Life Insurance,asset_turnover,0.28301400013705863,0.5238095238095238
HDFCLIFE,HDFC Life Insurance Company Ltd,Mar 2024,Life Insurance,asset_turnover,0.33527042786773137,0.8571428571428571
HDFCLIFE,HDFC Life Insurance Company Ltd,TTM,Life Insurance,asset_turnover,,
ICICIPRULI,ICICI Prudential Life Insurance Company Ltd,Mar 2013,Life Insurance,asset_turnover,0.2662190906673757,0.40476190476190477
ICICIPRULI,ICICI Prudential Life Insurance Company Ltd,Mar 2014,Life Insurance,asset_turnover,0.2686501215111569,0.42857142857142855
ICICIPRULI,ICICI Prudential Life Insurance Company Ltd,Mar 2015,Life Insurance,asset_turnover,0.34039421034431655,0.9047619047619048
ICICIPRULI,ICICI Prudential Life Insurance Company Ltd,Mar 2016,Life Insurance,asset_turnover,0.1990073020569847,0.21428571428571427
ICICIPRULI,ICICI Prudential Life Insurance Company Ltd,Mar 2017,Life Insurance,asset_turnover,0.3031561395210877,0.6904761904761905
ICICIPRULI,ICICI Prudential Life Insurance Company Ltd,Mar 2018,Life Insurance,asset_turnover,0.27381380492035623,0.4523809523809524
ICICIPRULI,ICICI Prudential Life Insurance Company Ltd,Mar 2019,Life Insurance,asset_turnover,0.25424009418343696,0.30952380952380953
ICICIPRULI,ICICI Prudential Life Insurance Company Ltd,Mar 2020,Life Insurance,asset_turnover,0.13474886400779332,0.023809523809523808
ICICIPRULI,ICICI Prudential Life Insurance Company Ltd,Mar 2021,Life Insurance,asset_turnover,0.382938955897247,0.9523809523809523
ICICIPRULI,ICICI Prudential Life Insurance Company Ltd,Mar 2022,Life Insurance,asset_turnover,0.26004246492961375,0.35714285714285715
ICICIPRULI,ICICI Prudential Life Insurance Company Ltd,Mar 2023,Life Insurance,asset_turnover,0.1972945190755557,0.19047619047619047
ICICIPRULI,ICICI Prudential Life Insurance Company Ltd,Mar 2024,Life Insurance,asset_turnover,0.3020290902037117,0.6666666666666666
ICICIPRULI,ICICI Prudential Life Insurance Company Ltd,TTM,Life Insurance,asset_turnover,,
LICI,Life Insurance Corporation of India,Mar 2019,Life Insurance,asset_turnover,0.16675415179930025,0.07142857142857142
LICI,Life Insurance Corporation of India,Mar 2020,Life Insurance,asset_turnover,0.1794493681700332,0.14285714285714285
LICI,Life Insurance Corporation of India,Mar 2021,Life Insurance,asset_turnover,0.18041772293371186,0.16666666666666666
LICI,Life Insurance Corporation of India,Mar 2022,Life Insurance,asset_turnover,0.17009778190664493,0.09523809523809523
LICI,Life Insurance Corporation of India,Mar 2023,Life Insurance,asset_turnover,0.17137262036771503,0.11904761904761904
LICI,Life Insurance Corporation of India,Mar 2024,Life Insurance,asset_turnover,0.15913440945875762,0.047619047619047616
LICI,Life Insurance Corporation of India,TTM,Life Insurance,asset_turnover,,
SBILIFE,SBI Life Insurance Company Ltd,Mar 2013,Life Insurance,asset_turnover,0.276836578917973,0.47619047619047616
SBILIFE,SBI Life Insurance Company Ltd,Mar 2014,Life Insurance,asset_turnover,0.2845976253298153,0.5476190476190477
SBILIFE,SBI Life Insurance Company Ltd,Mar 2015,Life Insurance,asset_turnover,0.31568651259427155,0.7619047619047619
SBILIFE,SBI Life Insurance Company Ltd,Mar 2016,Life Insurance,asset_turnover,0.23162209783168922,0.2619047619047619
SBILIFE,SBI Life Insurance Company Ltd,Mar 2017,Life Insurance,asset_turnover,0.2987871674491393,0.6190476190476191
SBILIFE,SBI Life Insurance Company Ltd,Mar 2018,Life Insurance,asset_turnover,0.2798882681564246,0.5
SBILIFE,SBI Life Insurance Company Ltd,Mar 2019,Life Insurance,asset_turnover,0.30397862799351205,0.7380952380952381
SBILIFE,SBI Life Insurance Company Ltd,Mar 2020,Life Insurance,asset_turnover,0.26451262229737893,0.38095238095238093
SBILIFE,SBI Life Insurance Company Ltd,Mar 2021,Life Insurance,asset_turnover,0.36112066305162455,0.9285714285714286
SBILIFE,SBI Life Insurance Company Ltd,Mar 2022,Life Insurance,asset_turnover,0.3035922688841979,0.7142857142857143
SBILIFE,SBI Life Insurance Company Ltd,Mar 2023,Life Insurance,asset_turnover,0.2563135928594814,0.3333333333333333
SBILIFE,SBI Life Insurance Company Ltd,Mar 2024,Life Insurance,asset_turnover,0.33137919000549837,0.8333333333333334
SBILIFE,SBI Life Insurance Company Ltd,TTM,Life Insurance,asset_turnover,,
HDFCLIFE,HDFC Life Insurance Company Ltd,Mar 2013,Life Insurance,free_cash_flow_cr,,
HDFCLIFE,HDFC Life Insurance Company Ltd,Mar 2014,Life Insurance,free_cash_flow_cr,,
HDFCLIFE,HDFC Life Insurance Company Ltd,Mar 2015,Life Insurance,free_cash_flow_cr,945.0,0.525
HDFCLIFE,HDFC Life Insurance Company Ltd,Mar 2016,Life Insurance,free_cash_flow_cr,1725.0,0.65
HDFCLIFE,HDFC Life Insurance Company Ltd,Mar 2017,Life Insurance,free_cash_flow_cr,1053.0,0.575
HDFCLIFE,HDFC Life Insurance Company Ltd,Mar 2018,Life Insurance,free_cash_flow_cr,2318.0,0.725
HDFCLIFE,HDFC Life Insurance Company Ltd,Mar 2019,Life Insurance,free_cash_flow_cr,-314.0,0.325
HDFCLIFE,HDFC Life Insurance Company Ltd,Mar 2020,Life Insurance,free_cash_flow_cr,-401.0,0.3
HDFCLIFE,HDFC Life Insurance Company Ltd,Mar 2021,Life Insurance,free_cash_flow_cr,751.0,0.45
HDFCLIFE,HDFC Life Insurance Company Ltd,Mar 2022,Life Insurance,free_cash_flow_cr,5142.0,0.9
HDFCLIFE,HDFC Life Insurance Company Ltd,Mar 2023,Life Insurance,free_cash_flow_cr,-3188.0,0.025
HDFCLIFE,HDFC Life Insurance Company Ltd,Mar 2024,Life Insurance,free_cash_flow_cr,-2893.0,0.05
HDFCLIFE,HDFC Life Insurance Company Ltd,TTM,Life Insurance,free_cash_flow_cr,,
ICICIPRULI,ICICI Prudential Life Insurance Company Ltd,Mar 2013,Life Insurance,free_cash_flow_cr,-1077.0,0.2
ICICIPRULI,ICICI Prudential Life Insurance Company Ltd,Mar 2014,Life Insurance,free_cash_flow_cr,3630.0,0.8
ICICIPRULI,ICICI Prudential Life Insurance Company Ltd,Mar 2015,Life Insurance,free_cash_flow_cr,-1299.0,0.175
ICICIPRULI,ICICI Prudential Life Insurance Company Ltd,Mar 2016,Life Insurance,free_cash_flow_cr,3661.0,0.825
ICICIPRULI,ICICI Prudential Life Insurance Company Ltd,Mar 2017,Life Insurance,free_cash_flow_cr,3434.0,0.775
ICICIPRULI,ICICI Prudential Life Insurance Company Ltd,Mar 2018,Life Insurance,free_cash_flow_cr,301.0,0.425
ICICIPRULI,ICICI Prudential Life Insurance Company Ltd,Mar 2019,Life Insurance,free_cash_flow_cr,3818.0,0.85
ICICIPRULI,ICICI Prudential Life Insurance Company Ltd,Mar 2020,Life Insurance,free_cash_flow_cr,-2201.0,0.075
ICICIPRULI,ICICI Prudential Life Insurance Company Ltd,Mar 2021,Life Insurance,free_cash_flow_cr,2230.0,0.675
ICICIPRULI,ICICI Prudential Life Insurance Company Ltd,Mar 2022,Life Insurance,free_cash_flow_cr,1015.0,0.55
ICICIPRULI,ICICI Prudential Life Insurance Company Ltd,Mar 2023,Life Insurance,free_cash_flow_cr,-1056.0,0.225
ICICIPRULI,ICICI Prudential Life Insurance Company Ltd,Mar 2024,Life Insurance,free_cash_flow_cr,105.0,0.375
ICICIPRULI,ICICI Prudential Life Insurance Company Ltd,TTM,Life Insurance,free_cash_flow_cr,,
LICI,Life Insurance Corporation of India,Mar 2019,Life Insurance,free_cash_flow_cr,22910.0,0.975
LICI,Life Insurance Corporation of India,Mar 2020,Life Insurance,free_cash_flow_cr,13952.0,0.95
LICI,Life Insurance Corporation of India,Mar 2021,Life Insurance,free_cash_flow_cr,229049.0,1.0
LICI,Life Insurance Corporation of India,Mar 2022,Life Insurance,free_cash_flow_cr,8748.0,0.925
LICI,Life Insurance Corporation of India,Mar 2023,Life Insurance,free_cash_flow_cr,1671.0,0.625
LICI,Life Insurance Corporation of India,Mar 2024,Life Insurance,free_cash_flow_cr,853.0,0.475
LICI,Life Insurance Corporation of India,TTM,Life Insurance,free_cash_flow_cr,,
SBILIFE,SBI Life Insurance Company Ltd,Mar 2013,Life Insurance,free_cash_flow_cr,903.0,0.5
SBILIFE,SBI Life Insurance Company Ltd,Mar 2014,Life Insurance,free_cash_flow_cr,-542.0,0.25
SBILIFE,SBI Life Insurance Company Ltd,Mar 2015,Life Insurance,free_cash_flow_cr,2533.0,0.75
SBILIFE,SBI Life Insurance Company Ltd,Mar 2016,Life Insurance,free_cash_flow_cr,-1426.0,0.15
SBILIFE,SBI Life Insurance Company Ltd,Mar 2017,Life Insurance,free_cash_flow_cr,-507.0,0.275
SBILIFE,SBI Life Insurance Company Ltd,Mar 2018,Life Insurance,free_cash_flow_cr,1485.0,0.6
SBILIFE,SBI Life Insurance Company Ltd,Mar 2019,Life Insurance,free_cash_flow_cr,-79.0,0.35
SBILIFE,SBI Life Insurance Company Ltd,Mar 2020,Life Insurance,free_cash_flow_cr,2313.0,0.7
SBILIFE,SBI Life Insurance Company Ltd,Mar 2021,Life Insurance,free_cash_flow_cr,4675.0,0.875
SBILIFE,SBI Life Insurance Company Ltd,Mar 2022,Life Insurance,free_cash_flow_cr,241.0,0.4
SBILIFE,SBI Life Insurance Company Ltd,Mar 2023,Life Insurance,free_cash_flow_cr,-1547.0,0.125
SBILIFE,SBI Life Insurance Company Ltd,Mar 2024,Life Insurance,free_cash_flow_cr,-2099.0,0.1
SBILIFE,SBI Life Insurance Company Ltd,TTM,Life Insurance,free_cash_flow_cr,,
HINDALCO,Hindalco Industries Ltd,Mar 2013,Steel,return_on_equity_pct,8.511180300028306,0.5416666666666666
HINDALCO,Hindalco Industries Ltd,Mar 2014,Steel,return_on_equity_pct,5.405871342724855,0.3958333333333333
HINDALCO,Hindalco Industries Ltd,Mar 2015,Steel,return_on_equity_pct,0.6757285606198962,0.2916666666666667
HINDALCO,Hindalco Industries Ltd,Mar 2016,Steel,return_on_equity_pct,-1.7286808342978157,0.22916666666666666
HINDALCO,Hindalco Industries Ltd,Mar 2017,Steel,return_on_equity_pct,4.086063527215094,0.3541666666666667
HINDALCO,Hindalco Industries Ltd,Mar 2018,Steel,return_on_equity_pct,11.089841755997957,0.7083333333333334
HINDALCO,Hindalco Industries Ltd,Mar 2019,Steel,return_on_equity_pct,9.556355541642754,0.5833333333333334
HINDALCO,Hindalco Industries Ltd,Mar 2020,Steel,return_on_equity_pct,6.459522952140885,0.4583333333333333
HINDALCO,Hindalco Industries Ltd,Mar 2021,Steel,return_on_equity_pct,5.234996167315468,0.375
HINDALCO,Hindalco Industries Ltd,Mar 2022,Steel,return_on_equity_pct,17.559565678914453,0.875
HINDALCO,Hindalco Industries Ltd,Mar 2023,Steel,return_on_equity_pct,10.650169820475497,0.6458333333333334
HINDALCO,Hindalco Industries Ltd,Mar 2024,Steel,return_on_equity_pct,9.567011474761177,0.6041666666666666
HINDALCO,Hindalco Industries Ltd,TTM,Steel,return_on_equity_pct,,
JINDALSTEL,Jindal Steel & Power Ltd,Mar 2013,Steel,return_on_equity_pct,13.890457368718238,0.8125
JINDALSTEL,Jindal Steel & Power Ltd,Mar 2014,Steel,return_on_equity_pct,8.385670057496682,0.5208333333333334
JINDALSTEL,Jindal Steel & Power Ltd,Mar 2015,Steel,return_on_equity_pct,-6.900484744796122,0.14583333333333334
JINDALSTEL,Jindal Steel & Power Ltd,Mar 2016,Steel,return_on_equity_pct,-9.517203107658158,0.08333333333333333
JINDALSTEL,Jindal Steel & Power Ltd,Mar 2017,Steel,return_on_equity_pct,-8.44564240790656,0.10416666666666667
JINDALSTEL,Jindal Steel & Power Ltd,Mar 2018,Steel,return_on_equity_pct,-5.3184136909659365,0.1875
JINDALSTEL,Jindal Steel & Power Ltd,Mar 2019,Steel,return_on_equity_pct,-7.517531556802244,0.125
JINDALSTEL,Jindal Steel & Power Ltd,Mar 2020,Steel,return_on_equity_pct,-1.2446712512057752,0.25
JINDALSTEL,Jindal Steel & Power Ltd,Mar 2021,Steel,return_on_equity_pct,13.411912619833414,0.7916666666666666
JINDALSTEL,Jindal Steel & Power Ltd,Mar 2022,Steel,return_on_equity_pct,18.992280701754385,0.8958333333333334
JINDALSTEL,Jindal Steel & Power Ltd,Mar 2023,Steel,return_on_equity_pct,10.267142045160957,0.625
JINDALSTEL,Jindal Steel & Power Ltd,Mar 2024,Steel,return_on_equity_pct,13.410506363390198,0.7708333333333334
JINDALSTEL,Jindal Steel & Power Ltd,TTM,Steel,return_on_equity_pct,,
JSWSTEEL,JSW Steel Ltd,Mar 2013,Steel,return_on_equity_pct,5.443891004980955,0.4166666666666667
JSWSTEEL,JSW Steel Ltd,Mar 2014,Steel,return_on_equity_pct,1.8985548313969962,0.3333333333333333
JSWSTEEL,JSW Steel Ltd,Mar 2015,Steel,return_on_equity_pct,7.7254374158815615,0.4791666666666667
JSWSTEEL,JSW Steel Ltd,Mar 2016,Steel,return_on_equity_pct,-2.536117262469683,0.20833333333333334
JSWSTEEL,JSW Steel Ltd,Mar 2017,Steel,return_on_equity_pct,15.30887093213229,0.8333333333333334
JSWSTEEL,JSW Steel Ltd,Mar 2018,Steel,return_on_equity_pct,21.83370240731481,0.9375
JSWSTEEL,JSW Steel Ltd,Mar 2019,Steel,return_on_equity_pct,21.623796522488863,0.9166666666666666
JSWSTEEL,JSW Steel Ltd,Mar 2020,Steel,return_on_equity_pct,10.707942839968306,0.6666666666666666
JSWSTEEL,JSW Steel Ltd,Mar 2021,Steel,return_on_equity_pct,16.835600034214355,0.8541666666666666
JSWSTEEL,JSW Steel Ltd,Mar 2022,Steel,return_on_equity_pct,31.112828209281247,0.9791666666666666
JSWSTEEL,JSW Steel Ltd,Mar 2023,Steel,return_on_equity_pct,6.300327269959662,0.4375
JSWSTEEL,JSW Steel Ltd,Mar 2024,Steel,return_on_equity_pct,11.5528718021347,0.7291666666666666
JSWSTEEL,JSW Steel Ltd,TTM,Steel,return_on_equity_pct,,
TATASTEEL,"Tata Steel Ltd
",Mar 2013,Steel,return_on_equity_pct,-21.280580592297788,0.020833333333333332
TATASTEEL,"Tata Steel Ltd
",Mar 2014,Steel,return_on_equity_pct,9.042238231520773,0.5625
TATASTEEL,"Tata Steel Ltd
",Mar 2015,Steel,return_on_equity_pct,-12.564994098695333,0.041666666666666664
TATASTEEL,"Tata Steel Ltd
",Mar 2016,Steel,return_on_equity_pct,-1.136467575230952,0.2708333333333333
TATASTEEL,"Tata Steel Ltd
",Mar 2017,Steel,return_on_equity_pct,-11.023559586451254,0.0625
TATASTEEL,"Tata Steel Ltd
",Mar 2018,Steel,return_on_equity_pct,29.148527213287117,0.9583333333333334
TATASTEEL,"Tata Steel Ltd
",Mar 2019,Steel,return_on_equity_pct,13.234675371780922,0.75
TATASTEEL,"Tata Steel Ltd
",Mar 2020,Steel,return_on_equity_pct,1.5956290094596066,0.3125
TATASTEEL,"Tata Steel Ltd
",Mar 2021,Steel,return_on_equity_pct,11.031937391398053,0.6875
TATASTEEL,"Tata Steel Ltd
",Mar 2022,Steel,return_on_equity_pct,36.48016916718366,1.0
TATASTEEL,"Tata Steel Ltd
",Mar 2023,Steel,return_on_equity_pct,7.833569391358336,0.5
TATASTEEL,"Tata Steel Ltd
",Mar 2024,Steel,return_on_equity_pct,-5.334926929972293,0.16666666666666666
TATASTEEL,"Tata Steel Ltd
",TTM,Steel,return_on_equity_pct,,
HINDALCO,Hindalco Industries Ltd,Mar 2013,Steel,net_profit_margin_pct,3.749703839487237,0.5384615384615384
HINDALCO,Hindalco Industries Ltd,Mar 2014,Steel,net_profit_margin_pct,2.5029933291521753,0.4423076923076923
HINDALCO,Hindalco Industries Ltd,Mar 2015,Steel,net_profit_margin_pct,0.248367391950595,0.2692307692307692
HINDALCO,Hindalco Industries Ltd,Mar 2016,Steel,net_profit_margin_pct,-0.7108212922366569,0.23076923076923078
HINDALCO,Hindalco Industries Ltd,Mar 2017,Steel,net_profit_margin_pct,1.8785434799968057,0.34615384615384615
HINDALCO,Hindalco Industries Ltd,Mar 2018,Steel,net_profit_margin_pct,5.281161282480921,0.6538461538461539
HINDALCO,Hindalco Industries Ltd,Mar 2019,Steel,net_profit_margin_pct,4.209373228539474,0.5576923076923077
HINDALCO,Hindalco Industries Ltd,Mar 2020,Steel,net_profit_margin_pct,3.188481852654388,0.4807692307692308
HINDALCO,Hindalco Industries Ltd,Mar 2021,Steel,net_profit_margin_pct,2.6384764559723655,0.46153846153846156
HINDALCO,Hindalco Industries Ltd,Mar 2022,Steel,net_profit_margin_pct,7.038895923797416,0.75
HINDALCO,Hindalco Industries Ltd,Mar 2023,Steel,net_profit_margin_pct,4.523704984722359,0.5769230769230769
HINDALCO,Hindalco Industries Ltd,Mar 2024,Steel,net_profit_margin_pct,4.702216130615571,0.5961538461538461
HINDALCO,Hindalco Industries Ltd,TTM,Steel,net_profit_margin_pct,5.574552044924961,0.6923076923076923
JINDALSTEL,Jindal Steel & Power Ltd,Mar 2013,Steel,net_profit_margin_pct,14.903821881153128,0.9807692307692307
JINDALSTEL,Jindal Steel & Power Ltd,Mar 2014,Steel,net_profit_margin_pct,9.830965467178263,0.8269230769230769
JINDALSTEL,Jindal Steel & Power Ltd,Mar 2015,Steel,net_profit_margin_pct,-7.48415030153085,0.057692307692307696
JINDALSTEL,Jindal Steel & Power Ltd,Mar 2016,Steel,net_profit_margin_pct,-15.855976167240229,0.019230769230769232
JINDALSTEL,Jindal Steel & Power Ltd,Mar 2017,Steel,net_profit_margin_pct,-11.74836828218303,0.038461538461538464
JINDALSTEL,Jindal Steel & Power Ltd,Mar 2018,Steel,net_profit_margin_pct,-4.85489394940816,0.11538461538461539
JINDALSTEL,Jindal Steel & Power Ltd,Mar 2019,Steel,net_profit_margin_pct,-5.135630030234638,0.09615384615384616
JINDALSTEL,Jindal Steel & Power Ltd,Mar 2020,Steel,net_profit_margin_pct,-1.0547688737705352,0.21153846153846154
JINDALSTEL,Jindal Steel & Power Ltd,Mar 2021,Steel,net_profit_margin_pct,12.339859452268719,0.9038461538461539
JINDALSTEL,Jindal Steel & Power Ltd,Mar 2022,Steel,net_profit_margin_pct,13.223625063518742,0.9230769230769231
JINDALSTEL,Jindal Steel & Power Ltd,Mar 2023,Steel,net_profit_margin_pct,7.468240246560925,0.7692307692307693
JINDALSTEL,Jindal Steel & Power Ltd,Mar 2024,Steel,net_profit_margin_pct,11.802438733764944,0.8846153846153846
JINDALSTEL,Jindal Steel & Power Ltd,TTM,Steel,net_profit_margin_pct,10.116155860772906,0.8653846153846154
JSWSTEEL,JSW Steel Ltd,Mar 2013,Steel,net_profit_margin_pct,2.431300706621303,0.38461538461538464
JSWSTEEL,JSW Steel Ltd,Mar 2014,Steel,net_profit_margin_pct,0.7848496680983992,0.28846153846153844
JSWSTEEL,JSW Steel Ltd,Mar 2015,Steel,net_profit_margin_pct,3.2507739938080498,0.5
JSWSTEEL,JSW Steel Ltd,Mar 2016,Steel,net_profit_margin_pct,-1.1577528522601455,0.19230769230769232
JSWSTEEL,JSW Steel Ltd,Mar 2017,Steel,net_profit_margin_pct,6.235162937918135,0.7307692307692307
JSWSTEEL,JSW Steel Ltd,Mar 2018,Steel,net_profit_margin_pct,8.49818581179709,0.7884615384615384
JSWSTEEL,JSW Steel Ltd,Mar 2019,Steel,net_profit_margin_pct,8.877142890852673,0.8076923076923077
JSWSTEEL,JSW Steel Ltd,Mar 2020,Steel,net_profit_margin_pct,5.344625371628072,0.6730769230769231
JSWSTEEL,JSW Steel Ltd,Mar 2021,Steel,net_profit_margin_pct,9.861095454602388,0.8461538461538461
JSWSTEEL,JSW Steel Ltd,Mar 2022,Steel,net_profit_margin_pct,14.304746158733629,0.9423076923076923
JSWSTEEL,JSW Steel Ltd,Mar 2023,Steel,net_profit_margin_pct,2.4939744516751023,0.4230769230769231
JSWSTEEL,JSW Steel Ltd,Mar 2024,Steel,net_profit_margin_pct,5.127252779904689,0.6153846153846154
JSWSTEEL,JSW Steel Ltd,TTM,Steel,net_profit_margin_pct,1.9451002501849959,0.36538461538461536
TATASTEEL,"Tata Steel Ltd
",Mar 2013,Steel,net_profit_margin_pct,-5.398182789951898,0.07692307692307693
TATASTEEL,"Tata Steel Ltd
",Mar 2014,Steel,net_profit_margin_pct,2.466120284764558,0.40384615384615385
TATASTEEL,"Tata Steel Ltd
",Mar 2015,Steel,net_profit_margin_pct,-2.8235749512558783,0.15384615384615385
TATASTEEL,"Tata Steel Ltd
",Mar 2016,Steel,net_profit_margin_pct,-0.4874221546609131,0.25
TATASTEEL,"Tata Steel Ltd
",Mar 2017,Steel,net_profit_margin_pct,-3.712410618082084,0.1346153846153846
TATASTEEL,"Tata Steel Ltd
",Mar 2018,Steel,net_profit_margin_pct,14.396060008600475,0.9615384615384616
TATASTEEL,"Tata Steel Ltd
",Mar 2019,Steel,net_profit_margin_pct,5.785538057576315,0.7115384615384616
TATASTEEL,"Tata Steel Ltd
",Mar 2020,Steel,net_profit_margin_pct,0.8396689959017859,0.3076923076923077
TATASTEEL,"Tata Steel Ltd
",Mar 2021,Steel,net_profit_margin_pct,5.240124380974318,0.6346153846153846
TATASTEEL,"Tata Steel Ltd
",Mar 2022,Steel,net_profit_margin_pct,17.113121467131773,1.0
TATASTEEL,"Tata Steel Ltd
",Mar 2023,Steel,net_profit_margin_pct,3.3182249653795104,0.5192307692307693
TATASTEEL,"Tata Steel Ltd
",Mar 2024,Steel,net_profit_margin_pct,-2.1425049417247384,0.17307692307692307
TATASTEEL,"Tata Steel Ltd
",TTM,Steel,net_profit_margin_pct,1.1433768302173637,0.3269230769230769
HINDALCO,Hindalco Industries Ltd,Mar 2013,Steel,debt_to_equity,1.6119728276252476,0.27083333333333337
HINDALCO,Hindalco Industries Ltd,Mar 2014,Steel,debt_to_equity,1.5948182445079302,0.3125
HINDALCO,Hindalco Industries Ltd,Mar 2015,Steel,debt_to_equity,1.7863236713715462,0.16666666666666663
HINDALCO,Hindalco Industries Ltd,Mar 2016,Steel,debt_to_equity,1.663473614223448,0.25
HINDALCO,Hindalco Industries Ltd,Mar 2017,Steel,debt_to_equity,1.3855489697996048,0.47916666666666663
HINDALCO,Hindalco Industries Ltd,Mar 2018,Steel,debt_to_equity,0.9493546269962809,0.75
HINDALCO,Hindalco Industries Ltd,Mar 2019,Steel,debt_to_equity,0.9115493643588807,0.8125
HINDALCO,Hindalco Industries Ltd,Mar 2020,Steel,debt_to_equity,1.172882692868289,0.625
HINDALCO,Hindalco Industries Ltd,Mar 2021,Steel,debt_to_equity,1.010115281138683,0.7291666666666667
HINDALCO,Hindalco Industries Ltd,Mar 2022,Steel,debt_to_equity,0.8247240731030425,0.8333333333333334
HINDALCO,Hindalco Industries Ltd,Mar 2023,Steel,debt_to_equity,0.6359407632428328,0.8958333333333334
HINDALCO,Hindalco Industries Ltd,Mar 2024,Steel,debt_to_equity,0.5309290976579428,0.9166666666666666
HINDALCO,Hindalco Industries Ltd,TTM,Steel,debt_to_equity,,
JINDALSTEL,Jindal Steel & Power Ltd,Mar 2013,Steel,debt_to_equity,1.1583850931677018,0.6458333333333333
JINDALSTEL,Jindal Steel & Power Ltd,Mar 2014,Steel,debt_to_equity,1.6084918177797434,0.29166666666666663
JINDALSTEL,Jindal Steel & Power Ltd,Mar 2015,Steel,debt_to_equity,2.162389506700884,0.0625
JINDALSTEL,Jindal Steel & Power Ltd,Mar 2016,Steel,debt_to_equity,1.4427487976322604,0.41666666666666663
JINDALSTEL,Jindal Steel & Power Ltd,Mar 2017,Steel,debt_to_equity,1.5257395760540415,0.35416666666666663
JINDALSTEL,Jindal Steel & Power Ltd,Mar 2018,Steel,debt_to_equity,1.413921342767813,0.4375
JINDALSTEL,Jindal Steel & Power Ltd,Mar 2019,Steel,debt_to_equity,1.2329437431821724,0.5625
JINDALSTEL,Jindal Steel & Power Ltd,Mar 2020,Steel,debt_to_equity,1.1458443538600367,0.6666666666666667
JINDALSTEL,Jindal Steel & Power Ltd,Mar 2021,Steel,debt_to_equity,0.9401225836869401,0.7916666666666666
JINDALSTEL,Jindal Steel & Power Ltd,Mar 2022,Steel,debt_to_equity,0.37900350877192984,0.9375
JINDALSTEL,Jindal Steel & Power Ltd,Mar 2023,Steel,debt_to_equity,0.3370536867669095,0.9791666666666666
JINDALSTEL,Jindal Steel & Power Ltd,Mar 2024,Steel,debt_to_equity,0.3716941962270963,0.9583333333333334
JINDALSTEL,Jindal Steel & Power Ltd,TTM,Steel,debt_to_equity,,
JSWSTEEL,JSW Steel Ltd,Mar 2013,Steel,debt_to_equity,1.2672135950776442,0.5416666666666667
JSWSTEEL,JSW Steel Ltd,Mar 2014,Steel,debt_to_equity,1.6778596391801266,0.22916666666666663
JSWSTEEL,JSW Steel Ltd,Mar 2015,Steel,debt_to_equity,1.7386271870794079,0.1875
JSWSTEEL,JSW Steel Ltd,Mar 2016,Steel,debt_to_equity,2.225245175577349,0.02083333333333337
JSWSTEEL,JSW Steel Ltd,Mar 2017,Steel,debt_to_equity,1.9134543206605732,0.125
JSWSTEEL,JSW Steel Ltd,Mar 2018,Steel,debt_to_equity,1.4069933566683335,0.45833333333333337
JSWSTEEL,JSW Steel Ltd,Mar 2019,Steel,debt_to_equity,1.3621497341572064,0.5
JSWSTEEL,JSW Steel Ltd,Mar 2020,Steel,debt_to_equity,1.678269898084647,0.20833333333333337
JSWSTEEL,JSW Steel Ltd,Mar 2021,Steel,debt_to_equity,1.3341886921563595,0.5208333333333333
JSWSTEEL,JSW Steel Ltd,Mar 2022,Steel,debt_to_equity,1.0734059467732588,0.7083333333333333
JSWSTEEL,JSW Steel Ltd,Mar 2023,Steel,debt_to_equity,1.2307329324910572,0.5833333333333333
JSWSTEEL,JSW Steel Ltd,Mar 2024,Steel,debt_to_equity,1.1328071688833383,0.6875
JSWSTEEL,JSW Steel Ltd,TTM,Steel,debt_to_equity,,
TATASTEEL,"Tata Steel Ltd
",Mar 2013,Steel,debt_to_equity,2.0054137890670725,0.10416666666666663
TATASTEEL,"Tata Steel Ltd
",Mar 2014,Steel,debt_to_equity,2.0139396032764236,0.08333333333333337
TATASTEEL,"Tata Steel Ltd
",Mar 2015,Steel,debt_to_equity,2.574276691441513,0.0
TATASTEEL,"Tata Steel Ltd
",Mar 2016,Steel,debt_to_equity,1.8747599012165006,0.14583333333333337
TATASTEEL,"Tata Steel Ltd
",Mar 2017,Steel,debt_to_equity,2.195034242047648,0.04166666666666663
TATASTEEL,"Tata Steel Ltd
",Mar 2018,Steel,debt_to_equity,1.5138078888140494,0.375
TATASTEEL,"Tata Steel Ltd
",Mar 2019,Steel,debt_to_equity,1.4626913311570549,0.39583333333333337
TATASTEEL,"Tata Steel Ltd
",Mar 2020,Steel,debt_to_equity,1.5810590409916276,0.33333333333333337
TATASTEEL,"Tata Steel Ltd
",Mar 2021,Steel,debt_to_equity,1.19210926871321,0.6041666666666667
TATASTEEL,"Tata Steel Ltd
",Mar 2022,Steel,debt_to_equity,0.6602500808262629,0.875
TATASTEEL,"Tata Steel Ltd
",Mar 2023,Steel,debt_to_equity,0.8235482431462331,0.8541666666666666
TATASTEEL,"Tata Steel Ltd
",Mar 2024,Steel,debt_to_equity,0.9461835171402184,0.7708333333333334
TATASTEEL,"Tata Steel Ltd
",TTM,Steel,debt_to_equity,,
HINDALCO,Hindalco Industries Ltd,Mar 2013,Steel,interest_coverage,65.26012601260126,0.8461538461538461
HINDALCO,Hindalco Industries Ltd,Mar 2014,Steel,interest_coverage,117.69571639586411,0.9230769230769231
HINDALCO,Hindalco Industries Ltd,Mar 2015,Steel,interest_coverage,-114.71754807692308,0.038461538461538464
HINDALCO,Hindalco Industries Ltd,Mar 2016,Steel,interest_coverage,60.659333333333336,0.8269230769230769
HINDALCO,Hindalco Industries Ltd,Mar 2017,Steel,interest_coverage,73.35475792988314,0.8653846153846154
HINDALCO,Hindalco Industries Ltd,Mar 2018,Steel,interest_coverage,35.2552969781174,0.8076923076923077
HINDALCO,Hindalco Industries Ltd,Mar 2019,Steel,interest_coverage,102.07897071872227,0.8846153846153846
HINDALCO,Hindalco Industries Ltd,Mar 2020,Steel,interest_coverage,114.62472406181016,0.9038461538461539
HINDALCO,Hindalco Industries Ltd,Mar 2021,Steel,interest_coverage,-115.96960486322189,0.019230769230769232
HINDALCO,Hindalco Industries Ltd,Mar 2022,Steel,interest_coverage,133.06225059856345,0.9615384615384616
HINDALCO,Hindalco Industries Ltd,Mar 2023,Steel,interest_coverage,153.43993879112472,1.0
HINDALCO,Hindalco Industries Ltd,Mar 2024,Steel,interest_coverage,126.46543778801843,0.9423076923076923
HINDALCO,Hindalco Industries Ltd,TTM,Steel,interest_coverage,150.8453846153846,0.9807692307692307
JINDALSTEL,Jindal Steel & Power Ltd,Mar 2013,Steel,interest_coverage,6.034676663542643,0.6730769230769231
JINDALSTEL,Jindal Steel & Power Ltd,Mar 2014,Steel,interest_coverage,3.4023242944106253,0.4423076923076923
JINDALSTEL,Jindal Steel & Power Ltd,Mar 2015,Steel,interest_coverage,1.413913043478261,0.1346153846153846
JINDALSTEL,Jindal Steel & Power Ltd,Mar 2016,Steel,interest_coverage,1.031960663798402,0.057692307692307696
JINDALSTEL,Jindal Steel & Power Ltd,Mar 2017,Steel,interest_coverage,1.2632955536181343,0.09615384615384616
JINDALSTEL,Jindal Steel & Power Ltd,Mar 2018,Steel,interest_coverage,1.5222452146921883,0.15384615384615385
JINDALSTEL,Jindal Steel & Power Ltd,Mar 2019,Steel,interest_coverage,1.6280487804878048,0.17307692307692307
JINDALSTEL,Jindal Steel & Power Ltd,Mar 2020,Steel,interest_coverage,1.8325371549893843,0.19230769230769232
JINDALSTEL,Jindal Steel & Power Ltd,Mar 2021,Steel,interest_coverage,4.084998183799492,0.5769230769230769
JINDALSTEL,Jindal Steel & Power Ltd,Mar 2022,Steel,interest_coverage,7.243114406779661,0.7115384615384616
JINDALSTEL,Jindal Steel & Power Ltd,Mar 2023,Steel,interest_coverage,6.502766251728907,0.6923076923076923
JINDALSTEL,Jindal Steel & Power Ltd,Mar 2024,Steel,interest_coverage,8.004636785162287,0.7307692307692307
JINDALSTEL,Jindal Steel & Power Ltd,TTM,Steel,interest_coverage,8.094354215003866,0.75
JSWSTEEL,JSW Steel Ltd,Mar 2013,Steel,interest_coverage,3.1545500762582614,0.40384615384615385
JSWSTEEL,JSW Steel Ltd,Mar 2014,Steel,interest_coverage,2.4734251968503935,0.3076923076923077
JSWSTEEL,JSW Steel Ltd,Mar 2015,Steel,interest_coverage,2.71027769825365,0.34615384615384615
JSWSTEEL,JSW Steel Ltd,Mar 2016,Steel,interest_coverage,1.237434046098306,0.07692307692307693
JSWSTEEL,JSW Steel Ltd,Mar 2017,Steel,interest_coverage,3.271231422505308,0.4230769230769231
JSWSTEEL,JSW Steel Ltd,Mar 2018,Steel,interest_coverage,3.982437179140773,0.5192307692307693
JSWSTEEL,JSW Steel Ltd,Mar 2019,Steel,interest_coverage,4.882818483533316,0.5961538461538461
JSWSTEEL,JSW Steel Ltd,Mar 2020,Steel,interest_coverage,2.7019929660023445,0.3269230769230769
JSWSTEEL,JSW Steel Ltd,Mar 2021,Steel,interest_coverage,5.218852666161233,0.6153846153846154
JSWSTEEL,JSW Steel Ltd,Mar 2022,Steel,interest_coverage,8.19524959742351,0.7692307692307693
JSWSTEEL,JSW Steel Ltd,Mar 2023,Steel,interest_coverage,2.9022022602144304,0.38461538461538464
JSWSTEEL,JSW Steel Ltd,Mar 2024,Steel,interest_coverage,3.659099321406539,0.4807692307692308
JSWSTEEL,JSW Steel Ltd,TTM,Steel,interest_coverage,2.714200477326969,0.36538461538461536
TATASTEEL,"Tata Steel Ltd
",Mar 2013,Steel,interest_coverage,1.3634072580645162,0.11538461538461539
TATASTEEL,"Tata Steel Ltd
",Mar 2014,Steel,interest_coverage,3.896702789946968,0.5
TATASTEEL,"Tata Steel Ltd
",Mar 2015,Steel,interest_coverage,1.939562706270627,0.25
TATASTEEL,"Tata Steel Ltd
",Mar 2016,Steel,interest_coverage,2.3030087656953326,0.28846153846153844
TATASTEEL,"Tata Steel Ltd
",Mar 2017,Steel,interest_coverage,1.8444400630914826,0.21153846153846154
TATASTEEL,"Tata Steel Ltd
",Mar 2018,Steel,interest_coverage,5.926856095325389,0.6538461538461539
TATASTEEL,"Tata Steel Ltd
",Mar 2019,Steel,interest_coverage,4.026370757180157,0.5384615384615384
TATASTEEL,"Tata Steel Ltd
",Mar 2020,Steel,interest_coverage,1.93535112173105,0.23076923076923078
TATASTEEL,"Tata Steel Ltd
",Mar 2021,Steel,interest_coverage,4.033653214144866,0.5576923076923077
TATASTEEL,"Tata Steel Ltd
",Mar 2022,Steel,interest_coverage,11.861955327718784,0.7884615384615384
TATASTEEL,"Tata Steel Ltd
",Mar 2023,Steel,interest_coverage,5.376885219876171,0.6346153846153846
TATASTEEL,"Tata Steel Ltd
",Mar 2024,Steel,interest_coverage,2.1634256792754396,0.2692307692307692
TATASTEEL,"Tata Steel Ltd
",TTM,Steel,interest_coverage,3.4737625101433593,0.46153846153846156
HINDALCO,Hindalco Industries Ltd,Mar 2013,Steel,asset_turnover,0.665005390165022,0.5
HINDALCO,Hindalco Industries Ltd,Mar 2014,Steel,asset_turnover,0.6355539128292096,0.375
HINDALCO,Hindalco Industries Ltd,Mar 2015,Steel,asset_turnover,0.7356891905238948,0.6458333333333334
HINDALCO,Hindalco Industries Ltd,Mar 2016,Steel,asset_turnover,0.6996939339407422,0.6041666666666666
HINDALCO,Hindalco Industries Ltd,Mar 2017,Steel,asset_turnover,0.685515655791548,0.5625
HINDALCO,Hindalco Industries Ltd,Mar 2018,Steel,asset_turnover,0.7834832056810916,0.7708333333333334
HINDALCO,Hindalco Industries Ltd,Mar 2019,Steel,asset_turnover,0.858987181849288,0.8541666666666666
HINDALCO,Hindalco Industries Ltd,Mar 2020,Steel,asset_turnover,0.7006606649349417,0.625
HINDALCO,Hindalco Industries Ltd,Mar 2021,Steel,asset_turnover,0.6991134507631526,0.5833333333333334
HINDALCO,Hindalco Industries Ltd,Mar 2022,Steel,asset_turnover,0.8792184084199139,0.9375
HINDALCO,Hindalco Industries Ltd,Mar 2023,Steel,asset_turnover,0.9987158204654368,1.0
HINDALCO,Hindalco Industries Ltd,Mar 2024,Steel,asset_turnover,0.9360228499109322,0.9791666666666666
HINDALCO,Hindalco Industries Ltd,TTM,Steel,asset_turnover,,
JINDALSTEL,Jindal Steel & Power Ltd,Mar 2013,Steel,asset_turnover,0.3470467646698088,0.10416666666666667
JINDALSTEL,Jindal Steel & Power Ltd,Mar 2014,Steel,asset_turnover,0.27986011347641226,0.08333333333333333
JINDALSTEL,Jindal Steel & Power Ltd,Mar 2015,Steel,asset_turnover,0.2568410183089082,0.0625
JINDALSTEL,Jindal Steel & Power Ltd,Mar 2016,Steel,asset_turnover,0.2107080239832031,0.020833333333333332
JINDALSTEL,Jindal Steel & Power Ltd,Mar 2017,Steel,asset_turnover,0.23850952249516974,0.041666666666666664
JINDALSTEL,Jindal Steel & Power Ltd,Mar 2018,Steel,asset_turnover,0.3730359744480556,0.125
JINDALSTEL,Jindal Steel & Power Ltd,Mar 2019,Steel,asset_turnover,0.5277019359333042,0.20833333333333334
JINDALSTEL,Jindal Steel & Power Ltd,Mar 2020,Steel,asset_turnover,0.4225780570970114,0.14583333333333334
JINDALSTEL,Jindal Steel & Power Ltd,Mar 2021,Steel,asset_turnover,0.44423175745118193,0.16666666666666666
JINDALSTEL,Jindal Steel & Power Ltd,Mar 2022,Steel,asset_turnover,0.6675799801680496,0.5208333333333334
JINDALSTEL,Jindal Steel & Power Ltd,Mar 2023,Steel,asset_turnover,0.7664453310671641,0.7083333333333334
JINDALSTEL,Jindal Steel & Power Ltd,Mar 2024,Steel,asset_turnover,0.6400172860847018,0.3958333333333333
JINDALSTEL,Jindal Steel & Power Ltd,TTM,Steel,asset_turnover,,
JSWSTEEL,JSW Steel Ltd,Mar 2013,Steel,asset_turnover,0.6643715333924504,0.4791666666666667
JSWSTEEL,JSW Steel Ltd,Mar 2014,Steel,asset_turnover,0.6597114889232355,0.4583333333333333
JSWSTEEL,JSW Steel Ltd,Mar 2015,Steel,asset_turnover,0.6184416372848903,0.3333333333333333
JSWSTEEL,JSW Steel Ltd,Mar 2016,Steel,asset_turnover,0.5072338139597348,0.1875
JSWSTEEL,JSW Steel Ltd,Mar 2017,Steel,asset_turnover,0.6318277370603943,0.3541666666666667
JSWSTEEL,JSW Steel Ltd,Mar 2018,Steel,asset_turnover,0.7821354789605306,0.75
JSWSTEEL,JSW Steel Ltd,Mar 2019,Steel,asset_turnover,0.7383206878228525,0.6666666666666666
JSWSTEEL,JSW Steel Ltd,Mar 2020,Steel,asset_turnover,0.5562585343650432,0.25
JSWSTEEL,JSW Steel Ltd,Mar 2021,Steel,asset_turnover,0.5382997228908352,0.22916666666666666
JSWSTEEL,JSW Steel Ltd,Mar 2022,Steel,asset_turnover,0.7449474514593989,0.6875
JSWSTEEL,JSW Steel Ltd,Mar 2023,Steel,asset_turnover,0.7882625071839422,0.7916666666666666
JSWSTEEL,JSW Steel Ltd,Mar 2024,Steel,asset_turnover,0.7679137157851319,0.7291666666666666
JSWSTEEL,JSW Steel Ltd,TTM,Steel,asset_turnover,,
TATASTEEL,"Tata Steel Ltd
",Mar 2013,Steel,asset_turnover,0.9171818404640649,0.9583333333333334
TATASTEEL,"Tata Steel Ltd
",Mar 2014,Steel,asset_turnover,0.8660287638982774,0.8958333333333334
TATASTEEL,"Tata Steel Ltd
",Mar 2015,Steel,asset_turnover,0.8767825830091321,0.9166666666666666
TATASTEEL,"Tata Steel Ltd
",Mar 2016,Steel,asset_turnover,0.5764512335768074,0.2916666666666667
TATASTEEL,"Tata Steel Ltd
",Mar 2017,Steel,asset_turnover,0.6512087771895133,0.4375
TATASTEEL,"Tata Steel Ltd
",Mar 2018,Steel,asset_turnover,0.5904935751861328,0.3125
TATASTEEL,"Tata Steel Ltd
",Mar 2019,Steel,asset_turnover,0.6773508955076405,0.5416666666666666
TATASTEEL,"Tata Steel Ltd
",Mar 2020,Steel,asset_turnover,0.5611782507656061,0.2708333333333333
TATASTEEL,"Tata Steel Ltd
",Mar 2021,Steel,asset_turnover,0.6407881627984208,0.4166666666666667
TATASTEEL,"Tata Steel Ltd
",Mar 2022,Steel,asset_turnover,0.8638101847589778,0.875
TATASTEEL,"Tata Steel Ltd
",Mar 2023,Steel,asset_turnover,0.8526853915261602,0.8333333333333334
TATASTEEL,"Tata Steel Ltd
",Mar 2024,Steel,asset_turnover,0.8509498277091255,0.8125
TATASTEEL,"Tata Steel Ltd
",TTM,Steel,asset_turnover,,
HINDALCO,Hindalco Industries Ltd,Mar 2013,Steel,free_cash_flow_cr,-10824.0,0.020833333333333332
HINDALCO,Hindalco Industries Ltd,Mar 2014,Steel,free_cash_flow_cr,-139.0,0.2708333333333333
HINDALCO,Hindalco Industries Ltd,Mar 2015,Steel,free_cash_flow_cr,3270.0,0.5208333333333334
HINDALCO,Hindalco Industries Ltd,Mar 2016,Steel,free_cash_flow_cr,8468.0,0.75
HINDALCO,Hindalco Industries Ltd,Mar 2017,Steel,free_cash_flow_cr,9811.0,0.7916666666666666
HINDALCO,Hindalco Industries Ltd,Mar 2018,Steel,free_cash_flow_cr,16231.0,0.9583333333333334
HINDALCO,Hindalco Industries Ltd,Mar 2019,Steel,free_cash_flow_cr,6521.0,0.6666666666666666
HINDALCO,Hindalco Industries Ltd,Mar 2020,Steel,free_cash_flow_cr,5518.0,0.5833333333333334
HINDALCO,Hindalco Industries Ltd,Mar 2021,Steel,free_cash_flow_cr,-8048.0,0.0625
HINDALCO,Hindalco Industries Ltd,Mar 2022,Steel,free_cash_flow_cr,10065.0,0.8125
HINDALCO,Hindalco Industries Ltd,Mar 2023,Steel,free_cash_flow_cr,11649.0,0.8958333333333334
HINDALCO,Hindalco Industries Ltd,Mar 2024,Steel,free_cash_flow_cr,9789.0,0.7708333333333334
HINDALCO,Hindalco Industries Ltd,TTM,Steel,free_cash_flow_cr,,
JINDALSTEL,Jindal Steel & Power Ltd,Mar 2013,Steel,free_cash_flow_cr,-6069.0,0.10416666666666667
JINDALSTEL,Jindal Steel & Power Ltd,Mar 2014,Steel,free_cash_flow_cr,-8114.0,0.041666666666666664
JINDALSTEL,Jindal Steel & Power Ltd,Mar 2015,Steel,free_cash_flow_cr,-5535.0,0.125
JINDALSTEL,Jindal Steel & Power Ltd,Mar 2016,Steel,free_cash_flow_cr,2071.0,0.375
JINDALSTEL,Jindal Steel & Power Ltd,Mar 2017,Steel,free_cash_flow_cr,4852.0,0.5625
JINDALSTEL,Jindal Steel & Power Ltd,Mar 2018,Steel,free_cash_flow_cr,6293.0,0.6458333333333334
JINDALSTEL,Jindal Steel & Power Ltd,Mar 2019,Steel,free_cash_flow_cr,8195.0,0.7291666666666666
JINDALSTEL,Jindal Steel & Power Ltd,Mar 2020,Steel,free_cash_flow_cr,7338.0,0.6875
JINDALSTEL,Jindal Steel & Power Ltd,Mar 2021,Steel,free_cash_flow_cr,10077.0,0.8333333333333334
JINDALSTEL,Jindal Steel & Power Ltd,Mar 2022,Steel,free_cash_flow_cr,13717.0,0.9375
JINDALSTEL,Jindal Steel & Power Ltd,Mar 2023,Steel,free_cash_flow_cr,3257.0,0.5
JINDALSTEL,Jindal Steel & Power Ltd,Mar 2024,Steel,free_cash_flow_cr,-2336.0,0.22916666666666666
JINDALSTEL,Jindal Steel & Power Ltd,TTM,Steel,free_cash_flow_cr,,
JSWSTEEL,JSW Steel Ltd,Mar 2013,Steel,free_cash_flow_cr,411.0,0.2916666666666667
JSWSTEEL,JSW Steel Ltd,Mar 2014,Steel,free_cash_flow_cr,-3024.0,0.1875
JSWSTEEL,JSW Steel Ltd,Mar 2015,Steel,free_cash_flow_cr,504.0,0.3125
JSWSTEEL,JSW Steel Ltd,Mar 2016,Steel,free_cash_flow_cr,3040.0,0.4583333333333333
JSWSTEEL,JSW Steel Ltd,Mar 2017,Steel,free_cash_flow_cr,2794.0,0.4166666666666667
JSWSTEEL,JSW Steel Ltd,Mar 2018,Steel,free_cash_flow_cr,7850.0,0.7083333333333334
JSWSTEEL,JSW Steel Ltd,Mar 2019,Steel,free_cash_flow_cr,3246.0,0.4791666666666667
JSWSTEEL,JSW Steel Ltd,Mar 2020,Steel,free_cash_flow_cr,-6804.0,0.08333333333333333
JSWSTEEL,JSW Steel Ltd,Mar 2021,Steel,free_cash_flow_cr,11087.0,0.8541666666666666
JSWSTEEL,JSW Steel Ltd,Mar 2022,Steel,free_cash_flow_cr,11522.0,0.875
JSWSTEEL,JSW Steel Ltd,Mar 2023,Steel,free_cash_flow_cr,12593.0,0.9166666666666666
JSWSTEEL,JSW Steel Ltd,Mar 2024,Steel,free_cash_flow_cr,-2389.0,0.20833333333333334
JSWSTEEL,JSW Steel Ltd,TTM,Steel,free_cash_flow_cr,,
TATASTEEL,"Tata Steel Ltd
",Mar 2013,Steel,free_cash_flow_cr,936.0,0.3333333333333333
TATASTEEL,"Tata Steel Ltd
",Mar 2014,Steel,free_cash_flow_cr,-2232.0,0.25
TATASTEEL,"Tata Steel Ltd
",Mar 2015,Steel,free_cash_flow_cr,2859.0,0.4375
TATASTEEL,"Tata Steel Ltd
",Mar 2016,Steel,free_cash_flow_cr,2661.0,0.3958333333333333
TATASTEEL,"Tata Steel Ltd
",Mar 2017,Steel,free_cash_flow_cr,1334.0,0.3541666666666667
TATASTEEL,"Tata Steel Ltd
",Mar 2018,Steel,free_cash_flow_cr,-3707.0,0.16666666666666666
TATASTEEL,"Tata Steel Ltd
",Mar 2019,Steel,free_cash_flow_cr,-3840.0,0.14583333333333334
TATASTEEL,"Tata Steel Ltd
",Mar 2020,Steel,free_cash_flow_cr,6157.0,0.625
TATASTEEL,"Tata Steel Ltd
",Mar 2021,Steel,free_cash_flow_cr,34890.0,1.0
TATASTEEL,"Tata Steel Ltd
",Mar 2022,Steel,free_cash_flow_cr,33476.0,0.9791666666666666
TATASTEEL,"Tata Steel Ltd
",Mar 2023,Steel,free_cash_flow_cr,3504.0,0.5416666666666666
TATASTEEL,"Tata Steel Ltd
",Mar 2024,Steel,free_cash_flow_cr,6048.0,0.6041666666666666
TATASTEEL,"Tata Steel Ltd
",TTM,Steel,free_cash_flow_cr,,
