id_x,company_id,year,net_profit_margin_pct,operating_profit_margin_pct,return_on_equity_pct,return_on_capital_employed_pct,debt_to_equity,interest_coverage,asset_turnover,free_cash_flow_cr,capex_cr,cash_from_operations_cr,earnings_per_share,dividend_payout_ratio_pct,total_debt_cr,id_y,company_name,roe_percentage,roce_percentage,broad_sector,high_leverage_flag,roce_difference
61,ABB,2012,8.771929824561402,12.220205686630369,22.411128284389488,31.221020092735703,0.0,,1.822491730981257,42.0,59.0,101.0,68.0,25.0,0.0,ABB,Abbott India Ltd,34.9,46.0,Industrials,False,14.778979907264297
62,ABB,2014,8.699472759226714,11.731107205623902,25.12690355329949,33.88324873096447,0.0,,1.9982440737489024,11.0,144.0,155.0,93.0,25.0,0.0,ABB,Abbott India Ltd,34.9,46.0,Industrials,False,12.116751269035532
63,ABB,2015,10.004368719965049,13.630406290956751,24.439701173959445,33.29775880469584,0.0,,1.665938864628821,28.0,187.0,215.0,108.0,29.0,0.0,ABB,Abbott India Ltd,34.9,46.0,Industrials,False,12.702241195304161
64,ABB,2016,9.755164498852334,13.963274674827849,21.338912133891213,30.543933054393307,0.0,138.33333333333334,1.6175742574257426,172.0,77.0,249.0,120.0,29.0,0.0,ABB,Abbott India Ltd,34.9,46.0,Industrials,False,15.456066945606693
65,ABB,2017,9.541853255253187,13.709955218739237,19.971160778658977,28.69502523431867,0.0,227.5,1.40513068731849,152.0,155.0,307.0,130.0,31.0,0.0,ABB,Abbott India Ltd,34.9,46.0,Industrials,False,17.30497476568133
66,ABB,2018,12.15888417222559,15.918738629472406,23.685764914353218,31.010041346721795,0.0,160.5,1.365066225165563,-62.0,215.0,153.0,189.0,29.0,0.0,ABB,Abbott India Ltd,34.9,46.0,Industrials,False,14.989958653278205
67,ABB,2019,12.231584669747214,16.444686055993476,22.410358565737052,30.12948207171315,0.0,359.0,1.2509350561033663,242.0,257.0,499.0,212.0,31.0,0.0,ABB,Abbott India Ltd,34.9,46.0,Industrials,False,15.870517928286851
68,ABB,2020,14.488150500855118,18.49499144881505,24.39325380501851,29.04834996162701,0.07198683669271905,96.77777777777777,1.153932901043135,225.0,401.0,626.0,279.0,90.0,175.0,ABB,Abbott India Ltd,34.9,46.0,Industrials,False,16.95165003837299
69,ABB,2021,16.03248259860789,21.392111368909514,26.5564950038432,33.46642468239565,0.058800922367409685,55.72222222222222,1.1223958333333333,655.0,72.0,727.0,325.0,85.0,153.0,ABB,Abbott India Ltd,34.9,46.0,Industrials,False,12.533575317604353
70,ABB,2022,16.26297577854671,22.023203745165887,28.333333333333332,36.4064602960969,0.05390070921985816,61.31578947368421,1.1631155303030303,552.0,396.0,948.0,376.0,73.0,152.0,ABB,Abbott India Ltd,34.9,46.0,Industrials,False,9.593539703903097
71,ABB,2023,17.74163395027108,22.546270330902974,29.767879548306148,36.53438352014541,0.03544542032622334,85.0,1.1740561896400352,745.0,148.0,893.0,447.0,73.0,113.0,ABB,Abbott India Ltd,34.9,46.0,Industrials,False,9.465616479854589
72,ABB,2024,20.533424517011454,24.84185330825782,32.46823465801568,38.41882601797991,0.022438496891051634,141.75,1.1263238975544,797.0,416.0,1213.0,565.0,73.0,83.0,ABB,Abbott India Ltd,34.9,46.0,Industrials,False,7.58117398202009
86,ADANIENSOL,2014,,,0.0,0.0,0.0,,,0.0,0.0,0.0,0.0,,0.0,ADANIENSOL,Adani Energy Solutions Ltd,8.59,9.0,Energy,False,9.0
87,ADANIENSOL,2015,-5.343511450381679,77.09923664122137,-0.6463527239150507,0.936572700296736,8.95752539242844,1.4246575342465753,0.011399234249912982,-1899.0,1864.0,-35.0,0.0,0.0,9701.0,ADANIENSOL,Adani Energy Solutions Ltd,8.59,9.0,Energy,True,8.063427299703264
88,ADANIENSOL,2016,16.773017319963536,87.83044667274385,13.77245508982036,17.118237541085545,3.2129491017964074,2.0867293625914316,0.18678699131619275,728.0,816.0,1544.0,3.0,0.0,8585.0,ADANIENSOL,Adani Energy Solutions Ltd,8.59,9.0,Energy,False,8.118237541085545
89,ADANIENSOL,2017,14.464534075104313,68.94993045897078,14.116050220563285,16.633115249119275,3.045469969460468,2.2179203539823007,0.22449457497463118,459.0,1730.0,2189.0,4.0,0.0,8975.0,ADANIENSOL,Adani Energy Solutions Ltd,8.59,9.0,Energy,False,7.633115249119275
90,ADANIENSOL,2018,28.98073022312373,71.65314401622717,18.87072808320951,17.142857142857142,1.7216443784051512,3.31489841986456,0.22843903851723138,-994.0,3192.0,2198.0,10.0,0.0,10428.0,ADANIENSOL,Adani Energy Solutions Ltd,8.59,9.0,Energy,False,8.142857142857142
101,ADANIENT,2016,2.9404845918607387,4.951776052693484,7.4749588877261175,5.174055980581928,1.4328748691882194,2.0103168754605747,0.8159504786583172,3287.0,1825.0,5112.0,9.0,4.0,19169.0,ADANIENT,Adani Enterprises Ltd,13.64,11.6,Industrials,False,6.425944019418072
102,ADANIENT,2017,2.5319574083705145,5.206251881860236,6.543576683644596,5.437081927848608,1.4746745897000566,2.1089896579156724,0.7673226775325029,-686.0,1460.0,774.0,9.0,4.0,20846.0,ADANIENT,Adani Enterprises Ltd,13.64,11.6,Industrials,False,6.162918072151392
103,ADANIENT,2018,1.653490702594366,5.673087629439929,3.936642587315263,6.227464401393387,1.1688647359003248,1.9208,0.6368938923854268,-4707.0,7649.0,2942.0,7.0,6.0,17637.0,ADANIENT,Adani Enterprises Ltd,13.64,11.6,Industrials,False,5.372535598606612
107,ADANIENT,2022,1.135119562085854,5.3500432152117545,3.5404591813811384,5.815756095269413,1.8692546165251382,1.870942201108472,0.6833618805740949,-15656.0,17041.0,1385.0,7.0,14.0,41604.0,ADANIENT,Adani Enterprises Ltd,13.64,11.6,Industrials,False,5.7842439047305865
111,ADANIGREEN,2017,-9.362549800796813,80.2788844621514,-3.906899418121363,7.261261261261261,3.6134663341645887,1.4461077844311376,0.08149350649350649,-1483.0,1511.0,28.0,0.0,0.0,4347.0,ADANIGREEN,Adani Green Energy Ltd,14.7,96.5,Energy,False,89.23873873873873
112,ADANIGREEN,2018,-9.324324324324325,56.95945945945946,-10.290827740492169,7.523427041499331,7.355704697986577,1.6032608695652173,0.09421350818002419,-3779.0,4428.0,649.0,-1.0,0.0,9864.0,ADANIGREEN,Adani Green Energy Ltd,14.7,96.5,Energy,True,88.97657295850067
113,ADANIGREEN,2019,-23.080660835762874,74.14965986394559,-24.573202276254527,11.671128107074571,5.764097258147957,1.4264049955396967,0.14040114613180515,-1041.0,2666.0,1625.0,-3.0,0.0,11142.0,ADANIGREEN,Adani Green Energy Ltd,14.7,96.5,Energy,True,84.82887189292543
114,ADANIGREEN,2020,-2.6677128285602194,56.88505296194586,-2.8850233347475602,8.418974626952332,6.307170131523122,1.3457286432160804,0.13835214937038645,-1778.0,3743.0,1965.0,0.0,0.0,14866.0,ADANIGREEN,Adani Green Energy Ltd,14.7,96.5,Energy,True,88.08102537304767
115,ADANIGREEN,2021,5.8258642765685025,71.73495518565942,8.272727272727273,8.485743496535273,11.004090909090909,1.3476702508960574,0.10888052418792694,-7536.0,9137.0,1601.0,1.0,0.0,24209.0,ADANIGREEN,Adani Green Energy Ltd,14.7,96.5,Energy,True,88.01425650346472
116,ADANIGREEN,2022,9.526592635885448,68.42002727449834,18.706962509563887,6.334090827111064,20.211170619739864,1.5357279327474207,0.08706788343454218,-15603.0,18730.0,3127.0,3.0,0.0,52832.0,ADANIGREEN,Adani Green Energy Ltd,14.7,96.5,Energy,True,90.16590917288893
117,ADANIGREEN,2023,12.512860082304528,63.91460905349794,13.321467688937568,8.07775448177223,7.423740416210296,1.936447956028856,0.11621754920862665,3408.0,3857.0,7265.0,6.0,0.0,54223.0,ADANIGREEN,Adani Green Energy Ltd,14.7,96.5,Energy,True,88.42224551822777
118,ADANIGREEN,2024,13.665943600867678,79.3709327548807,12.812690665039659,9.797568682054303,6.595281675818589,1.713943268078306,0.10467043571055559,-13347.0,21060.0,7713.0,7.0,0.0,64858.0,ADANIGREEN,Adani Green Energy Ltd,14.7,96.5,Energy,True,86.7024313179457
146,ADANIPOWER,2013,-34.294680215182304,14.34548714883443,-53.459119496855344,2.0829717063009894,9.735616119263918,0.6899588960657663,0.12236688121708601,-1063.0,4064.0,3001.0,-10.0,0.0,41795.0,ADANIPOWER,Adani Power Ltd,57.1,32.2,Energy,True,30.117028293699015
147,ADANIPOWER,2014,-1.8984864300626305,29.964770354906058,-4.447501146263182,9.060422543546446,6.747669264863212,1.1364728495915426,0.2609509865676978,-1462.0,4700.0,3238.0,-1.0,0.0,44150.0,ADANIPOWER,Adani Power Ltd,57.1,32.2,Energy,True,23.13957745645356
148,ADANIPOWER,2015,-4.367606915377617,25.03880533104962,-14.253275109170305,9.26942358372798,7.815196506550218,1.2060032894736843,0.3195095256011219,1087.0,4737.0,5824.0,-3.0,0.0,44742.0,ADANIPOWER,Adani Power Ltd,57.1,32.2,Energy,True,22.930576416272025
149,ADANIPOWER,2016,2.171257437837412,34.6849509398274,7.378146759507231,14.621991129126036,7.06065881092662,1.5469424460431656,0.33481542074570547,2565.0,2692.0,5257.0,2.0,0.0,52729.0,ADANIPOWER,Adani Power Ltd,57.1,32.2,Energy,True,17.578008870873965
150,ADANIPOWER,2017,-27.299257163070394,26.44145737530951,-205.79999999999998,10.77788191190253,17.494666666666667,0.3920704845814978,0.31625903707121983,3513.0,1212.0,4725.0,-16.0,0.0,52484.0,ADANIPOWER,Adani Power Ltd,57.1,32.2,Energy,True,21.422118088097474
151,ADANIPOWER,2018,-10.35756501182033,26.773049645390074,-236.55793025871765,10.118382845655573,59.43194600674916,1.111310592459605,0.29202623403520883,4581.0,520.0,5101.0,-5.0,0.0,52835.0,ADANIPOWER,Adani Power Ltd,57.1,32.2,Energy,True,22.08161715434443
152,ADANIPOWER,2019,-4.119912912409982,20.86333947412494,-12.759336099585061,9.11102172164119,6.091804979253112,1.313593777620647,0.3513127895859381,4626.0,984.0,5610.0,-3.0,0.0,46980.0,ADANIPOWER,Adani Power Ltd,57.1,32.2,Energy,True,23.088978278358812
153,ADANIPOWER,2020,-8.595284872298626,21.66389602538915,-35.102607622280516,9.296368352788587,8.517049837987965,1.139604891815616,0.3527890703098967,3294.0,2304.0,5598.0,-6.0,0.0,55199.0,ADANIPOWER,Adani Power Ltd,57.1,32.2,Energy,True,22.903631647211416
154,ADANIPOWER,2021,4.84344609282636,33.13374775942947,9.685045374818882,13.237445148707947,4.005109433386716,2.0754014884449665,0.3327284724513362,4826.0,2188.0,7014.0,3.0,0.0,52519.0,ADANIPOWER,Adani Power Ltd,57.1,32.2,Energy,False,18.962554851292055
155,ADANIPOWER,2022,17.725812854101257,35.6573201977554,26.613209080565635,14.61643146652466,2.662675407704394,3.3672771672771673,0.33801734548248985,11007.0,774.0,10233.0,13.0,0.0,49145.0,ADANIPOWER,Adani Power Ltd,57.1,32.2,Energy,False,17.583568533475344
156,ADANIPOWER,2023,27.666159440848016,26.038738297268715,35.90507430713616,13.978345748068563,1.4175257731958764,4.2927414517096585,0.4517891891262045,9976.0,1545.0,8431.0,28.0,0.0,42350.0,ADANIPOWER,Adani Power Ltd,57.1,32.2,Energy,False,18.22165425193144
157,ADANIPOWER,2024,41.36759945184802,36.20186292228556,48.27674122146251,23.441056570774553,0.8023177656738903,8.297225501770956,0.5472399439185297,17651.0,3481.0,14170.0,54.0,0.0,34616.0,ADANIPOWER,Adani Power Ltd,57.1,32.2,Energy,False,8.75894342922545
159,AMBUJACEM,2012,13.252641296543235,25.36670427736178,14.686825053995682,27.921418087388506,0.006820506991019666,32.58974358974359,0.7897124341838802,1472.0,388.0,1860.0,8.0,43.0,60.0,AMBUJACEM,Ambuja Cements Ltd,9.24,12.8,Materials,False,15.121418087388506
161,AMBUJACEM,2014,14.937217478653944,19.427423405323957,14.766633565044687,19.1409342834521,0.0033763654419066533,35.65151515151515,0.7173223807465052,1219.0,456.0,1675.0,10.0,46.0,34.0,AMBUJACEM,Ambuja Cements Ltd,9.24,12.8,Materials,False,6.3409342834521
164,AMBUJACEM,2017,8.238383667245541,16.34122580371892,9.408862229102168,18.641283339775804,0.0011609907120743034,20.354368932038835,0.6648736939930722,2678.0,738.0,3416.0,8.0,47.0,24.0,AMBUJACEM,Ambuja Cements Ltd,9.24,12.8,Materials,False,5.841283339775803
165,AMBUJACEM,2018,11.416612265273992,15.402634307438271,13.29012069736254,17.89825970548862,0.001788109074653554,24.958823529411763,0.6964510176245621,938.0,765.0,1703.0,11.0,14.0,40.0,AMBUJACEM,Ambuja Cements Ltd,9.24,12.8,Materials,False,5.098259705488619
166,AMBUJACEM,2019,10.267857142857142,16.960596221959857,11.558268959215882,19.059662506737425,0.0017027992358169283,30.576470588235296,0.6745980387276619,3548.0,1191.0,4739.0,11.0,14.0,41.0,AMBUJACEM,Ambuja Cements Ltd,9.24,12.8,Materials,False,6.259662506737424
167,AMBUJACEM,2020,12.673356175558819,20.41931799641051,13.65294195192688,21.551575684518685,0.02069692841762974,37.81428571428572,0.6172516239488394,3515.0,1317.0,4832.0,12.0,151.0,471.0,AMBUJACEM,Ambuja Cements Ltd,9.24,12.8,Materials,False,8.751575684518684
168,AMBUJACEM,2021,12.812014500258934,21.439668565510097,14.636743709079436,24.04088111184236,0.01881359943204228,44.26027397260274,0.6407477048999004,3302.0,2007.0,5309.0,14.0,45.0,477.0,AMBUJACEM,Ambuja Cements Ltd,9.24,12.8,Materials,False,11.24088111184236
175,APOLLOHOSP,2016,3.8211382113821135,11.121951219512196,7.052821128451381,11.093091144988646,0.8505402160864346,4.311111111111111,0.8355978260869565,-291.0,888.0,597.0,17.0,35.0,2834.0,APOLLOHOSP,"Apollo Hospitals
Chain of Indian private hospitals",13.81,17.2,Healthcare,False,6.106908855011353
176,APOLLOHOSP,2017,1.8054024255788312,10.115766262403527,3.952926976463488,11.399285603354558,0.9429692214846107,3.0894941634241246,0.8954708132790324,-529.0,1152.0,623.0,16.0,38.0,3125.0,APOLLOHOSP,"Apollo Hospitals
Chain of Indian private hospitals",13.81,17.2,Healthcare,False,5.800714396645441
177,APOLLOHOSP,2018,0.7278903311901006,9.717335921387845,1.8450184501845017,11.992813295403504,1.0538130381303814,2.7966101694915255,0.9589343880874825,132.0,405.0,537.0,8.0,59.0,3427.0,APOLLOHOSP,"Apollo Hospitals
Chain of Indian private hospitals",13.81,17.2,Healthcare,False,5.207186704596495
179,APOLLOHOSP,2020,3.841024273139504,14.145994487418868,12.934131736526947,22.93829296424452,1.0766467065868264,3.401500938086304,0.996279564177518,1004.0,289.0,1293.0,33.0,18.0,3596.0,APOLLOHOSP,"Apollo Hospitals
Chain of Indian private hospitals",13.81,17.2,Healthcare,False,5.738292964244522
181,APOLLOHOSP,2022,7.556434563186251,14.928732183045762,19.704783923172684,22.587968217934165,0.723457229237062,6.746701846965699,1.1057235502601614,949.0,747.0,1696.0,73.0,16.0,4068.0,APOLLOHOSP,"Apollo Hospitals
Chain of Indian private hospitals",13.81,17.2,Healthcare,False,5.387968217934166
185,ASIANPAINT,2013,11.043412033511043,16.536557501904035,34.2789598108747,47.785419532324624,0.0741725768321513,44.07142857142857,1.5483490566037736,724.0,463.0,1187.0,12.0,40.0,251.0,ASIANPAINT,"Asian Paints
Indian Multi-National Paint and Coating Manufacturing Company",31.45,41.75,Materials,False,6.0354195323246245
189,ASIANPAINT,2017,13.384676669764971,19.87783826849024,26.512361914781696,36.67319941205292,0.07364544976328248,90.05405405405405,1.2141878274889157,846.0,681.0,1527.0,20.0,51.0,560.0,ASIANPAINT,"Asian Paints
Indian Multi-National Paint and Coating Manufacturing Company",31.45,41.75,Materials,False,5.076800587947083
190,ASIANPAINT,2018,12.469539375928678,19.043090638930163,24.94649227110583,35.826903723582696,0.0633769322235434,86.34146341463415,1.2224805638305603,557.0,1556.0,2113.0,21.0,41.0,533.0,ASIANPAINT,"Asian Paints
Indian Multi-National Paint and Coating Manufacturing Company",31.45,41.75,Materials,False,5.923096276417304
191,ASIANPAINT,2019,11.476091476091476,19.56860706860707,23.3132720937599,34.89018626633305,0.13937282229965156,36.71818181818182,1.1840728660225244,1552.0,918.0,2470.0,22.0,47.0,1320.0,ASIANPAINT,"Asian Paints
Indian Multi-National Paint and Coating Manufacturing Company",31.45,41.75,Materials,False,6.859813733666947
193,ASIANPAINT,2021,14.769953484087875,22.36448210749321,25.042948617835393,34.93776530685661,0.0853506168983289,56.391304347826086,1.0667157946450503,3142.0,541.0,3683.0,33.0,55.0,1093.0,ASIANPAINT,"Asian Paints
Indian Multi-National Paint and Coating Manufacturing Company",31.45,41.75,Materials,False,6.812234693143388
194,ASIANPAINT,2022,10.60101027456101,16.50802377925157,22.335650159281784,31.19683096304955,0.11490008688097307,53.68421052631579,1.2675755727850857,669.0,317.0,986.0,32.0,61.0,1587.0,ASIANPAINT,"Asian Paints
Indian Multi-National Paint and Coating Manufacturing Company",31.45,41.75,Materials,False,10.55316903695045
195,ASIANPAINT,2023,12.163298442981821,18.150714720635566,26.231865932966482,34.92329149232915,0.12087293646823412,46.46527777777778,1.3378719112455875,2911.0,1282.0,4193.0,43.0,60.0,1933.0,ASIANPAINT,"Asian Paints
Indian Multi-National Paint and Coating Manufacturing Company",31.45,41.75,Materials,False,6.826708507670851
196,ASIANPAINT,2024,15.658543456824905,21.3692069305536,29.677488252883382,35.774926893689276,0.1321016659547202,41.00487804878049,1.187084044011906,3556.0,2548.0,6104.0,57.0,58.0,2474.0,ASIANPAINT,"Asian Paints
Indian Multi-National Paint and Coating Manufacturing Company",31.45,41.75,Materials,False,5.975073106310724
198,ATGL,2018,11.790393013100436,26.637554585152838,15.94488188976378,15.501905972045742,1.3238188976377954,3.568,0.49018908312522297,-711.0,988.0,277.0,6.0,0.0,1345.0,ATGL,Adani Total Gas Ltd,20.5,21.2,Energy,False,5.698094027954257
199,ATGL,2019,13.321698662012798,26.46887725421757,20.780399274047188,30.414438502673796,0.35753176043557167,5.711111111111111,0.83935546875,1147.0,791.0,356.0,2.0,12.0,394.0,ATGL,Adani Total Gas Ltd,20.5,21.2,Energy,False,9.214438502673797
200,ATGL,2020,23.253333333333334,31.733333333333334,29.63970088375255,31.332280147446024,0.2909585316111489,15.585365853658537,0.7572697899838449,31.0,461.0,492.0,4.0,6.0,428.0,ATGL,Adani Total Gas Ltd,20.5,21.2,Energy,False,10.132280147446025
201,ATGL,2021,27.299528301886795,41.509433962264154,23.94002068252327,28.583028826634187,0.27352637021716647,18.35,0.529338327091136,-116.0,770.0,654.0,4.0,6.0,529.0,ATGL,Adani Total Gas Ltd,20.5,21.2,Energy,False,7.383028826634188
206,BAJAJ-AUTO,2013,15.645443196004994,18.257178526841447,38.84686918784873,44.688913335778025,0.014383137011779294,4446.0,1.5840056953013764,824.0,1394.0,2218.0,108.0,42.0,116.0,BAJAJ-AUTO,Bajaj Auto Ltd,26.5,33.5,Consumer Discretionary,False,11.188913335778025
207,BAJAJ-AUTO,2014,16.785022595222724,20.673387297015445,33.24481164551982,40.70995501662429,0.0058030884233303826,4837.0,1.3154559707342566,1430.0,2072.0,3502.0,117.0,43.0,59.0,BAJAJ-AUTO,Bajaj Auto Ltd,26.5,33.5,Consumer Discretionary,False,7.209955016624292
210,BAJAJ-AUTO,2017,18.7497127097219,20.358538267065043,22.843862007168457,24.638406764574988,0.006720430107526882,5897.0,1.0054071540807838,-343.0,3610.0,3267.0,141.0,39.0,120.0,BAJAJ-AUTO,Bajaj Auto Ltd,26.5,33.5,Consumer Discretionary,False,8.861593235425012
211,BAJAJ-AUTO,2018,16.735422451408173,19.22253074176914,20.656058751529986,23.586099484084492,0.005924112607099143,6250.0,1.0027445209021122,2374.0,1954.0,4328.0,146.0,41.0,121.0,BAJAJ-AUTO,Bajaj Auto Ltd,26.5,33.5,Consumer Discretionary,False,9.913900515915508
212,BAJAJ-AUTO,2019,16.2329534224916,17.12234007510376,21.211208195239532,22.25361760424694,0.005380278052769767,1806.5,1.0528542692654506,2214.0,273.0,2487.0,170.0,35.0,125.0,BAJAJ-AUTO,Bajaj Auto Ltd,26.5,33.5,Consumer Discretionary,False,11.24638239575306
213,BAJAJ-AUTO,2020,17.42036832781844,17.076105484808984,24.06056689133044,23.448687350835325,0.005816637429600221,2313.6666666666665,1.1285929837797057,5616.0,1766.0,3850.0,180.0,67.0,126.0,BAJAJ-AUTO,Bajaj Auto Ltd,26.5,33.5,Consumer Discretionary,False,10.051312649164675
214,BAJAJ-AUTO,2021,17.508381096571863,17.800367686817346,17.808821911780882,18.025845075563993,0.0044366223004436624,929.7142857142857,0.8255758585798464,251.0,2869.0,3120.0,168.0,83.0,121.0,BAJAJ-AUTO,Bajaj Auto Ltd,26.5,33.5,Consumer Discretionary,False,15.474154924436007
215,BAJAJ-AUTO,2022,18.60310755770101,15.866646553024587,20.650390167118793,17.540524314588755,0.004119360996684417,881.1111111111111,0.9440061519182023,4473.0,276.0,4197.0,213.0,66.0,123.0,BAJAJ-AUTO,Bajaj Auto Ltd,26.5,33.5,Consumer Discretionary,False,15.959475685411245
216,BAJAJ-AUTO,2023,16.62323412426279,17.734192840488273,20.638921054424088,21.925659635081054,0.004223145562291397,204.2,1.037539845173042,6488.0,1211.0,5277.0,214.0,65.0,124.0,BAJAJ-AUTO,Bajaj Auto Ltd,26.5,33.5,Consumer Discretionary,False,11.574340364918946
217,BAJAJ-AUTO,2024,17.178515712057056,19.534209939826162,26.61418410330778,28.389583468290468,0.06601754022512257,174.41666666666666,1.1404534363562424,6486.0,72.0,6558.0,276.0,29.0,1912.0,BAJAJ-AUTO,Bajaj Auto Ltd,26.5,33.5,Consumer Discretionary,False,5.110416531709532
233,BAJAJFINSV,2014,36.37722065415906,74.5641706790636,23.528780068728523,15.583469239043687,2.0948238831615122,2.87708066581306,0.08097280292539961,-6043.0,3764.0,-9807.0,10.0,2.0,19507.0,BAJAJFINSV,Bajaj Finserv Ltd,11.72,21.14,Financials,False,5.5565307609563135
234,BAJAJFINSV,2015,21.25275694750772,48.619320688134096,21.724231220128054,14.734900136359991,2.372801875732708,2.4748878923766817,0.12847395384685134,-7022.0,3709.0,-10731.0,11.0,2.0,26312.0,BAJAJFINSV,Bajaj Finserv Ltd,11.72,21.14,Financials,False,6.405099863640009
235,BAJAJFINSV,2016,13.514829786197827,32.82033799249987,20.405912199426428,13.570004631400897,2.651812633281859,2.3423705248522766,0.19752575732797184,-10681.0,886.0,-9795.0,12.0,1.0,36062.0,BAJAJFINSV,Bajaj Finserv Ltd,11.72,21.14,Financials,False,7.569995368599104
236,BAJAJFINSV,2017,14.077610478638755,35.553107275472314,21.360906445421335,13.522573836388185,2.989412420283574,2.344725511302476,0.19054690780163902,-10771.0,151.0,-10922.0,14.0,1.0,48282.0,BAJAJFINSV,Bajaj Finserv Ltd,11.72,21.14,Financials,False,7.617426163611816
237,BAJAJFINSV,2018,12.707686689793682,32.82819061530034,20.387638529512277,12.518276126157488,3.2072938534394377,2.3811520635621277,0.20346223856755452,-20502.0,922.0,-19580.0,17.0,1.0,65695.0,BAJAJFINSV,Bajaj Finserv Ltd,11.72,21.14,Financials,False,8.621723873842512
238,BAJAJFINSV,2019,12.61354301138364,35.29397957986152,22.636899747262003,12.176300063160964,4.201937657961246,2.259125732311852,0.20441111558907632,-33979.0,6903.0,-27076.0,20.0,1.0,99754.0,BAJAJFINSV,Bajaj Finserv Ltd,11.72,21.14,Financials,False,8.963699936839037
239,BAJAJFINSV,2020,11.028315946348734,33.59275818292212,19.148936170212767,11.518225519512471,4.0640214682767875,1.9218947368421053,0.21627590488014517,-33317.0,9948.0,-23369.0,21.0,2.0,127212.0,BAJAJFINSV,Bajaj Finserv Ltd,11.72,21.14,Financials,False,9.62177448048753
240,BAJAJFINSV,2021,12.158370742012146,32.415170319514125,20.56098241696902,11.955006665002953,3.585291655037678,2.1171015742937245,0.21651985920777572,863.0,3684.0,4547.0,28.0,1.0,128461.0,BAJAJFINSV,Bajaj Finserv Ltd,11.72,21.14,Financials,False,9.184993334997047
241,BAJAJFINSV,2022,12.153904628248984,31.364207818027655,20.657440306109773,10.651554417006743,4.004745695331329,2.2289957420292867,0.20516896461745643,-32225.0,1445.0,-33670.0,29.0,1.0,161179.0,BAJAJFINSV,Bajaj Finserv Ltd,11.72,21.14,Financials,False,10.488445582993258
242,BAJAJFINSV,2023,14.877181011794521,36.39243590993274,26.310685887904846,11.546669140842457,4.573986683043507,2.4126817447495963,0.2024464665849369,-53425.0,13945.0,-39480.0,40.0,2.0,212265.0,BAJAJFINSV,Bajaj Finserv Ltd,11.72,21.14,Financials,False,9.593330859157543
243,BAJAJFINSV,2024,14.128209309488865,37.04045949520755,25.850351412279537,11.706431579821395,4.789368120938867,2.197130112323319,0.2053943414307379,-79634.0,10960.0,-68674.0,51.0,2.0,288933.0,BAJAJFINSV,Bajaj Finserv Ltd,11.72,21.14,Financials,False,9.433568420178606
245,BAJAJHLDNG,2013,550.7418397626113,95.54896142433235,17.941034316094733,3.112614789753504,0.0,,0.03127610208816705,104.0,369.0,473.0,167.0,15.0,0.0,BAJAJHLDNG,Bajaj Holdings & Investment Ltd,14.8,13.1,Financials,False,9.987385210246496
246,BAJAJHLDNG,2014,469.97635933806146,94.56264775413712,16.56804733727811,3.3336111342611883,0.0,,0.03398136246786632,353.0,519.0,872.0,179.0,17.0,0.0,BAJAJHLDNG,Bajaj Holdings & Investment Ltd,14.8,13.1,Financials,False,9.766388865738811
247,BAJAJHLDNG,2015,387.2137404580153,92.36641221374046,15.149705069812589,3.6138281191667287,0.0,,0.037716835816598286,332.0,464.0,796.0,182.0,19.0,0.0,BAJAJHLDNG,Bajaj Holdings & Investment Ltd,14.8,13.1,Financials,False,9.486171880833272
248,BAJAJHLDNG,2016,481.9148936170213,91.27659574468086,14.810697704832275,2.805204995749689,0.0,,0.030377456049638055,2166.0,1019.0,1147.0,204.0,16.0,0.0,BAJAJHLDNG,Bajaj Holdings & Investment Ltd,14.8,13.1,Financials,False,10.294795004250311
249,BAJAJHLDNG,2017,293.70546318289786,74.58432304038006,13.879223257380177,3.5245257604669433,0.0,,0.047068030633350105,-1295.0,372.0,-923.0,222.0,15.0,0.0,BAJAJHLDNG,Bajaj Holdings & Investment Ltd,14.8,13.1,Financials,False,9.575474239533056
250,BAJAJHLDNG,2018,632.1428571428571,84.52380952380952,10.535296218404032,1.408674258957978,0.0,,0.016621156357592308,508.0,1123.0,1631.0,239.0,17.0,0.0,BAJAJHLDNG,Bajaj Holdings & Investment Ltd,14.8,13.1,Financials,False,11.691325741042021
251,BAJAJHLDNG,2019,707.1925754060325,80.51044083526682,11.308993766696348,1.2874740279014545,0.0,,0.0159582345971564,465.0,163.0,628.0,274.0,12.0,0.0,BAJAJHLDNG,Bajaj Holdings & Investment Ltd,14.8,13.1,Financials,False,11.812525972098545
252,BAJAJHLDNG,2020,708.0459770114943,69.19540229885057,11.093901955840508,1.0776556514267301,0.006051219248640277,258.38461538461536,0.013290965199058938,1120.0,800.0,1920.0,269.0,15.0,168.0,BAJAJHLDNG,Bajaj Holdings & Investment Ltd,14.8,13.1,Financials,False,12.02234434857327
253,BAJAJHLDNG,2021,799.562363238512,77.02407002188184,9.831301961417386,0.9436238372248881,0.0036591600075335648,950.75,0.010046163992086172,-36.0,308.0,272.0,328.0,12.0,136.0,BAJAJHLDNG,Bajaj Holdings & Investment Ltd,14.8,13.1,Financials,False,12.156376162775112
254,BAJAJHLDNG,2022,852.4793388429752,75.82644628099173,9.630736193455022,0.8543626035943757,0.0026609401988702676,1421.0,0.009031872807344929,1459.0,151.0,1610.0,364.0,32.0,114.0,BAJAJHLDNG,Bajaj Holdings & Investment Ltd,14.8,13.1,Financials,False,12.245637396405623
255,BAJAJHLDNG,2023,947.5095785440614,72.79693486590038,11.194604137431535,0.8582721626199887,0.0021049296093431716,721.8571428571429,0.009814243814394224,1591.0,137.0,1728.0,436.0,28.0,93.0,BAJAJHLDNG,Bajaj Holdings & Investment Ltd,14.8,13.1,Financials,False,12.241727837380012
256,BAJAJHLDNG,2024,432.7262044653349,91.7743830787309,13.576787656460265,2.8760817529000184,0.0011613545449517945,3764.5,0.026119918356071883,1469.0,472.0,1941.0,653.0,20.0,63.0,BAJAJHLDNG,Bajaj Holdings & Investment Ltd,14.8,13.1,Financials,False,10.22391824709998
258,BAJFINANCE,2015,16.654302670623146,32.49258160237389,18.708333333333332,5.569861707200763,5.553125,68.34615384615384,0.16449054301403296,-7424.0,360.0,-7064.0,18.0,10.0,26655.0,BAJFINANCE,Bajaj Finance Ltd,22.1,11.9,Financials,False,6.330138292799237
259,BAJFINANCE,2016,17.522948349088914,32.25099328675161,17.220950585700823,5.295599748042832,4.985189174633096,68.02857142857142,0.1553871372916356,-10557.0,687.0,-9870.0,24.0,10.0,37025.0,BAJFINANCE,Bajaj Finance Ltd,22.1,11.9,Financials,False,6.604400251957168
260,BAJFINANCE,2017,18.415245737211634,32.59779338014042,19.125,5.52251486830926,5.130208333333333,149.04545454545453,0.15643878175456213,-13486.0,3047.0,-10439.0,33.0,11.0,49250.0,BAJFINANCE,Bajaj Finance Ltd,22.1,11.9,Financials,False,6.37748513169074
261,BAJFINANCE,2018,19.58261415345991,32.28463831790366,15.749621403331652,4.993629027364845,4.1997097425542655,414.6,0.15031014882426472,-19491.0,1075.0,-20566.0,43.0,9.0,66557.0,BAJFINANCE,Bajaj Finance Ltd,22.1,11.9,Financials,False,6.906370972635155
262,BAJFINANCE,2019,21.609779845296696,29.501812084167252,20.2822764888054,4.496846271179454,5.1575366807127985,422.15384615384613,0.1488090925921454,-34441.0,5379.0,-29062.0,69.0,9.0,101588.0,BAJFINANCE,Bajaj Finance Ltd,22.1,11.9,Financials,False,7.403153728820547
263,BAJFINANCE,2020,19.959050580116784,34.72738302874043,16.283098243009157,5.649031048392071,4.015280871071517,1020.8888888888889,0.1604345736688748,-33170.0,8758.0,-24412.0,87.0,11.0,129806.0,BAJFINANCE,Bajaj Finance Ltd,22.1,11.9,Financials,False,6.25096895160793
264,BAJFINANCE,2021,16.5710643722116,40.63659880778315,11.972479549271359,6.43065641463762,3.5655777669429547,3621.0,0.15555490756400536,-1236.0,429.0,-807.0,73.0,14.0,131634.0,BAJFINANCE,Bajaj Finance Ltd,22.1,11.9,Financials,False,5.46934358536238
265,BAJFINANCE,2022,22.211687367655887,37.546221674409786,16.07759705350811,5.685706764938141,3.779928167821929,-700.6470588235294,0.14889461944603918,-30743.0,6347.0,-37090.0,116.0,17.0,165232.0,BAJFINANCE,Bajaj Finance Ltd,22.1,11.9,Financials,False,6.214293235061859
266,BAJFINANCE,2023,27.7897177078554,30.65127623095313,21.16530567203708,4.682692520530359,3.985323328183624,-2546.4,0.15046180230065473,-52506.0,10394.0,-42112.0,190.0,16.0,216690.0,BAJFINANCE,Bajaj Finance Ltd,22.1,11.9,Financials,False,7.217307479469642
267,BAJFINANCE,2024,26.287928399912687,29.285818234737686,18.841921351830603,4.350587230638684,3.824788776468134,2689.1666666666665,0.14630251608816688,-79931.0,7171.0,-72760.0,233.0,15.0,293346.0,BAJFINANCE,Bajaj Finance Ltd,22.1,11.9,Financials,False,7.549412769361316
282,BHARTIARTL,2013,2.9461837368578374,29.838720158030853,4.50498787806526,19.61420834116421,1.326179404634156,5.337242752821421,0.48709881623092993,3932.0,18676.0,22608.0,4.0,17.0,66736.0,BHARTIARTL,Bharti Airtel Ltd,14.9,13.1,Communication Services,False,6.5142083411642115
283,BHARTIARTL,2014,3.516025342401938,30.87673530233858,5.05221233014258,19.544127620676438,1.2700984001606532,4.999659806089471,0.47310074273246205,1052.0,25181.0,26233.0,5.0,26.0,75896.0,BHARTIARTL,Bharti Airtel Ltd,14.9,13.1,Communication Services,False,6.444127620676438
284,BHARTIARTL,2015,5.252806942695706,34.96529692719118,12.690750936470824,27.276121826092602,2.097066143751414,7.837381916329285,0.5282045081043647,5758.0,22301.0,28059.0,8.0,33.0,83415.0,BHARTIARTL,Bharti Airtel Ltd,14.9,13.1,Communication Services,False,14.176121826092603
285,BHARTIARTL,2016,7.140637301620188,35.2049061451125,10.323498577205331,20.299135088641467,1.5073536019170286,4.545050315937281,0.4300402722834028,13851.0,14091.0,27942.0,11.0,9.0,100646.0,BHARTIARTL,Bharti Airtel Ltd,14.9,13.1,Communication Services,False,7.199135088641468
286,BHARTIARTL,2017,4.442326224494071,37.00716470440357,6.286967994426079,20.21803198947037,1.5904650369865247,3.880067036765476,0.41092965797470754,-2400.0,30680.0,28280.0,7.0,11.0,107288.0,BHARTIARTL,Bharti Airtel Ltd,14.9,13.1,Communication Services,False,7.118031989470369
290,BHARTIARTL,2021,-12.28830404707005,45.00178897988392,-20.972639221074417,20.420045278662204,2.7612674503417978,2.7210920416142073,0.2921342442446221,20919.0,27286.0,48205.0,-26.0,0.0,162785.0,BHARTIARTL,Bharti Airtel Ltd,14.9,13.1,Communication Services,False,7.320045278662205
291,BHARTIARTL,2022,7.125880546045801,49.36549203325697,12.478588815097515,24.354871482271665,2.5494786188658836,3.742778045257583,0.32265985985875134,13539.0,41478.0,55017.0,7.0,39.0,169678.0,BHARTIARTL,Bharti Airtel Ltd,14.9,13.1,Communication Services,False,11.254871482271666
292,BHARTIARTL,2023,8.830356822020196,51.22282511049624,15.84131609143535,23.477599206806705,2.914018281912768,3.7457512953367877,0.3129969835139251,26093.0,39232.0,65325.0,15.0,27.0,226020.0,BHARTIARTL,Bharti Airtel Ltd,14.9,13.1,Communication Services,False,10.377599206806705
293,BHARTIARTL,2024,5.706018055499993,52.20093077836007,10.35839213740181,26.253894054880604,2.6094723973904306,3.3055457435535147,0.3393112060793767,27809.0,51089.0,78898.0,13.0,62.0,215592.0,BHARTIARTL,Bharti Airtel Ltd,14.9,13.1,Communication Services,False,13.153894054880604
295,BEL,2013,14.522556990275785,10.664753706360592,15183.333333333334,2230.0,4.0,184.42857142857142,139.4,214.0,1753.0,-1539.0,1.0,20.0,24.0,BEL,Bharat Electronics Ltd,26.3,34.6,Industrials,False,2195.4
296,BEL,2014,14.605707272169377,14.191469776004908,13600.0,3303.5714285714284,3.0,194.71428571428572,141.69565217391303,190.0,759.0,-569.0,1.0,20.0,21.0,BEL,Bharat Electronics Ltd,26.3,34.6,Industrials,False,3268.9714285714285
297,BEL,2015,16.875793035387,16.622021711546594,17100.0,3572.7272727272725,3.7142857142857144,240.85714285714286,144.75510204081633,595.0,839.0,1434.0,2.0,20.0,26.0,BEL,Bharat Electronics Ltd,26.3,34.6,Industrials,False,3538.1272727272726
298,BEL,2016,18.18058199619255,18.94207234158281,11141.666666666668,3764.8648648648646,2.0833333333333335,196.6,141.42307692307693,790.0,1470.0,2260.0,2.0,31.0,25.0,BEL,Bharat Electronics Ltd,26.3,34.6,Industrials,False,3730.2648648648646
299,BEL,2017,17.594731977818853,20.70240295748614,10153.333333333334,4072.7272727272725,1.9333333333333333,122.88888888888889,112.41558441558442,3054.0,3115.0,-61.0,2.0,33.0,29.0,BEL,Bharat Electronics Ltd,26.3,34.6,Industrials,False,4038.1272727272726
300,BEL,2018,13.758292471877704,19.603884241899816,4616.129032258064,2581.012658227848,1.5483870967741935,372.5,85.95867768595042,-693.0,6.0,-687.0,2.0,34.0,48.0,BEL,Bharat Electronics Ltd,26.3,34.6,Industrials,False,2546.412658227848
301,BEL,2019,15.512989148306477,23.914830647813222,3851.020408163265,3030.208333333333,0.9591836734693877,186.375,96.53968253968254,618.0,896.0,1514.0,3.0,44.0,47.0,BEL,Bharat Electronics Ltd,26.3,34.6,Industrials,False,2995.608333333333
302,BEL,2020,14.073103022825418,21.275447254781,3318.181818181818,2786.868686868687,0.8,357.25,106.29508196721312,1921.0,649.0,2570.0,3.0,37.0,44.0,BEL,Bharat Electronics Ltd,26.3,34.6,Industrials,False,2752.268686868687
303,BEL,2021,14.88411652136934,22.779785952229073,3559.322033898305,2975.925925925926,0.8305084745762712,333.9,92.82236842105263,2498.0,2595.0,5093.0,3.0,46.0,49.0,BEL,Bharat Electronics Ltd,26.3,34.6,Industrials,False,2941.325925925926
304,BEL,2022,15.616866215512754,21.759500260281104,3478.260869565217,2633.070866141732,0.8405797101449275,397.3333333333333,94.28220858895706,-665.0,4872.0,4207.0,3.0,46.0,58.0,BEL,Bharat Electronics Ltd,26.3,34.6,Industrials,False,2598.470866141732
305,BEL,2023,16.837712867937295,23.063042742754032,3981.333333333333,3587.7192982456136,0.52,230.05263157894737,123.15277777777777,3907.0,2708.0,1199.0,4.0,44.0,39.0,BEL,Bharat Electronics Ltd,26.3,34.6,Industrials,False,3553.1192982456137
306,BEL,2024,19.661535425300965,24.921057825143084,4744.047619047619,3977.165354330709,0.5119047619047619,476.75,125.88819875776397,-1265.0,5924.0,4659.0,5.0,40.0,43.0,BEL,Bharat Electronics Ltd,26.3,34.6,Industrials,False,3942.565354330709
308,BHEL,2013,13.686276915526655,19.39144837740016,21.90906412648532,28.522874244292716,0.08831712985695113,82.9296875,0.6809295719735999,646.0,1113.0,1759.0,18.0,20.0,2698.0,BHEL,"Bharat Heavy Electricals Limited
",1.05,3.28,Industrials,False,25.242874244292715
309,BHEL,2014,8.852152372285838,11.574530471929426,10.557414609146544,12.093281216987112,0.14147900274336017,46.58646616541353,0.5251622837875509,3644.0,868.0,4512.0,10.0,20.0,4693.0,BHEL,"Bharat Heavy Electricals Limited
",1.05,3.28,Industrials,False,8.813281216987113
311,BHEL,2016,-2.768084689276612,-5.320525387178984,-2.1847439269689,-4.172046977802373,0.006529475475785239,0.375,0.3889320950943166,397.0,23.0,374.0,-2.0,-14.0,211.0,BHEL,"Bharat Heavy Electricals Limited
",1.05,3.28,Industrials,False,7.4520469778023735
316,BHEL,2021,-15.59882142238142,-17.615113524755905,-10.391409767925182,-9.856468610590289,0.1905476657814725,-5.687366167023555,0.30931022158684773,518.0,42.0,560.0,-8.0,0.0,4951.0,BHEL,"Bharat Heavy Electricals Limited
",1.05,3.28,Industrials,False,13.136468610590288
323,BOSCHLTD,2015,11.070660268078768,16.390865464173423,18.211514904042467,26.562080986859748,0.015108207431604737,179.85714285714286,1.1586616815262198,213.0,1183.0,1396.0,426.0,20.0,111.0,BOSCHLTD,Bosch Ltd,16.0,20.6,Consumer Discretionary,False,5.962080986859746
329,BOSCHLTD,2021,4.959868285655484,11.967483021197777,4.9068512674335745,11.774830414093348,0.005497302249821846,65.85714285714286,0.6577771761202111,372.0,463.0,835.0,164.0,70.0,54.0,BOSCHLTD,Bosch Ltd,16.0,20.6,Consumer Discretionary,False,8.825169585906654
330,BOSCHLTD,2022,10.329315905618742,12.408759124087592,11.386601796407184,13.58609794628752,0.0068300898203592815,63.89655172413793,0.764568462037638,238.0,33.0,271.0,413.0,51.0,73.0,BOSCHLTD,Bosch Ltd,16.0,20.6,Consumer Discretionary,False,7.013902053712481
334,BPCL,2013,0.7994021000821699,2.770242091658718,11.540983606557377,13.436273331731154,1.9765722801788375,3.256949960285941,3.0414050334053346,2322.0,3604.0,5926.0,4.0,42.0,33157.0,BPCL,Bharat Petroleum Corporation Ltd,41.9,32.1,Energy,False,18.663726668268847
335,BPCL,2014,1.5327829484042492,3.5602316003645704,20.848765432098766,17.90006084575601,1.705349794238683,5.4278506559031285,2.9891589418946416,2707.0,6881.0,9588.0,9.0,31.0,33152.0,BPCL,Bharat Petroleum Corporation Ltd,41.9,32.1,Energy,False,14.199939154243992
336,BPCL,2015,2.0948235352311233,4.031360522345609,22.524598883077743,20.352103883131477,1.1298643737257335,10.082203389830509,2.81038437478279,10206.0,10536.0,20742.0,11.0,34.0,25492.0,BPCL,Bharat Petroleum Corporation Ltd,41.9,32.1,Energy,False,11.747896116868525
337,BPCL,2016,4.306897745121529,6.906264142906584,29.103403612290425,25.342893986167013,0.8414765776786357,21.888235294117646,2.173231353127676,1886.0,9233.0,11119.0,19.0,25.0,23388.0,BPCL,Bharat Petroleum Corporation Ltd,41.9,32.1,Energy,False,6.757106013832988
338,BPCL,2017,4.723951682227666,6.84866162155716,30.847853596807163,20.712611204616493,1.1591875141957884,23.71264367816092,1.844883853106723,-6233.0,15274.0,9041.0,20.0,49.0,35725.0,BPCL,Bharat Petroleum Corporation Ltd,41.9,32.1,Energy,False,11.387388795383508
339,BPCL,2018,4.150999385319739,6.493143135717163,26.740216827330077,20.62117989175799,1.0284005570878505,15.382799325463743,1.9599770680315065,4002.0,7066.0,11068.0,21.0,46.0,37659.0,BPCL,Bharat Petroleum Corporation Ltd,41.9,32.1,Energy,False,11.478820108242012
340,BPCL,2019,2.859576294488073,5.067297955241997,21.999226106023475,18.075690158365628,1.1566877337804722,10.253401360544217,2.1780085593678336,-294.0,10451.0,10157.0,18.0,48.0,44839.0,BPCL,Bharat Petroleum Corporation Ltd,41.9,32.1,Energy,False,14.024309841634373
341,BPCL,2020,1.2882504251999494,3.1538591287969298,10.035037775101282,8.798329542780959,1.792291689477718,3.931740614334471,1.8863316982632905,-3254.0,11135.0,7881.0,7.0,106.0,65476.0,BPCL,Bharat Petroleum Corporation Ltd,41.9,32.1,Energy,False,23.301670457219043
342,BPCL,2021,7.524840227483046,9.124086005621908,32.340584445896745,19.429718652566912,1.0182429278312015,16.535113174695297,1.4298289207220862,20981.0,2474.0,23455.0,37.0,102.0,54532.0,BPCL,Bharat Petroleum Corporation Ltd,41.9,32.1,Energy,False,12.67028134743309
343,BPCL,2022,3.3685995311297003,5.518309298684223,22.50650226375108,16.435215005281737,1.243309893073885,9.23867996930161,1.849265980195063,12198.0,8138.0,20336.0,27.0,29.0,64534.0,BPCL,Bharat Petroleum Corporation Ltd,41.9,32.1,Energy,False,15.664784994718264
344,BPCL,2023,0.45035049568141133,2.3033177158290488,3.9815403011845594,8.868329834496901,1.2962146407084938,3.4539385847797064,2.5154936765386027,4660.0,7806.0,12466.0,5.0,40.0,69376.0,BPCL,Bharat Petroleum Corporation Ltd,41.9,32.1,Energy,False,23.2316701655031
348,BRITANNIA,2014,5.713872414291914,9.069868363951974,49.49874686716792,66.13924050632912,0.18796992481203006,82.625,3.280968201233982,425.0,246.0,671.0,16.0,36.0,150.0,BRITANNIA,Britannia Industries Ltd,57.1,48.9,Consumer Staples,False,17.239240506329118
349,BRITANNIA,2015,8.768134385339781,11.071519470603207,55.34136546184739,62.589928057553955,0.11646586345381527,274.5,2.8134622269960614,134.0,450.0,584.0,29.0,28.0,145.0,BRITANNIA,Britannia Industries Ltd,57.1,48.9,Consumer Staples,False,13.689928057553956
350,BRITANNIA,2016,9.824937477670597,14.576634512325832,39.4359464627151,55.06072874493927,0.06261950286806883,267.8,2.403262736119061,254.0,705.0,959.0,34.0,29.0,131.0,BRITANNIA,Britannia Industries Ltd,57.1,48.9,Consumer Staples,False,6.16072874493927
352,BRITANNIA,2018,10.127092999798265,15.14020576961872,29.47739283617146,41.613529248683115,0.05901350557839107,208.375,1.9109483423284503,292.0,957.0,1249.0,42.0,30.0,201.0,BRITANNIA,Britannia Industries Ltd,57.1,48.9,Consumer Staples,False,7.286470751316884
353,BRITANNIA,2019,10.44776119402985,15.66711895070104,27.157300728897248,39.283284191426624,0.03667999059487421,215.33333333333334,1.7722026290477717,304.0,852.0,1156.0,48.0,31.0,156.0,BRITANNIA,Britannia Industries Ltd,57.1,48.9,Consumer Staples,False,9.616715808573375
354,BRITANNIA,2020,12.017241379310345,15.887931034482758,31.66023166023166,31.021713516243054,0.3493072904837611,27.350649350649352,1.4814814814814814,-41.0,1526.0,1485.0,58.0,60.0,1538.0,BRITANNIA,Britannia Industries Ltd,57.1,48.9,Consumer Staples,False,17.878286483756945
356,BRITANNIA,2022,10.724391624221845,15.570175438596493,59.26505082095387,43.67930144870014,0.9698983580922595,16.82638888888889,1.8780390593862097,2214.0,914.0,1300.0,63.0,89.0,2481.0,BRITANNIA,Britannia Industries Ltd,57.1,48.9,Consumer Staples,False,5.220698551299861
357,BRITANNIA,2023,14.207717317955954,17.36703269738053,65.53480475382003,43.3471137651202,0.8480475382003395,20.284023668639055,1.743236017538231,1019.0,1507.0,2526.0,96.0,75.0,2997.0,BRITANNIA,Britannia Industries Ltd,57.1,48.9,Consumer Staples,False,5.5528862348798
373,CHOLAFIN,2013,11.98443579766537,26.770428015564203,15.778688524590164,3.995122234481157,7.822233606557377,706.0,0.14099188062321702,-3749.0,5.0,-3754.0,4.0,16.0,15269.0,CHOLAFIN,Cholamandalam Investment & Finance Company Ltd,20.2,10.4,Financials,False,6.404877765518844
374,CHOLAFIN,2014,11.222933821286977,28.42329978652028,16.09094884127678,4.577153521265101,7.903366856143419,950.0,0.1522001485332343,-2530.0,83.0,-2447.0,5.0,14.0,18075.0,CHOLAFIN,Cholamandalam Investment & Finance Company Ltd,20.2,10.4,Financials,False,5.822846478734899
375,CHOLAFIN,2015,11.951547779273216,28.559892328398384,16.598130841121495,4.68950276243094,7.457943925233645,,0.15564772917714095,-2304.0,40.0,-2264.0,6.0,11.0,19950.0,CHOLAFIN,Cholamandalam Investment & Finance Company Ltd,20.2,10.4,Financials,False,5.710497237569061
376,CHOLAFIN,2016,13.64499288087328,30.042714760322735,15.66757493188011,4.8291119926762285,6.143324250681199,643.5,0.15109899960557927,-2946.0,137.0,-2809.0,7.0,12.0,22546.0,CHOLAFIN,Cholamandalam Investment & Finance Company Ltd,20.2,10.4,Financials,False,5.570888007323772
377,CHOLAFIN,2017,15.296122709842352,28.163613123135917,16.70544439274081,4.660016214882442,5.600511865984179,448.6666666666667,0.15340871952415192,-1690.0,222.0,-1468.0,9.0,12.0,24071.0,CHOLAFIN,Cholamandalam Investment & Finance Company Ltd,20.2,10.4,Financials,False,5.739983785117558
378,CHOLAFIN,2018,16.51376146788991,26.101816873538407,17.912195121951218,3.339086411230008,7.479024390243903,,0.12586320103244503,-7986.0,60.0,-7926.0,12.0,11.0,38330.0,CHOLAFIN,Cholamandalam Investment & Finance Company Ltd,20.2,10.4,Financials,False,7.060913588769992
379,CHOLAFIN,2019,16.840180078784467,22.960045019696118,19.281572164948454,2.8745046235138707,8.145457474226804,1659.0,0.12363889372064707,-9328.0,11.0,-9317.0,15.0,8.0,50567.0,CHOLAFIN,Cholamandalam Investment & Finance Company Ltd,20.2,10.4,Financials,False,7.52549537648613
380,CHOLAFIN,2020,12.098255280073463,27.789256198347108,12.853658536585366,3.830393165097698,6.707926829268293,,0.13600174841549845,-2129.0,54.0,-2075.0,13.0,13.0,55005.0,CHOLAFIN,Cholamandalam Investment & Finance Company Ltd,20.2,10.4,Financials,False,6.569606834902302
381,CHOLAFIN,2021,15.871856412396953,30.397579046227698,15.84375,3.972453293331515,6.638541666666667,52.410714285714285,0.12838272332672418,-10594.0,1746.0,-8848.0,19.0,11.0,63730.0,CHOLAFIN,Cholamandalam Investment & Finance Company Ltd,20.2,10.4,Financials,False,6.427546706668485
382,CHOLAFIN,2022,21.225857311785575,28.83326763894363,18.302319653326535,3.6148894901350337,5.87764465969921,35.17857142857143,0.12303887097165304,-3931.0,1640.0,-5571.0,26.0,8.0,69174.0,CHOLAFIN,Cholamandalam Investment & Finance Company Ltd,20.2,10.4,Financials,False,6.785110509864967
383,CHOLAFIN,2023,20.684570009313877,28.104625892579943,18.576606719643106,3.241602807419609,6.786421302105117,16.581818181818182,0.113388543215961,-29253.0,2148.0,-27105.0,32.0,6.0,97358.0,CHOLAFIN,Cholamandalam Investment & Finance Company Ltd,20.2,10.4,Financials,False,7.1583971925803915
384,CHOLAFIN,2024,17.846892448990243,28.10102802275218,17.455213596692694,3.495209907313654,6.863420609401317,21.211764705882352,0.12230192869816066,-38538.0,2855.0,-35683.0,41.0,5.0,134475.0,CHOLAFIN,Cholamandalam Investment & Finance Company Ltd,20.2,10.4,Financials,False,6.904790092686346
386,CIPLA,2013,18.661674115231307,73.25763981157145,17.130502272979268,60.73502904065692,0.10721809513249805,24.86530612244898,0.7101561159718648,-665.0,2063.0,1398.0,19.0,10.0,967.0,CIPLA,"Cipla Ltd
",16.8,22.8,Healthcare,False,37.935029040656914
387,CIPLA,2014,13.80123857269242,78.89511451882434,13.968759327430105,71.03283476413841,0.1241667495771565,32.059760956175296,0.7591791044776119,298.0,1265.0,1563.0,17.0,12.0,1248.0,CIPLA,"Cipla Ltd
",16.8,22.8,Healthcare,False,48.23283476413842
388,CIPLA,2015,10.832966064345527,80.94314676068753,11.377522680985003,73.43462614954018,0.15765598963154973,56.109756097560975,0.7239948947032546,223.0,950.0,1173.0,15.0,14.0,1703.0,CIPLA,"Cipla Ltd
",16.8,22.8,Healthcare,False,50.63462614954018
389,CIPLA,2016,10.029006526468455,82.01595358955765,12.00833550403751,67.64758657814463,0.45168012503256055,54.46153846153846,0.6551380113069505,-2792.0,4533.0,1741.0,17.0,12.0,5202.0,CIPLA,"Cipla Ltd
",16.8,22.8,Healthcare,False,44.84758657814463
390,CIPLA,2017,7.190496040016674,82.65944143393081,8.250956632653061,71.42942906885995,0.3278858418367347,57.28365384615385,0.6897311802194642,1078.0,1304.0,2382.0,13.0,16.0,4113.0,CIPLA,"Cipla Ltd
",16.8,22.8,Healthcare,False,48.62942906885995
391,CIPLA,2018,9.349432567959884,81.3473211929269,9.958535385480358,67.27233044142523,0.2880033733923677,44.1,0.668460283156177,629.0,834.0,1463.0,18.0,17.0,4098.0,CIPLA,"Cipla Ltd
",16.8,22.8,Healthcare,False,44.47233044142523
392,CIPLA,2019,9.118689646742451,81.07199608849774,9.938715694111377,68.63100165562915,0.2875033306687983,27.849056603773583,0.6885784024913728,3.0,1688.0,1691.0,19.0,16.0,4316.0,CIPLA,"Cipla Ltd
",16.8,22.8,Healthcare,False,45.83100165562915
393,CIPLA,2020,8.755545178613122,81.28648143824422,9.515955084692001,74.95559502664298,0.17864619678995114,40.53779069767442,0.731417837168595,3182.0,114.0,3068.0,19.0,21.0,2816.0,CIPLA,"Cipla Ltd
",16.8,22.8,Healthcare,False,52.155595026642985
394,CIPLA,2021,12.468684759916492,77.80271398747391,13.036123540325221,73.28908554572271,0.10989850485648806,56.12406015037594,0.7708710521021928,1381.0,2374.0,3755.0,30.0,17.0,2014.0,CIPLA,"Cipla Ltd
",16.8,22.8,Healthcare,False,50.489085545722716
395,CIPLA,2022,11.703349722005237,79.08376602490466,12.221102634230602,78.59980819290314,0.05066935367784655,174.06060606060606,0.8103287783445656,1468.0,1858.0,3326.0,31.0,16.0,1056.0,CIPLA,"Cipla Ltd
",16.8,22.8,Healthcare,False,55.79980819290314
396,CIPLA,2023,12.45110534874522,77.90621017008746,12.103216986371597,73.21767864518793,0.03430597684453369,60.57337883959045,0.7765529010238907,862.0,2376.0,3238.0,35.0,24.0,803.0,CIPLA,"Cipla Ltd
",16.8,22.8,Healthcare,False,50.417678645187934
397,CIPLA,2024,16.11701714906495,75.59168153953597,15.554557028383135,71.45791307537137,0.020931625851868495,35.33876811594203,0.7922417237881536,1152.0,2982.0,4134.0,51.0,25.0,559.0,CIPLA,"Cipla Ltd
",16.8,22.8,Healthcare,False,48.65791307537137
399,COALINDIA,2013,25.41030408620412,73.51946473800565,35.80623865324311,100.88193342306688,0.026922759531275788,5.740630712979891,0.6154365983979528,7276.0,1833.0,9109.0,27.0,51.0,1305.0,COALINDIA,Coal India Ltd,52.0,63.6,Materials,False,37.28193342306688
400,COALINDIA,2014,21.402673917969636,74.83854520734195,35.63814734459013,124.0946878962942,0.0041977171964908975,7.374389733575115,0.6728544473879815,23105.0,8580.0,14525.0,24.0,121.0,178.0,COALINDIA,Coal India Ltd,52.0,63.6,Materials,False,60.4946878962942
401,COALINDIA,2015,18.519967620075555,76.60145709660011,34.01729735087849,139.2924609307917,0.010110772433276337,8.645357686453577,0.6661453980065968,15276.0,894.0,14382.0,22.0,95.0,408.0,COALINDIA,Coal India Ltd,52.0,63.6,Materials,False,75.6924609307917
402,COALINDIA,2016,18.323679377351947,75.96486045645446,40.95828668216921,164.15130994671404,0.034421382022794475,9.963125105236571,0.6856375484325467,21308.0,8154.0,13154.0,23.0,121.0,1199.0,COALINDIA,Coal India Ltd,52.0,63.6,Materials,False,100.55130994671404
403,COALINDIA,2017,11.872473261347935,84.0745100046057,37.84974304592544,238.68952491646084,0.12293009217717596,12.364936042136945,0.6591278976616324,16916.0,455.0,16461.0,15.0,133.0,3014.0,COALINDIA,Coal India Ltd,52.0,63.6,Materials,False,175.08952491646085
404,COALINDIA,2018,8.25629956360565,89.10421847871991,34.87957181088314,349.7697550193406,0.07622162751511548,15.269748743718592,0.6793920507527635,13368.0,7747.0,21115.0,11.0,146.0,1538.0,COALINDIA,Coal India Ltd,52.0,63.6,Materials,False,286.1697550193406
405,COALINDIA,2019,17.536601530335588,74.88904062820076,66.01398601398601,260.1744287458573,0.08353808353808354,12.787795680493657,0.7486487096022433,8460.0,7896.0,16356.0,28.0,46.0,2210.0,COALINDIA,Coal India Ltd,52.0,63.6,Materials,False,196.57442874585732
406,COALINDIA,2020,17.38134887593672,77.53955037468776,51.93270516528283,193.05019305019303,0.20008085331343098,11.56455617628802,0.64044794027463,6010.0,1033.0,4977.0,27.0,44.0,6434.0,COALINDIA,Coal India Ltd,52.0,63.6,Materials,False,129.45019305019304
407,COALINDIA,2021,14.109257325661476,79.3081998533757,34.78284681526918,168.3835668128862,0.16112602004490936,19.085783003741316,0.5589906302972351,10774.0,182.0,10592.0,21.0,78.0,5884.0,COALINDIA,Coal India Ltd,52.0,63.6,Materials,False,104.78356681288619
408,COALINDIA,2022,15.839219796746114,77.46889668687052,40.27999907285075,182.1698780461667,0.08145006142363767,21.99120538023797,0.6114436344992086,15392.0,25715.0,41107.0,28.0,60.0,3514.0,COALINDIA,Coal India Ltd,52.0,63.6,Materials,False,118.5698780461667
409,COALINDIA,2023,22.94578016954547,68.00624945751237,52.13911214108443,144.25998097400804,0.07118320924346268,14.33719512195122,0.6244557263907207,12269.0,23465.0,35734.0,52.0,47.0,4331.0,COALINDIA,Coal India Ltd,52.0,63.6,Materials,False,80.65998097400805
410,COALINDIA,2024,26.25628846856468,66.29380849329698,45.16982956605826,105.7129732333927,0.0788468512027076,11.24178180085755,0.6018691588785047,13617.0,4486.0,18103.0,61.0,42.0,6523.0,COALINDIA,Coal India Ltd,52.0,63.6,Materials,False,42.1129732333927
412,DABUR,2013,12.47557003257329,16.156351791530945,36.563245823389025,30.560690080098585,0.5494033412887828,18.508474576271187,1.3038861754087916,248.0,622.0,870.0,4.0,34.0,1151.0,DABUR,Dabur India Ltd,19.2,22.3,Consumer Staples,False,8.260690080098584
413,DABUR,2014,12.978180787758573,16.463587418532164,34.48795180722892,34.54221165279429,0.26656626506024095,23.85185185185185,1.3286897590361446,994.0,104.0,1098.0,5.0,33.0,708.0,DABUR,Dabur India Ltd,19.2,22.3,Consumer Staples,False,12.242211652794293
414,DABUR,2015,13.701090442591404,16.93393200769724,31.84257602862254,32.28962818003914,0.21884317233154443,36.85,1.2766131673763512,171.0,876.0,1047.0,6.0,33.0,734.0,DABUR,Dabur India Ltd,19.2,22.3,Consumer Staples,False,9.989628180039137
415,DABUR,2016,16.118251928020566,19.511568123393317,30.064732678014867,30.5064308681672,0.19299928074802206,36.145833333333336,1.122331217541835,457.0,730.0,1187.0,7.0,32.0,805.0,DABUR,Dabur India Ltd,19.2,22.3,Consumer Staples,False,8.2064308681672
418,DABUR,2019,16.981796829125074,20.434527304756312,25.67471590909091,27.483809824672246,0.12411221590909091,32.7,1.0092449922958397,1837.0,338.0,1499.0,8.0,34.0,699.0,DABUR,Dabur India Ltd,19.2,22.3,Consumer Staples,False,5.183809824672245
425,DIVISLAB,2013,28.065268065268068,38.04195804195804,24.070371851259495,32.202052091554854,0.013194722111155539,287.0,0.6833386428798981,225.0,255.0,480.0,23.0,33.0,33.0,DIVISLAB,Divis Laboratories Ltd,12.2,16.5,Healthcare,False,15.702052091554854
426,DIVISLAB,2014,30.529225908372826,40.20537124802528,26.07962213225371,34.13816230717639,0.006072874493927126,362.0,0.6824797843665769,252.0,305.0,557.0,29.0,34.0,18.0,DIVISLAB,Divis Laboratories Ltd,12.2,16.5,Healthcare,False,17.638162307176387
427,DIVISLAB,2015,27.351524879614768,37.65650080256822,24.37070938215103,33.29548680102186,0.007723112128146453,403.6666666666667,0.7071509648127128,305.0,521.0,826.0,32.0,31.0,27.0,DIVISLAB,Divis Laboratories Ltd,12.2,16.5,Healthcare,False,16.79548680102186
428,DIVISLAB,2016,29.81991525423729,37.6853813559322,26.22874446773818,32.825836216839676,0.009783368273934312,303.2,0.7709269089424254,632.0,406.0,1038.0,42.0,24.0,42.0,DIVISLAB,Divis Laboratories Ltd,12.2,16.5,Healthcare,False,16.325836216839676
429,DIVISLAB,2017,26.08267716535433,35.67913385826771,19.787194325182007,26.88670498794734,0.006720179204778794,507.3333333333333,0.6602761982128351,10.0,1140.0,1150.0,40.0,25.0,36.0,DIVISLAB,Divis Laboratories Ltd,12.2,16.5,Healthcare,False,10.38670498794734
431,DIVISLAB,2019,27.355438738374442,37.88920339668419,19.448037947391118,26.532634857709187,0.015236452493891045,405.6,0.6154803384768541,269.0,685.0,954.0,51.0,31.0,106.0,DIVISLAB,Divis Laboratories Ltd,12.2,16.5,Healthcare,False,10.032634857709187
432,DIVISLAB,2020,25.528364849833146,33.852428624397476,18.83720930232558,24.84691794802014,0.00533515731874145,287.42857142857144,0.6322822646817489,1133.0,83.0,1216.0,52.0,31.0,39.0,DIVISLAB,Divis Laboratories Ltd,12.2,16.5,Healthcare,False,8.346917948020138
433,DIVISLAB,2021,28.46893384990673,41.13933132443679,21.34480903711673,30.827956989247312,0.0005379236148466917,1462.0,0.6470151332281125,2022.0,75.0,1947.0,75.0,27.0,5.0,DIVISLAB,Divis Laboratories Ltd,12.2,16.5,Healthcare,False,14.327956989247312
434,DIVISLAB,2022,33.035714285714285,43.359375,25.2387448840382,33.1145584725537,0.00034106412005457026,1998.5,0.6706586826347305,-283.0,2195.0,1912.0,112.0,27.0,4.0,DIVISLAB,Divis Laboratories Ltd,12.2,16.5,Healthcare,False,16.614558472553703
454,DMART,2016,3.727865796831314,7.735321528424977,21.038790269559502,24.474751197935866,0.7836949375410914,7.483516483516484,2.7672469374597033,-200.0,633.0,433.0,6.0,0.0,1192.0,DMART,Avenue Supermarts Ltd,14.5,19.4,Consumer Discretionary,False,5.074751197935868
456,DMART,2018,5.361537949843678,9.000199560965875,17.262797172842152,26.487862176977288,0.09402441636324695,24.016666666666666,2.6616501416430594,1194.0,464.0,730.0,13.0,0.0,439.0,DMART,Avenue Supermarts Ltd,14.5,19.4,Consumer Discretionary,False,7.087862176977289
457,DMART,2019,4.508872781804548,8.162959260184955,16.144621442634687,25.974232543343405,0.12529085376767496,35.765957446808514,2.8554096488723952,-151.0,958.0,807.0,14.0,0.0,700.0,DMART,Avenue Supermarts Ltd,14.5,19.4,Consumer Discretionary,False,6.574232543343406
459,DMART,2021,4.5520440707451435,7.227767883030278,9.020026263952726,13.874532877474754,0.032255416940249505,46.166666666666664,1.7680703039179788,265.0,1110.0,1375.0,17.0,0.0,393.0,DMART,Avenue Supermarts Ltd,14.5,19.4,Consumer Discretionary,False,5.525467122525244
468,DRREDDY,2017,9.101155255001409,17.413355874894336,10.536617191322787,14.388824214202561,0.4010764964932311,33.46835443037975,0.655583264062067,254.0,1890.0,2144.0,16.0,26.0,4918.0,DRREDDY,Dr Reddys Laboratories Ltd,21.4,26.5,Healthcare,False,12.111175785797439
469,DRREDDY,2018,6.631188292136406,16.462432602758913,7.532612153993,13.325398174913564,0.40335666560610883,31.72151898734177,0.6389995078079556,320.0,1483.0,1803.0,11.0,35.0,5071.0,DRREDDY,Dr Reddys Laboratories Ltd,21.4,26.5,Healthcare,False,13.174601825086436
470,DRREDDY,2019,12.622993267736923,20.572242361470742,13.904734740444951,17.791960586720414,0.27367370222475756,39.98876404494382,0.6890891248104202,2101.0,769.0,2870.0,23.0,17.0,3838.0,DRREDDY,Dr Reddys Laboratories Ltd,21.4,26.5,Healthcare,False,8.708039413279586
471,DRREDDY,2020,11.565907404235885,14.140549180795798,12.988012052054618,13.908697849401989,0.14167574844541317,32.11224489795919,0.7542953106833742,2489.0,495.0,2984.0,24.0,21.0,2210.0,DRREDDY,Dr Reddys Laboratories Ltd,21.4,26.5,Healthcare,False,12.591302150598011
472,DRREDDY,2021,10.247795044099119,20.338093238135237,11.06513236211099,18.74032507739938,0.17181565670880336,43.391752577319586,0.7164134195877839,1315.0,2255.0,3570.0,23.0,21.0,3031.0,DRREDDY,Dr Reddys Laboratories Ltd,21.4,26.5,Healthcare,False,7.75967492260062
473,DRREDDY,2022,10.127639823624971,17.488976560686933,11.35748490526754,16.675517790759425,0.17613991255465333,45.03125,0.7242990654205608,246.0,2565.0,2811.0,26.0,23.0,3384.0,DRREDDY,Dr Reddys Laboratories Ltd,21.4,26.5,Healthcare,False,9.824482209240575
479,EICHERMOT,2014,8.033875028610666,12.794689860379949,27.90143084260731,43.43434343434344,0.023052464228934817,122.3,1.3646728096204903,-167.0,1214.0,1047.0,23.0,22.0,58.0,EICHERMOT,Eicher Motors Ltd,24.2,31.1,Consumer Discretionary,False,12.334343434343438
480,EICHERMOT,2016,21.675036449052325,27.37728819050705,36.627429509991785,45.97388465723613,0.006296194908294552,1008.0,1.2498481473982588,462.0,1001.0,1463.0,49.0,20.0,23.0,EICHERMOT,Eicher Motors Ltd,24.2,31.1,Consumer Discretionary,False,14.873884657236125
481,EICHERMOT,2017,23.702545144319636,30.911417602729983,31.18802619270346,39.83873923401136,0.02095416276894294,647.5,1.003424168925667,-36.0,1744.0,1708.0,61.0,16.0,112.0,EICHERMOT,Eicher Motors Ltd,24.2,31.1,Consumer Discretionary,False,8.738739234011362
482,EICHERMOT,2018,21.862799776910204,31.3329615170106,27.880512091038405,39.117114607993315,0.021479374110953058,669.0,0.9415038857382902,337.0,2145.0,2482.0,72.0,15.0,151.0,EICHERMOT,Eicher Motors Ltd,24.2,31.1,Consumer Discretionary,False,8.017114607993314
484,EICHERMOT,2020,19.958488092637097,23.847498361372075,18.30477908025248,21.339198435972627,0.024947400060114217,145.0,0.7352610441767068,186.0,1508.0,1694.0,67.0,19.0,249.0,EICHERMOT,Eicher Motors Ltd,24.2,31.1,Consumer Discretionary,False,9.760801564027375
485,EICHERMOT,2021,15.447247706422019,20.44724770642202,11.776534359153699,15.295530582482627,0.01914670396922539,141.5625,0.5989422350436157,66.0,1625.0,1691.0,49.0,34.0,219.0,EICHERMOT,Eicher Motors Ltd,24.2,31.1,Consumer Discretionary,False,15.804469417517375
486,EICHERMOT,2022,16.284715478733737,21.149737813167604,13.301078680203046,17.1280276816609,0.008565989847715736,140.73684210526315,0.6380421313506816,544.0,983.0,1527.0,61.0,34.0,108.0,EICHERMOT,Eicher Motors Ltd,24.2,31.1,Consumer Discretionary,False,13.971972318339102
487,EICHERMOT,2023,20.177260767206757,23.8609610857222,19.43962641761174,22.555308286424925,0.019212808539026016,155.5,0.7522658610271903,426.0,2397.0,2823.0,107.0,35.0,288.0,EICHERMOT,Eicher Motors Ltd,24.2,31.1,Consumer Discretionary,False,8.544691713575077
488,EICHERMOT,2024,24.195694242864054,26.179245283018872,22.172346910501524,23.445623916811094,0.023219728456636186,114.70588235294117,0.7153796236210254,890.0,2834.0,3724.0,146.0,35.0,419.0,EICHERMOT,Eicher Motors Ltd,24.2,31.1,Consumer Discretionary,False,7.654376083188907
496,GAIL,2019,8.600866255414097,13.04370652316577,14.244413529258326,20.606286804346023,0.04834362229371359,73.31446540880503,1.1134656417151376,2283.0,5701.0,7984.0,10.0,25.0,2224.0,GAIL,GAIL (India) Ltd,14.0,14.7,Energy,False,5.906286804346024
499,GAIL,2022,13.262908267758974,16.342567640400993,19.19081635836167,20.67503068321287,0.14374395607823565,89.53465346534654,0.9605110577321295,3930.0,5490.0,9420.0,18.0,36.0,9216.0,GAIL,GAIL (India) Ltd,14.0,14.7,Energy,False,5.9750306832128715
500,GAIL,2023,3.841612433753467,5.14869429112777,8.61891046868021,9.064210869801675,0.274400480539683,28.279452054794522,1.3512174759983304,-4248.0,7453.0,3205.0,9.0,59.0,17816.0,GAIL,GAIL (India) Ltd,14.0,14.7,Energy,False,5.635789130198324
503,GODREJCP,2013,13.178415470991892,15.517779164067374,25.505584062782976,17.247356560929102,0.7413220645940235,13.666666666666666,0.8332683560753736,-45.0,865.0,820.0,8.0,22.0,2456.0,GODREJCP,Godrej Consumer Products Ltd,6.77,26.49,Consumer Staples,False,9.242643439070896
504,GODREJCP,2014,10.777733912356888,15.383603105671797,21.695364238410598,19.014313597918022,0.6286092715231788,10.258333333333333,0.9133413461538461,622.0,494.0,1116.0,7.0,24.0,2373.0,GODREJCP,Godrej Consumer Products Ltd,6.77,26.49,Consumer Staples,False,7.475686402081976
505,GODREJCP,2015,11.797413272089932,16.66868125226641,22.639758756668986,19.621513944223107,0.6302482022732545,12.964285714285714,0.9066301369863013,-209.0,1236.0,1027.0,9.0,21.0,2717.0,GODREJCP,Godrej Consumer Products Ltd,6.77,26.49,Consumer Staples,False,6.868486055776891
507,GODREJCP,2017,14.113077255071213,20.576176089771256,24.669935873255376,20.498763839621628,0.7546208977744248,12.876623376623376,0.7162287480680062,-383.0,2243.0,1860.0,13.0,39.0,4001.0,GODREJCP,Godrej Consumer Products Ltd,6.77,26.49,Consumer Staples,False,5.991236160378371
508,GODREJCP,2018,16.593886462882097,21.163806235401644,26.110578459571748,21.339340569322136,0.5605624800255673,13.68208092485549,0.7102567801500288,1387.0,336.0,1723.0,16.0,42.0,3508.0,GODREJCP,Godrej Consumer Products Ltd,6.77,26.49,Consumer Staples,False,5.150659430677862
509,GODREJCP,2019,22.70700019391119,20.67093271281753,32.22787945507087,20.02065921682787,0.4653914958029448,10.478991596638656,0.7318007662835249,2003.0,274.0,1729.0,23.0,44.0,3382.0,GODREJCP,Godrej Consumer Products Ltd,6.77,26.49,Consumer Staples,False,6.469340783172129
510,GODREJCP,2020,15.104429421854505,21.733427504792655,18.95416561154723,18.7745140765275,0.45264623955431754,9.587719298245615,0.6660618279569892,1036.0,552.0,1588.0,15.0,55.0,3575.0,GODREJCP,Godrej Consumer Products Ltd,6.77,26.49,Consumer Staples,False,7.7154859234724995
511,GODREJCP,2021,15.604315894460061,21.751745398494876,18.23286365081047,21.224453684862425,0.1974785464561924,17.55072463768116,0.7742909295141814,1738.0,292.0,2030.0,17.0,0.0,1864.0,GODREJCP,Godrej Consumer Products Ltd,6.77,26.49,Consumer Staples,False,5.265546315137573
512,GODREJCP,2022,14.524275008145976,19.623655913978492,15.429214260989962,18.167420814479637,0.1474558670820353,20.385245901639344,0.7633378932968536,607.0,844.0,1451.0,17.0,0.0,1704.0,GODREJCP,Godrej Consumer Products Ltd,6.77,26.49,Consumer Staples,False,8.322579185520361
513,GODREJCP,2023,12.781616100931211,18.34635025533193,12.338697984630999,16.369606003752345,0.08191967522111063,13.601063829787234,0.7636634742214831,397.0,1754.0,2151.0,17.0,0.0,1130.0,GODREJCP,Godrej Consumer Products Ltd,6.77,26.49,Consumer Staples,False,10.120393996247653
514,GODREJCP,2024,-3.9798524404086266,20.977582292849036,-4.45308779171297,18.691529709228824,0.2557548817272583,2.412903225806452,0.7664201826881253,-1365.0,3435.0,2070.0,-5.0,,3222.0,GODREJCP,Godrej Consumer Products Ltd,6.77,26.49,Consumer Staples,False,7.798470290771174
516,GRASIM,2013,13.536851911569745,21.226127772403167,19.219616421630974,20.2828089156709,0.48583201912804597,20.82716049382716,0.6325272533599257,-1445.0,5687.0,4242.0,57.0,8.0,9550.0,GRASIM,Grasim Industries Ltd,6.9,9.3,Industrials,False,10.982808915670898
517,GRASIM,2014,10.42674102573153,17.348487522501856,13.66643534582466,15.704882413087933,0.44788341429562806,12.284116331096197,0.5934933802580862,1213.0,2336.0,3549.0,44.0,9.0,9681.0,GRASIM,Grasim Industries Ltd,6.9,9.3,Industrials,False,6.4048824130879325
518,GRASIM,2015,8.136383689418288,16.209743492783765,11.158167675021607,14.667807242657544,0.5155574762316335,8.506746626686656,0.5873077563711065,2235.0,2359.0,4594.0,37.0,9.0,11930.0,GRASIM,Grasim Industries Ltd,6.9,9.3,Industrials,False,5.367807242657543
519,GRASIM,2016,10.018267753066374,17.13979180560791,12.596157351708046,14.80192317323584,0.45590433482810166,10.071030640668523,0.5788740432388881,1353.0,4515.0,5868.0,51.0,9.0,12505.0,GRASIM,Grasim Industries Ltd,6.9,9.3,Industrials,False,5.50192317323584
520,GRASIM,2017,11.772208051458357,20.480758567150936,13.527893713958008,18.194581280788178,0.29352916812693153,12.055555555555555,0.5748163258801218,3779.0,3509.0,7288.0,66.0,8.0,9213.0,GRASIM,Grasim Industries Ltd,6.9,9.3,Industrials,False,8.894581280788177
532,HAL,2016,11.92266380236305,14.786967418546364,1664.9999999999998,1795.6521739130433,0.15,679.3333333333334,95.2159090909091,,,,28.0,31.0,18.0,HAL,Hindustan Aeronautics Ltd,28.9,38.9,Industrials,False,1756.7521739130432
533,HAL,2017,14.573816155988858,18.027855153203344,1966.9172932330828,2397.037037037037,0.015037593984962405,267.5,105.58823529411765,2598.0,3021.0,-423.0,36.0,31.0,2.0,HAL,Hindustan Aeronautics Ltd,28.9,38.9,Industrials,False,2358.137037037037
534,HAL,2018,10.729521032453155,18.683514228630056,1528.4615384615386,2601.503759398496,0.023076923076923078,120.6,111.56024096385542,-140.0,594.0,-734.0,30.0,54.0,3.0,HAL,Hindustan Aeronautics Ltd,28.9,38.9,Industrials,False,2562.603759398496
535,HAL,2019,11.72530987604958,22.835865653738505,1763.9097744360904,3240.425531914894,0.06015037593984962,27.937853107344633,114.33142857142857,-2402.0,5292.0,-7694.0,35.0,28.0,8.0,HAL,Hindustan Aeronautics Ltd,28.9,38.9,Industrials,False,3201.5255319148937
536,HAL,2020,13.252506411750991,22.75588715318256,2059.4202898550725,3485.7142857142853,0.014492753623188406,14.749303621169917,123.95953757225433,203.0,1334.0,1537.0,42.0,39.0,2.0,HAL,Hindustan Aeronautics Ltd,28.9,38.9,Industrials,False,3446.8142857142852
537,HAL,2021,14.155231186085132,23.341491128397866,2249.3055555555557,3560.666666666667,0.041666666666666664,21.352059925093634,123.02150537634408,13934.0,1190.0,15124.0,48.0,31.0,6.0,HAL,Hindustan Aeronautics Ltd,28.9,38.9,Industrials,False,3521.766666666667
538,HAL,2022,20.65800162469537,22.014622258326565,3324.183006535948,3284.848484848485,0.0784313725490196,98.55384615384615,121.88118811881188,-2609.0,12789.0,10180.0,76.0,26.0,12.0,HAL,Hindustan Aeronautics Ltd,28.9,38.9,Industrials,False,3245.948484848485
539,HAL,2023,21.57976827094474,24.766042780748663,3283.050847457627,2977.2321428571427,0.2655367231638418,130.328125,99.36531365313652,3102.0,5734.0,8836.0,87.0,32.0,47.0,HAL,Hindustan Aeronautics Ltd,28.9,38.9,Industrials,False,2938.3321428571426
540,HAL,2024,24.999177117277245,32.08913465652875,3816.5829145728644,3027.639751552795,0.6180904522613065,270.8837209302326,67.51333333333334,1814.0,6412.0,8226.0,114.0,31.0,123.0,HAL,Hindustan Aeronautics Ltd,28.9,38.9,Industrials,False,2988.739751552795
544,HAVELLS,2015,4.546528105810109,8.915918752952292,21.177117711771174,33.675289919714544,0.23322332233223322,8.364583333333334,1.7685881370091896,478.0,485.0,963.0,6.0,49.0,424.0,HAVELLS,Havells India Ltd,18.0,24.4,Industrials,False,9.275289919714545
555,HCLTECH,2013,15.792971345920801,22.203979516047063,30.689759951382555,39.97747747747748,0.07930720145852324,56.716981132075475,1.1420599133889906,2131.0,2361.0,4492.0,14.0,21.0,1044.0,HCLTECH,HCL Technologies Ltd,23.3,29.6,Information Technology,False,10.377477477477477
556,HCLTECH,2014,20.3086112493778,24.99688899950224,33.39130434782609,39.06553870089459,0.05207161125319693,76.42105263157895,1.0721814543028685,1615.0,4842.0,6457.0,23.0,11.0,1018.0,HCLTECH,HCL Technologies Ltd,23.3,29.6,Information Technology,False,9.46553870089459
558,HCLTECH,2016,17.992034943473794,21.3707605344296,20.451973275893543,23.362943716863874,0.03979409295023913,101.6891891891892,0.7914389568135024,1615.0,2208.0,3823.0,20.0,40.0,1090.0,HCLTECH,HCL Technologies Ltd,23.3,29.6,Information Technology,False,6.237056283136127
578,HDFCBANK,2023,27.026599669700268,36.91977933167012,15.944347321360706,2.5957630782533507,7.39091618930479,1.859518754423213,0.06748017729778946,17822.0,2992.0,20814.0,82.0,23.0,2139212.0,HDFCBANK,HDFC Bank Ltd,17.1,7.67,Financials,False,5.07423692174665
581,HDFCLIFE,2013,3.1792318634423897,96.26600284495022,33.43305908750935,1012.341062079282,0.0,483.5357142857143,0.33541676606708337,,,,2.0,0.0,0.0,HDFCLIFE,HDFC Life Insurance Company Ltd,11.4,6.61,Financials,False,1005.731062079282
582,HDFCLIFE,2014,4.223464988931609,96.47559128509845,37.60373443983403,858.9730290456432,0.0,68.7344398340249,0.3283787661406026,,,,4.0,14.0,0.0,HDFCLIFE,HDFC Life Insurance Company Ltd,11.4,6.61,Financials,False,852.3630290456432
583,HDFCLIFE,2015,2.8881131728826013,96.78853573397024,30.932703659976386,1036.6391184573001,0.0,333.46835443037975,0.3926618476676911,945.0,3514.0,4459.0,4.0,18.0,0.0,HDFCLIFE,HDFC Life Insurance Company Ltd,11.4,6.61,Financials,False,1030.0291184573002
584,HDFCLIFE,2016,4.503610605810043,94.74119398048619,26.32935868514341,553.8833387044796,0.0,159.1851851851852,0.23700094063545152,1725.0,3962.0,5687.0,4.0,22.0,0.0,HDFCLIFE,HDFC Life Insurance Company Ltd,11.4,6.61,Financials,False,547.2733387044796
585,HDFCLIFE,2017,2.8942473977877117,96.82513786014944,23.183481442760062,775.5880815473079,0.0,213.50359712230215,0.32227094440413473,1053.0,5177.0,6230.0,4.0,25.0,0.0,HDFCLIFE,HDFC Life Insurance Company Ltd,11.4,6.61,Financials,False,768.9780815473079
586,HDFCLIFE,2018,3.4314941103533787,96.67079975201489,23.52816153028693,662.826780021254,0.0,110.59929078014184,0.2919906229917725,2318.0,4421.0,6739.0,6.0,25.0,0.0,HDFCLIFE,HDFC Life Insurance Company Ltd,11.4,6.61,Financials,False,656.216780021254
587,HDFCLIFE,2019,3.289151975292755,96.87298931926392,22.651542006380716,667.1393123006026,0.0,276.7867647058824,0.2988386402091986,-314.0,10182.0,9868.0,6.0,26.0,0.0,HDFCLIFE,HDFC Life Insurance Company Ltd,11.4,6.61,Financials,False,660.5293123006026
588,HDFCLIFE,2020,4.414567733151804,96.11640571817563,19.05391508741002,414.85235786690174,0.0,76.53929539295393,0.2221986931268151,-401.0,7789.0,7388.0,6.0,0.0,0.0,HDFCLIFE,HDFC Life Insurance Company Ltd,11.4,6.61,Financials,False,408.2423578669017
589,HDFCLIFE,2021,1.9027513700928307,98.27480147634493,15.752314814814813,760.7575757575758,0.06944444444444445,157.9685393258427,0.3981408811332832,751.0,8952.0,9703.0,7.0,30.0,600.0,HDFCLIFE,HDFC Life Insurance Company Ltd,11.4,6.61,Financials,False,754.1475757575757
590,HDFCLIFE,2022,1.976879301611894,98.84098560915294,8.498783143332906,409.20192426298263,0.038427052645062125,86.61749347258485,0.2909237476921477,5142.0,801.0,5943.0,6.0,27.0,600.0,HDFCLIFE,HDFC Life Insurance Company Ltd,11.4,6.61,Financials,False,402.5919242629826
591,HDFCLIFE,2023,1.9485236514877435,99.88605124845101,10.528746247979681,502.9548877572975,0.07311629338874778,48.80097425191371,0.28301400013705863,-3188.0,10071.0,6883.0,6.0,30.0,950.0,HDFCLIFE,HDFC Life Insurance Company Ltd,11.4,6.61,Financials,False,496.3448877572975
592,HDFCLIFE,2024,1.5510139729213062,99.47675449833469,10.732306013909723,646.4587602459017,0.06477567162143734,192.2895238095238,0.33527042786773137,-2893.0,13614.0,10721.0,7.0,27.0,950.0,HDFCLIFE,HDFC Life Insurance Company Ltd,11.4,6.61,Financials,False,639.8487602459016
594,HEROMOTOCO,2014,8.316518298714143,85.94263105835806,37.38218033078428,367.7331979007957,0.050506846878890274,50.54883720930233,2.497036158861885,1347.0,1616.0,2963.0,105.0,62.0,284.0,HEROMOTOCO,"Hero MotoCorp Ltd
",22.0,29.1,Consumer Discretionary,False,338.63319790079566
595,HEROMOTOCO,2015,8.584501416224853,87.21766286585809,36.14678899082569,361.7168674698795,0.01529051987767584,73.94153846153846,2.5847568988173455,2217.0,31.0,2186.0,118.0,51.0,100.0,HEROMOTOCO,"Hero MotoCorp Ltd
",22.0,29.1,Consumer Discretionary,False,332.6168674698795
596,HEROMOTOCO,2016,10.935797870471237,84.45373721755631,35.22752999773602,265.08934480476506,0.026262168892913742,57.12351543942993,2.2066532258064515,1422.0,2300.0,3722.0,157.0,46.0,232.0,HEROMOTOCO,"Hero MotoCorp Ltd
",22.0,29.1,Consumer Discretionary,False,235.98934480476507
597,HEROMOTOCO,2017,12.394267738552953,83.9741349178609,34.373788290034895,227.14380259052663,0.025300504071345483,28.965060240963854,1.8684691745036572,2035.0,1972.0,4007.0,179.0,47.0,261.0,HEROMOTOCO,"Hero MotoCorp Ltd
",22.0,29.1,Consumer Discretionary,False,198.04380259052664
598,HEROMOTOCO,2018,11.467126748413333,83.56645511122065,31.089208152355496,222.32786885245903,0.019044437019712663,48.12056737588652,1.8657239753980572,2159.0,1858.0,4017.0,186.0,51.0,228.0,HEROMOTOCO,"Hero MotoCorp Ltd
",22.0,29.1,Consumer Discretionary,False,193.22786885245904
599,HEROMOTOCO,2019,10.202820052397634,85.2079715051073,26.417682926829265,215.50029779630734,0.02378048780487805,39.08367071524966,1.8358733246865542,2330.0,1298.0,1032.0,172.0,50.0,312.0,HEROMOTOCO,"Hero MotoCorp Ltd
",22.0,29.1,Consumer Discretionary,False,186.40029779630734
600,HEROMOTOCO,2020,12.50769125589663,86.0873726669857,25.39913924753575,169.4865064943805,0.031445231153685964,17.571827057182706,1.4869370743112738,2699.0,2819.0,5518.0,182.0,49.0,453.0,HEROMOTOCO,"Hero MotoCorp Ltd
",22.0,29.1,Consumer Discretionary,False,140.3865064943805
601,HEROMOTOCO,2021,9.483510449303918,86.89557156238897,19.045147898287492,168.13750000000002,0.03788271925272444,48.67088607594937,1.3404485625216487,1821.0,2289.0,4110.0,146.0,72.0,584.0,HEROMOTOCO,"Hero MotoCorp Ltd
",22.0,29.1,Consumer Discretionary,False,139.03750000000002
602,HEROMOTOCO,2022,7.881289973266556,88.98176034651958,14.696788035590332,159.82859226841722,0.038177573042216195,48.26788990825688,1.314663226265682,1882.0,222.0,2104.0,116.0,82.0,605.0,HEROMOTOCO,"Hero MotoCorp Ltd
",22.0,29.1,Consumer Discretionary,False,130.72859226841723
603,HEROMOTOCO,2023,8.197201241290474,88.00281046899701,16.810758885686838,174.52392011147236,0.034101825168107586,53.03703703703704,1.4281891541581302,2193.0,421.0,2614.0,141.0,71.0,568.0,HEROMOTOCO,"Hero MotoCorp Ltd
",22.0,29.1,Consumer Discretionary,False,145.42392011147237
604,HEROMOTOCO,2024,9.902352536452407,86.14676228532112,21.14243742584327,177.84211963944279,0.03423922255494661,47.268505079825836,1.4449202768324858,3095.0,1828.0,4923.0,187.0,75.0,606.0,HEROMOTOCO,"Hero MotoCorp Ltd
",22.0,29.1,Consumer Discretionary,False,148.7421196394428
606,HINDALCO,2013,3.749703839487237,90.39941141994937,8.511180300028306,78.55788298783065,1.6119728276252476,65.26012601260126,0.665005390165022,-10824.0,13801.0,2977.0,16.0,6.0,56951.0,HINDALCO,Hindalco Industries Ltd,10.2,11.3,Materials,False,67.25788298783065
607,HINDALCO,2014,2.5029933291521753,90.85010547921775,5.405871342724855,75.61788154897494,1.5948182445079302,117.69571639586411,0.6355539128292096,-139.0,8095.0,7956.0,11.0,9.0,64756.0,HINDALCO,Hindalco Industries Ltd,10.2,11.3,Materials,False,64.31788154897494
608,HINDALCO,2015,0.248367391950595,91.51906867022755,0.6757285606198962,89.36299708793318,1.7863236713715462,-114.71754807692308,0.7356891905238948,3270.0,3873.0,7143.0,4.0,24.0,68468.0,HINDALCO,Hindalco Industries Ltd,10.2,11.3,Materials,False,78.06299708793318
609,HINDALCO,2016,-0.7108212922366569,92.12426209256877,-1.7286808342978157,84.1162711143573,1.663473614223448,60.659333333333336,0.6996939339407422,8468.0,3220.0,11688.0,-1.0,-82.0,67552.0,HINDALCO,Hindalco Industries Ltd,10.2,11.3,Materials,False,72.8162711143573
610,HINDALCO,2017,1.8785434799968057,87.70562165615267,4.086063527215094,79.96923805016564,1.3855489697996048,73.35475792988314,0.685515655791548,9811.0,2876.0,12687.0,8.0,13.0,63817.0,HINDALCO,Hindalco Industries Ltd,10.2,11.3,Materials,False,68.66923805016565
611,HINDALCO,2018,5.281161282480921,88.1102245991162,11.089841755997957,94.91423975459664,0.9493546269962809,35.2552969781174,0.7834832056810916,16231.0,5333.0,10898.0,27.0,4.0,52074.0,HINDALCO,Hindalco Industries Ltd,10.2,11.3,Materials,False,83.61423975459664
612,HINDALCO,2019,4.209373228539474,88.11800033705627,9.556355541642754,104.65355362276647,0.9115493643588807,102.07897071872227,0.858987181849288,6521.0,5456.0,11977.0,24.0,5.0,52415.0,HINDALCO,Hindalco Industries Ltd,10.2,11.3,Materials,False,93.35355362276647
613,HINDALCO,2020,3.188481852654388,87.89104821235102,6.459522952140885,81.94545282363711,1.172882692868289,114.62472406181016,0.7006606649349417,5518.0,7227.0,12745.0,17.0,6.0,68399.0,HINDALCO,Hindalco Industries Ltd,10.2,11.3,Materials,False,70.64545282363711
614,HINDALCO,2021,2.6384764559723655,86.69853342221684,5.234996167315468,85.5763838521299,1.010115281138683,-115.96960486322189,0.6991134507631526,-8048.0,25280.0,17232.0,16.0,19.0,67206.0,HINDALCO,Hindalco Industries Ltd,10.2,11.3,Materials,False,74.2763838521299
615,HINDALCO,2022,7.038895923797416,85.46747394378112,17.559565678914453,116.84574248126889,0.8247240731030425,133.06225059856345,0.8792184084199139,10065.0,6773.0,16838.0,61.0,6.0,64486.0,HINDALCO,Hindalco Industries Ltd,10.2,11.3,Materials,False,105.54574248126889
616,HINDALCO,2023,4.523704984722359,89.84507307282192,10.650169820475497,129.29714952578064,0.6359407632428328,153.43993879112472,0.9987158204654368,11649.0,7559.0,19208.0,45.0,7.0,60291.0,HINDALCO,Hindalco Industries Ltd,10.2,11.3,Materials,False,117.99714952578064
617,HINDALCO,2024,4.702216130615571,88.94620349876368,9.567011474761177,118.20777590429657,0.5309290976579428,126.46543778801843,0.9360228499109322,9789.0,14267.0,24056.0,45.0,8.0,56356.0,HINDALCO,Hindalco Industries Ltd,10.2,11.3,Materials,False,106.90777590429657
619,HINDUNILVR,2013,14.216412383350615,84.37268552806991,133.99650959860384,788.3737024221454,0.008726003490401396,20.302760463045413,2.2332120410188554,3668.0,63.0,3605.0,18.0,104.0,25.0,HINDUNILVR,"Hindustan Unilever Ltd
",20.2,27.2,Consumer Staples,False,761.1737024221453
620,HINDUNILVR,2014,13.532188547581583,83.72100978312923,111.84619734238055,683.0867987719788,0.013005371783997738,30.9229797979798,2.125490766322524,3343.0,475.0,3818.0,18.0,71.0,46.0,HINDUNILVR,"Hindustan Unilever Ltd
",20.2,27.2,Consumer Staples,False,655.8867987719788
621,HINDUNILVR,2015,13.68697610409108,83.07268860252721,108.66650111745717,652.5798525798525,0.010677924012912838,21.312750601443465,2.2156618156618157,3430.0,138.0,3292.0,20.0,74.0,43.0,HINDUNILVR,"Hindustan Unilever Ltd
",20.2,27.2,Consumer Staples,False,625.3798525798525
622,HINDUNILVR,2016,12.896911700739452,81.63797924563475,63.15228966986155,389.27407407407406,0.026928343222272933,54.10288065843621,2.175758804840127,3889.0,282.0,4171.0,19.0,83.0,177.0,HINDUNILVR,"Hindustan Unilever Ltd
",20.2,27.2,Consumer Staples,False,362.0740740740741
623,HINDUNILVR,2017,13.539593510644716,80.91791809902901,66.57769869513642,382.1962683378436,0.041073546856465006,44.31188118811881,2.111422386349166,4012.0,1173.0,5185.0,21.0,82.0,277.0,HINDUNILVR,"Hindustan Unilever Ltd
",20.2,27.2,Consumer Staples,False,354.9962683378436
624,HINDUNILVR,2018,14.705303136868759,78.90279926853285,71.78958934212334,385.19434143661584,0.0,79.5099150141643,1.989978725786586,4996.0,1063.0,6059.0,24.0,83.0,0.0,HINDUNILVR,"Hindustan Unilever Ltd
",20.2,27.2,Consumer Staples,False,357.99434143661585
625,HINDUNILVR,2019,15.41592470109387,77.41032816077335,77.03063429515699,381.9984935977906,0.01258421253336723,94.57453416149069,2.1101508400880347,5362.0,438.0,5800.0,28.0,78.0,99.0,HINDUNILVR,"Hindustan Unilever Ltd
",20.2,27.2,Consumer Staples,False,354.79849359779064
626,HINDUNILVR,2020,16.982128044642185,75.21303069150139,82.09989063069631,363.61647830842145,0.0,70.62971698113208,1.974048528755024,9414.0,1791.0,7623.0,31.0,80.0,0.0,HINDUNILVR,"Hindustan Unilever Ltd
",20.2,27.2,Consumer Staples,False,336.41647830842146
627,HINDUNILVR,2021,17.00901590541805,75.27855745513311,16.778537567646936,74.25850568444015,0.0,208.39411764705883,0.6841431480942682,7935.0,1228.0,9163.0,34.0,119.0,0.0,HINDUNILVR,"Hindustan Unilever Ltd
",20.2,27.2,Consumer Staples,False,47.05850568444015
628,HINDUNILVR,2022,16.954581855622926,75.48526103039318,18.12437577709382,79.0136516046623,0.02125924869040582,180.88584474885846,0.7438515870989703,7320.0,1728.0,9048.0,38.0,90.0,1043.0,HINDUNILVR,"Hindustan Unilever Ltd
",20.2,27.2,Consumer Staples,False,51.8136516046623
629,HINDUNILVR,2023,16.743149554308353,76.64740838560581,20.16340648854962,90.12091687207655,0.024232665394402036,103.69642857142857,0.8289886010646305,8507.0,1484.0,9991.0,43.0,91.0,1219.0,HINDUNILVR,"Hindustan Unilever Ltd
",20.2,27.2,Consumer Staples,False,62.920916872076546
630,HINDUNILVR,2024,16.611735814915342,76.31672482874498,20.074973642078955,89.63037455884027,0.028974188761763442,57.847001223990205,0.7885945801322478,10145.0,5324.0,15469.0,44.0,96.0,1484.0,HINDUNILVR,"Hindustan Unilever Ltd
",20.2,27.2,Consumer Staples,False,62.43037455884027
645,ICICIGI,2013,8.798604187437686,104.46161515453637,18.877005347593585,224.11764705882354,0.0,7.145051194539249,0.3174804146553771,22.0,962.0,984.0,8.0,0.0,0.0,ICICIGI,ICICI Lombard General Insurance Company Ltd,17.0,22.5,Financials,False,201.61764705882354
646,ICICIGI,2014,11.948529411764707,105.19301470588236,21.72096908939014,191.2280701754386,0.0,5.597307221542228,0.2951709169831796,-111.0,706.0,595.0,12.0,0.0,0.0,ICICIGI,ICICI Lombard General Insurance Company Ltd,17.0,22.5,Financials,False,168.7280701754386
647,ICICIGI,2015,13.816721776098253,105.24326877657062,20.27027027027027,154.4005544005544,0.0,4.486895161290323,0.2890891711047385,73.0,171.0,-98.0,13.0,15.0,0.0,ICICIGI,ICICI Lombard General Insurance Company Ltd,17.0,22.5,Financials,False,131.9005544005544
648,ICICIGI,2016,8.403779214321233,87.33631692358695,15.66265060240964,162.77417361754712,0.0,,0.3848558305690227,201.0,310.0,511.0,11.0,26.0,0.0,ICICIGI,ICICI Lombard General Insurance Company Ltd,17.0,22.5,Financials,False,140.27417361754712
649,ICICIGI,2017,9.335106382978724,87.77925531914894,17.9953857985132,150.5015959872321,0.12432709561650859,-3306.5,0.3220418825746221,-362.0,1990.0,1628.0,16.0,22.0,485.0,ICICIGI,ICICI Lombard General Insurance Company Ltd,17.0,22.5,Financials,False,128.0015959872321
650,ICICIGI,2018,12.471064814814815,103.79050925925925,18.982602950891874,142.73776362912852,0.1068046685752037,4.569789674952199,0.2323361344537815,494.0,1896.0,2390.0,19.0,17.0,485.0,ICICIGI,ICICI Lombard General Insurance Company Ltd,17.0,22.5,Financials,False,120.23776362912852
651,ICICIGI,2019,9.39711547075159,85.04882200125414,19.425925925925927,161.32540356839422,0.08981481481481482,-4754.5,0.3341915396820645,120.0,2856.0,2976.0,23.0,26.0,485.0,ICICIGI,ICICI Lombard General Insurance Company Ltd,17.0,22.5,Financials,False,138.82540356839422
652,ICICIGI,2020,10.367283146652774,84.61404879742989,19.46527551353114,147.22767789696329,0.07906749266384089,650.6666666666666,0.3109173370768317,51.0,3382.0,3433.0,26.0,13.0,485.0,ICICIGI,ICICI Lombard General Insurance Company Ltd,17.0,22.5,Financials,False,124.72767789696329
653,ICICIGI,2021,12.112490749116027,82.97015048104596,19.38412949072246,124.8144482929243,0.06382418739307803,842.25,0.3094559519568426,407.0,1367.0,1774.0,32.0,25.0,485.0,ICICIGI,ICICI Lombard General Insurance Company Ltd,17.0,22.5,Financials,False,102.3144482929243
654,ICICIGI,2022,7.93086234868339,93.660302009235,13.8257369737844,158.86960203217612,0.02773849668225824,18.561186650185412,0.3151746381371932,944.0,135.0,809.0,26.0,35.0,255.0,ICICIGI,ICICI Lombard General Insurance Company Ltd,17.0,22.5,Financials,False,136.36960203217612
655,ICICIGI,2023,9.672186171402998,92.92906690534795,16.554959785522787,158.5265769634507,0.003351206434316354,16.769929364278507,0.3245107649856588,605.0,1685.0,2290.0,35.0,31.0,35.0,ICICIGI,ICICI Lombard General Insurance Company Ltd,17.0,22.5,Financials,False,136.0265769634507
656,ICICIGI,2024,9.366915605017816,87.42129155073948,15.7230643179025,146.3235294117647,0.0028676771814829987,160.02678571428572,0.3236083907247109,486.0,1921.0,2407.0,39.0,28.0,35.0,ICICIGI,ICICI Lombard General Insurance Company Ltd,17.0,22.5,Financials,False,123.8235294117647
658,ICICIPRULI,2013,7.5655430711610485,96.27965043695382,38.24791719262812,486.74577126988135,0.0,21.426666666666666,0.2662190906673757,-1077.0,1564.0,-2641.0,11.0,32.0,0.0,ICICIPRULI,ICICI Prudential Life Insurance Company Ltd,8.07,8.75,Financials,False,477.99577126988135
659,ICICIPRULI,2014,7.131761695906433,93.12865497076024,35.614875655943415,465.06958704083956,0.0,158.06976744186048,0.2686501215111569,3630.0,6012.0,-2382.0,11.0,70.0,0.0,ICICIPRULI,ICICI Prudential Life Insurance Company Ltd,8.07,8.75,Financials,False,456.31958704083956
660,ICICIPRULI,2015,4.760107973180855,95.1963544538937,31.14909781576448,622.9439696106363,0.0,762.8604651162791,0.34039421034431655,-1299.0,1822.0,523.0,11.0,51.0,0.0,ICICIPRULI,ICICI Prudential Life Insurance Company Ltd,8.07,8.75,Financials,False,614.1939696106363
661,ICICIPRULI,2016,7.91404863542616,91.16984028010936,30.99755776817584,299.24433249370276,0.19331204208153296,,0.1990073020569847,3661.0,27.0,3634.0,12.0,73.0,1029.0,ICICIPRULI,ICICI Prudential Life Insurance Company Ltd,8.07,8.75,Financials,False,290.49433249370276
662,ICICIPRULI,2017,4.447852760736196,95.22424370636767,26.256634405245084,562.1292538245395,0.0,277.03846153846155,0.3031561395210877,3434.0,696.0,4130.0,12.0,63.0,0.0,ICICIPRULI,ICICI Prudential Life Insurance Company Ltd,8.07,8.75,Financials,False,553.3792538245395
663,ICICIPRULI,2018,4.169241862381541,95.44190358467245,24.627319744447824,563.7663522969273,0.0,280.81060606060606,0.27381380492035623,301.0,5389.0,5690.0,11.0,59.0,0.0,ICICIPRULI,ICICI Prudential Life Insurance Company Ltd,8.07,8.75,Financials,False,555.0163522969273
664,ICICIPRULI,2019,2.747027470274703,98.69522224634011,16.57691747926066,595.5756076262553,0.0,50.33579335793358,0.25424009418343696,3818.0,7559.0,11377.0,8.0,40.0,0.0,ICICIPRULI,ICICI Prudential Life Insurance Company Ltd,8.07,8.75,Financials,False,586.8256076262553
665,ICICIPRULI,2020,5.074910820451843,101.51724137931035,14.792735338971303,295.910162207126,0.0,13.524714828897338,0.13474886400779332,-2201.0,10797.0,8596.0,7.0,11.0,0.0,ICICIPRULI,ICICI Prudential Life Insurance Company Ltd,8.07,8.75,Financials,False,287.160162207126
666,ICICIPRULI,2021,1.1492871053833762,100.46885143420452,10.495114721703809,810.6702880977787,0.1317378416950269,50.07309766327142,0.382938955897247,2230.0,5084.0,7314.0,7.0,30.0,1200.0,ICICIPRULI,ICICI Prudential Life Insurance Company Ltd,8.07,8.75,Financials,False,801.9202880977787
667,ICICIPRULI,2022,1.194072116292241,103.40444276634572,8.287835772002621,634.5626568835683,0.1310329766324525,20.5969915387026,0.26004246492961375,1015.0,816.0,1831.0,5.0,10.0,1200.0,ICICIPRULI,ICICI Prudential Life Insurance Company Ltd,8.07,8.75,Financials,False,625.8126568835683
668,ICICIPRULI,2023,1.6106026387733272,103.48072427592219,8.057482656095145,462.66607617360495,0.11892963330029732,17.857094017094017,0.1972945190755557,-1056.0,1145.0,89.0,6.0,11.0,1200.0,ICICIPRULI,ICICI Prudential Life Insurance Company Ltd,8.07,8.75,Financials,False,453.91607617360495
669,ICICIPRULI,2024,0.942341125272681,102.02531365231931,7.732848705134029,754.9037279803359,0.10904134484325306,31.021548821548823,0.3020290902037117,105.0,7420.0,-7315.0,6.0,10.0,1200.0,ICICIPRULI,ICICI Prudential Life Insurance Company Ltd,8.07,8.75,Financials,False,746.1537279803359
697,INDUSINDBK,2013,15.194042675068022,27.881999140770443,13.905635648754917,2.7343201415611045,8.332372214941023,1.4314013206162877,0.09525693317145702,-660.0,174.0,-486.0,20.0,15.0,63576.0,INDUSINDBK,IndusInd Bank Ltd,15.2,7.93,Financials,False,5.195679858438895
710,INFY,2013,23.366871530531323,28.59337827121332,24.81707638048113,30.3679528346581,0.0,2780.6,0.8720043219881145,4451.0,2922.0,7373.0,21.0,25.0,0.0,INFY,Infosys Ltd,31.8,40.0,Information Technology,False,9.632047165341898
711,INFY,2014,21.255460475136136,26.70895418187621,23.92993487536492,30.06961598922075,0.0,1783.7777777777778,0.8800512586455078,7262.0,2563.0,9825.0,23.0,34.0,0.0,INFY,Infosys Ltd,31.8,40.0,Information Technology,False,9.93038401077925
712,INFY,2015,23.20373600405109,27.913126652787934,24.385052034058656,29.334200567644274,0.0,1526.0833333333333,0.804341595136448,9352.0,999.0,8353.0,27.0,55.0,0.0,INFY,Infosys Ltd,31.8,40.0,Information Technology,False,10.665799432355726
713,INFY,2016,21.602793036626576,27.352220496148366,21.84665716506867,27.66098730240995,0.0,,0.8314602253056007,9143.0,885.0,10028.0,29.0,41.0,0.0,INFY,Infosys Ltd,31.8,40.0,Information Technology,False,12.33901269759005
714,INFY,2017,20.958180012849716,27.165469306699375,20.80687715635963,26.969354324316484,0.0,,0.8236397748592871,-3133.0,14664.0,11531.0,31.0,41.0,0.0,INFY,Infosys Ltd,31.8,40.0,Information Technology,False,13.030645675683516
715,INFY,2018,22.729077451008195,26.68954368849437,24.689247262141308,28.991266577330066,0.0,,0.888757262221326,17751.0,4533.0,13218.0,37.0,59.0,0.0,INFY,Infosys Ltd,31.8,40.0,Information Technology,False,11.008733422669934
716,INFY,2019,18.639250075597218,24.396734200181434,23.726673646609594,31.055613721746628,0.0,,0.9834534770299527,14209.0,632.0,14841.0,35.0,60.0,0.0,INFY,Infosys Ltd,31.8,40.0,Information Technology,False,8.944386278253372
717,INFY,2020,18.32670639160269,24.525558700752278,25.422459893048128,31.772327097869667,0.0707868601986249,147.47058823529412,0.98900871459695,16672.0,331.0,17003.0,39.0,45.0,4633.0,INFY,Infosys Ltd,31.8,40.0,Information Technology,False,8.227672902130333
718,INFY,2021,19.331754120550997,27.757982323433396,25.43909051616875,34.14589353053529,0.06974368377624393,154.30769230769232,0.9345276297309113,15851.0,7373.0,23224.0,45.0,59.0,5325.0,INFY,Infosys Ltd,31.8,40.0,Information Technology,False,5.8541064694647105
723,IOC,2013,0.7854389536142752,3.0016458053618607,5.753763662610847,9.076800167640203,1.422513761758967,2.4232272473478504,1.9091442793474396,46.0,9294.0,9340.0,3.0,36.0,89671.0,IOC,"Indian Oil Corporation
",25.44,21.31,Energy,False,12.233199832359796
724,IOC,2014,1.4266553358793475,3.526605166429471,10.258713353849778,10.576740015599187,1.39761165019952,3.7468056489576327,1.8362079013961115,5601.0,18594.0,24195.0,5.0,30.0,94916.0,IOC,"Indian Oil Corporation
",25.44,21.31,Energy,False,10.733259984400812
725,IOC,2015,1.0838540890353208,2.352577379217676,7.078103207810321,7.908020190689849,0.942773709902371,3.912163770530826,1.9219310509955834,35877.0,10215.0,46092.0,3.0,33.0,64893.0,IOC,"Indian Oil Corporation
",25.44,21.31,Energy,False,13.401979809310149
726,IOC,2016,3.587105723244087,6.3685358840613215,13.79528784174261,14.837206797188484,0.6507223827517226,7.816747920848867,1.4934078501607577,12014.0,13610.0,25624.0,8.0,28.0,58552.0,IOC,"Indian Oil Corporation
",25.44,21.31,Energy,False,6.4727932028115145
730,IOC,2020,-0.3877931962551911,3.31836043682547,-1.9664982494391918,7.1287102332273475,1.3605107025304515,1.5345303867403315,1.4661173104781762,-21955.0,29101.0,7146.0,-1.0,-437.0,129790.0,IOC,"Indian Oil Corporation
",25.44,21.31,Energy,False,14.18128976677265
733,IOC,2023,1.3904266794653084,3.6451180627165116,8.37669355358178,10.628061157333962,1.0662463051366653,4.7188982604111755,1.9044468828832906,1614.0,28030.0,29644.0,7.0,42.0,148977.0,IOC,"Indian Oil Corporation
",25.44,21.31,Energy,False,10.681938842666037
736,IRCTC,2015,12.370160528800756,14.353163361661943,29.504504504504503,34.234234234234236,0.0,,0.9113597246127366,23.0,46.0,69.0,13.0,20.0,0.0,IRCTC,Indian Railway Catering & Tourism Corporation Ltd,40.4,53.8,Consumer Discretionary,False,19.56576576576576
737,IRCTC,2016,13.825896122896856,13.89904901243599,34.87084870848708,35.05535055350554,0.0,,0.9512874043145442,295.0,7.0,288.0,19.0,40.0,0.0,IRCTC,Indian Railway Catering & Tourism Corporation Ltd,40.4,53.8,Consumer Discretionary,False,18.744649446494456
738,IRCTC,2017,15.06578947368421,20.657894736842106,29.09783989834816,39.898348157560356,0.0,127.0,0.8324205914567361,432.0,94.0,338.0,11.0,49.0,0.0,IRCTC,Indian Railway Catering & Tourism Corporation Ltd,40.4,53.8,Consumer Discretionary,False,13.901651842439641
739,IRCTC,2018,15.075034106412005,18.69031377899045,23.141361256544503,28.691099476439792,0.0,124.33333333333333,0.6321690383786115,64.0,40.0,24.0,11.0,21.0,0.0,IRCTC,Indian Railway Catering & Tourism Corporation Ltd,40.4,53.8,Consumer Discretionary,False,25.108900523560205
740,IRCTC,2019,16.524064171122994,20.481283422459892,28.851540616246496,35.7609710550887,0.0,254.5,0.7208943716268311,146.0,353.0,499.0,4.0,98.0,0.0,IRCTC,Indian Railway Catering & Tourism Corporation Ltd,40.4,53.8,Consumer Discretionary,False,18.039028944911294
742,IRCTC,2021,24.066924066924066,24.195624195624195,12.843406593406591,12.247557003257329,0.05425824175824176,39.0,0.24643196955280686,-205.0,453.0,248.0,2.0,43.0,79.0,IRCTC,Indian Railway Catering & Tourism Corporation Ltd,40.4,53.8,Consumer Discretionary,False,41.55244299674267
743,IRCTC,2022,35.125066524747204,46.514103246407664,35.294117647058826,44.25316455696203,0.05614973262032086,86.0,0.4837796086508754,282.0,242.0,524.0,8.0,42.0,105.0,IRCTC,Indian Railway Catering & Tourism Corporation Ltd,40.4,53.8,Consumer Discretionary,False,9.54683544303797
745,IRCTC,2024,26.01873536299766,34.33255269320843,34.39628482972136,44.559270516717326,0.018575851393188854,82.73684210526316,0.7010343129207027,667.0,215.0,882.0,14.0,47.0,60.0,IRCTC,Indian Railway Catering & Tourism Corporation Ltd,40.4,53.8,Consumer Discretionary,False,9.24072948328267
760,ITC,2013,24.36586754380416,35.48927825921943,33.26712151308403,48.241616509028376,0.0044045254339753,111.78703703703704,0.8949588157038127,3221.0,3881.0,7102.0,6.0,55.0,102.0,ITC,"ITC Ltd
",29.47,34.76,Consumer Staples,False,13.481616509028377
761,ITC,2014,25.49425026907608,37.04752733246474,33.04695818188493,47.599985443429524,0.00888497264750156,484.3448275862069,0.8643262828045437,4090.0,3254.0,7344.0,7.0,54.0,242.0,ITC,"ITC Ltd
",29.47,34.76,Consumer Staples,False,12.839985443429526
762,ITC,2015,25.192570265605273,36.715871911791226,30.813587093521555,44.53054210279644,0.008476178472397277,170.12087912087912,0.844729282729805,4568.0,5275.0,9843.0,8.0,52.0,269.0,ITC,"ITC Ltd
",29.47,34.76,Consumer Staples,False,9.77054210279644
767,ITC,2020,31.57244674819794,39.16740908722767,23.88889740015014,29.510297482837526,0.004243714859130115,268.65432098765433,0.6388224185432863,8516.0,6174.0,14690.0,12.0,82.0,277.0,ITC,"ITC Ltd
",29.47,34.76,Consumer Staples,False,5.249702517162472
768,ITC,2021,27.16974237164261,34.64482205574842,22.17674449434106,28.151704114289483,0.004490695477819941,338.6551724137931,0.6677919225607029,18267.0,5740.0,12527.0,11.0,101.0,271.0,ITC,"ITC Ltd
",29.47,34.76,Consumer Staples,False,6.608295885710515
776,JINDALSTEL,2016,-15.855976167240229,17.653705891417122,-9.517203107658158,4.337839031716582,1.4427487976322604,1.031960663798402,0.2107080239832031,2071.0,2262.0,4333.0,-32.0,0.0,46797.0,JINDALSTEL,Jindal Steel & Power Ltd,14.1,13.2,Materials,False,8.862160968283417
777,JINDALSTEL,2017,-11.74836828218303,21.797898440031478,-8.44564240790656,6.204134332880989,1.5257395760540415,1.2632955536181343,0.23850952249516974,4852.0,1998.0,6850.0,-25.0,0.0,45850.0,JINDALSTEL,Jindal Steel & Power Ltd,14.1,13.2,Materials,False,6.99586566711901
782,JINDALSTEL,2022,13.223625063518742,30.322870656295198,18.992280701754385,31.581411443808904,0.37900350877192984,7.243114406779661,0.6675799801680496,13717.0,2331.0,16048.0,56.0,5.0,13502.0,JINDALSTEL,Jindal Steel & Power Ltd,14.1,13.2,Materials,False,18.381411443808904
783,JINDALSTEL,2023,7.468240246560925,18.683755543862286,10.267142045160957,19.210851754521567,0.3370536867669095,6.502766251728907,0.7664453310671641,3257.0,4090.0,7347.0,31.0,6.0,13046.0,JINDALSTEL,Jindal Steel & Power Ltd,14.1,13.2,Materials,False,6.010851754521568
789,JSWENERGY,2013,10.15783540022548,31.578354002254795,14.522888459058672,16.892829141788795,1.6726305609284333,2.917964693665628,0.43527333398763374,781.0,944.0,1725.0,6.0,36.0,10377.0,JSWENERGY,JSW Energy Ltd,8.4,8.59,Energy,False,8.302829141788795
790,JSWENERGY,2014,8.788159111933396,37.638760407030524,11.565971693806118,19.51789890268034,1.5379698676000608,2.5505804311774463,0.4493868218665558,1906.0,363.0,2269.0,5.0,43.0,10106.0,JSWENERGY,JSW Energy Ltd,8.4,8.59,Energy,False,10.92789890268034
791,JSWENERGY,2015,14.528725794372527,38.7717984380015,18.063314711359403,21.556031406138473,1.2362330407023145,3.3597185576077395,0.48130792996910404,2972.0,422.0,3394.0,8.0,24.0,9294.0,JSWENERGY,JSW Energy Ltd,8.4,8.59,Energy,False,12.966031406138473
792,JSWENERGY,2016,14.861563517915311,41.01180781758957,15.045342126957955,16.40071643735244,1.5315333882934872,2.916555407209613,0.3442307018465959,266.0,3272.0,3538.0,9.0,22.0,14862.0,JSWENERGY,JSW Energy Ltd,8.4,8.59,Energy,False,7.81071643735244
796,JSWENERGY,2020,13.066602199927473,35.74277771062492,9.282156963764383,13.762449967420645,0.844925296239052,3.1712654614652713,0.3318358669929004,2383.0,301.0,2082.0,7.0,15.0,9840.0,JSWENERGY,JSW Energy Ltd,8.4,8.59,Energy,False,5.172449967420645
806,JSWSTEEL,2017,6.235162937918135,22.135098194374507,15.30887093213229,18.653854897622043,1.9134543206605732,3.271231422505308,0.6318277370603943,2794.0,5094.0,7888.0,15.0,19.0,43334.0,JSWSTEEL,JSW Steel Ltd,11.66,13.36,Materials,False,5.293854897622044
807,JSWSTEEL,2018,8.49818581179709,20.735962631893567,21.83370240731481,22.13351931266786,1.4069933566683335,3.982437179140773,0.7821354789605306,7850.0,4529.0,12379.0,26.0,16.0,39393.0,JSWSTEEL,JSW Steel Ltd,11.66,13.36,Materials,False,8.773519312667862
808,JSWSTEEL,2019,8.877142890852673,22.334438453461072,21.623796522488863,23.031718801328612,1.3621497341572064,4.882818483533316,0.7383206878228525,3246.0,11387.0,14633.0,32.0,16.0,47396.0,JSWSTEEL,JSW Steel Ltd,11.66,13.36,Materials,False,9.671718801328613
810,JSWSTEEL,2021,9.861095454602388,25.273362642317664,16.835600034214355,18.485470336032833,1.3341886921563595,5.218852666161233,0.5382997228908352,11087.0,7702.0,18789.0,33.0,25.0,62392.0,JSWSTEEL,JSW Steel Ltd,11.66,13.36,Materials,False,5.1254703360328335
811,JSWSTEEL,2022,14.304746158733629,26.722506507436584,31.112828209281247,28.031877535224393,1.0734059467732588,8.19524959742351,0.7449474514593989,11522.0,14748.0,26270.0,85.0,25.0,72237.0,JSWSTEEL,JSW Steel Ltd,11.66,13.36,Materials,False,14.671877535224393
828,LICI,2019,0.4596611071061123,1.0358560160137742,324.32098765432096,2.1908804600848963,332.59382716049384,,0.16675415179930025,22910.0,9636.0,13274.0,,2.0,269401.0,LICI,Life Insurance Corporation of India,63.61,63.79,Financials,False,61.5991195399151
829,LICI,2020,0.43149911709867,-1.1061344525772918,270.45908183632736,-2.7305672599207598,252.90818363273453,,0.1794493681700332,13952.0,40415.0,54367.0,,2.0,253414.0,LICI,Life Insurance Corporation of India,63.61,63.79,Financials,False,66.52056725992075
830,LICI,2021,0.43044431000095523,-0.03647342505724301,43.201626961069145,-3.6585365853658534,0.0005810575246949448,,0.18041772293371186,229049.0,148447.0,80602.0,7.0,0.0,4.0,LICI,Life Insurance Corporation of India,63.61,63.79,Financials,False,67.44853658536586
831,LICI,2022,0.5700616081127022,0.4596424020806903,36.38207796789557,29.332392627215803,8.819897689186806e-05,,0.17009778190664493,8748.0,12531.0,-3783.0,57.0,23.0,1.0,LICI,Life Insurance Corporation of India,63.61,63.79,Financials,False,34.457607372784196
832,LICI,2023,4.5877791768838225,4.359645590012082,77.85997015119071,73.98827677200268,0.0,545.5454545454545,0.17137262036771503,1671.0,52848.0,54519.0,65.0,5.0,0.0,LICI,Life Insurance Corporation of India,63.61,63.79,Financials,False,10.198276772002679
833,LICI,2024,4.836600998148862,3.87474201090824,49.44710986501021,39.613520731869436,0.0,371.9375,0.15913440945875762,853.0,25269.0,26122.0,66.0,15.0,0.0,LICI,Life Insurance Corporation of India,63.61,63.79,Financials,False,24.176479268130564
840,LODHA,2018,8.20502221762943,17.381419861527334,15.411490683229815,6.057332180927687,4.3897515527950315,5.043589743589743,0.2404163871705051,45.0,651.0,696.0,10.0,0.0,22616.0,LODHA,Macrotech Developers Ltd,10.7,11.1,Real Estate,False,5.042667819072313
843,LODHA,2021,0.8808955771701229,25.380803817214172,1.0437051532941943,6.067918567918568,3.9558599695586,1.0941901408450705,0.13862318103185103,2944.0,420.0,2524.0,1.0,0.0,18193.0,LODHA,Macrotech Developers Ltd,10.7,11.1,Real Estate,False,5.032081432081432
848,LT,2013,7.1090747856931715,15.309166151613685,395.1456310679612,724.3483788938335,0.17475728155339806,2.9980611805256356,31.969931271477662,-11277.0,6922.0,-4355.0,38.0,22.0,234.0,LT,Larsen & Toubro Ltd,10.49,17.18,Industrials,False,707.1683788938335
849,LT,2014,5.743410068897406,16.561243445340608,303.41614906832297,818.9534883720929,0.06832298136645963,2.374961502925778,31.903225806451612,-12653.0,5510.0,-7143.0,35.0,27.0,110.0,LT,Larsen & Toubro Ltd,10.49,17.18,Industrials,False,801.773488372093
850,LT,2015,5.401995017894244,17.06099272264465,245.11352418558738,698.9304812834224,0.10760118460019744,2.3542526837324527,30.869375419744795,-6143.0,4778.0,-1365.0,34.0,32.0,218.0,LT,Larsen & Toubro Ltd,10.49,17.18,Industrials,False,681.7504812834225
851,LT,2016,4.541049425446491,15.314174956982654,216.09411764705882,710.3669724770642,0.02588235294117647,2.4213654152775765,32.23525661459993,-7867.0,4627.0,-3240.0,31.0,40.0,55.0,LT,Larsen & Toubro Ltd,10.49,17.18,Industrials,False,693.1869724770643
852,LT,2017,5.933474824355972,15.20418618266979,206.29770992366412,528.6259541984733,0.0,2.6484111875823695,24.748019017432647,-3141.0,9796.0,6655.0,43.0,22.0,0.0,LT,Larsen & Toubro Ltd,10.49,17.18,Industrials,False,511.4459541984733
853,LT,2018,6.687666585897746,16.8035560605934,207.3575129533679,521.0103626943005,0.0,2.7969924812030076,22.42514521266629,-6117.0,3914.0,-10031.0,53.0,30.0,0.0,LT,Larsen & Toubro Ltd,10.49,17.18,Industrials,False,503.8303626943005
854,LT,2019,7.555834935660405,16.910220381600354,208.80850194154914,467.3206621704476,0.0,2.737659278295321,20.29111644657863,-15779.0,11023.0,-4756.0,63.0,28.0,0.0,LT,Larsen & Toubro Ltd,10.49,17.18,Industrials,False,450.14066217044757
855,LT,2020,7.489756070731238,16.880482908450897,201.59141376757955,388.7428752374921,0.1687638786084382,2.501406405952273,16.500510493477027,-1714.0,8408.0,6694.0,68.0,26.0,912.0,LT,Larsen & Toubro Ltd,10.49,17.18,Industrials,False,371.5628752374921
856,LT,2021,9.502202545981364,17.252664014296325,176.90306681270536,289.5581337941249,0.1092552026286966,2.6868936170212767,12.701195591257239,17324.0,5750.0,23074.0,82.0,44.0,798.0,LT,Larsen & Toubro Ltd,10.49,17.18,Industrials,False,272.3781337941249
857,LT,2022,6.656614767347513,15.534017799528499,72.92133258678611,167.15248178193318,0.018057110862262037,2.8887926367081755,7.608448376433988,15579.0,3585.0,19164.0,62.0,36.0,258.0,LT,Larsen & Toubro Ltd,10.49,17.18,Industrials,False,149.97248178193317
858,LT,2023,6.834805089968965,14.817198553515034,75.52434908389586,149.81525395687422,0.09287608486017358,3.1823186871360507,7.8080575784676975,14729.0,8048.0,22777.0,75.0,32.0,1541.0,LT,Larsen & Toubro Ltd,10.49,17.18,Industrials,False,132.6352539568742
859,LT,2024,7.031246466738726,13.506668535997433,77.66510140873214,135.2030422382181,0.10345688880007993,3.5441547518923464,8.027628521638107,20445.0,2179.0,18266.0,95.0,36.0,2071.0,LT,Larsen & Toubro Ltd,10.49,17.18,Industrials,False,118.0230422382181
861,LTIM,2013,14.593612048818489,22.591534666320438,41.97162061239731,55.30832803560076,0.17475728155339806,42.476190476190474,1.654209621993127,384.0,224.0,608.0,174.0,54.0,234.0,LTIM,LTIMindtree Ltd,26.04,34.1,Information Technology,False,21.208328035600758
862,LTIM,2014,20.243902439024392,23.3130081300813,61.86335403726708,66.68604651162791,0.06832298136645963,44.0,1.8454613653413354,808.0,180.0,628.0,309.0,55.0,110.0,LTIM,LTIMindtree Ltd,26.04,34.1,Information Technology,False,32.586046511627906
863,LTIM,2015,15.447971072719968,20.188830855765367,37.95656465942744,44.786096256684495,0.10760118460019744,110.4,1.671591672263264,539.0,103.0,642.0,238.0,63.0,218.0,LTIM,LTIMindtree Ltd,26.04,34.1,Information Technology,False,10.686096256684493
864,LTIM,2016,14.300376325692781,17.584673280875812,39.34117647058824,47.1559633027523,0.02588235294117647,202.5,1.8635639145680587,818.0,40.0,858.0,49.0,72.0,55.0,LTIM,LTIMindtree Ltd,26.04,34.1,Information Technology,False,13.055963302752296
865,LTIM,2017,14.936163667128133,18.920166128287956,30.884223918575067,39.12213740458015,0.0,472.3333333333333,1.4718134480416571,209.0,961.0,1170.0,57.0,29.0,0.0,LTIM,LTIMindtree Ltd,26.04,34.1,Information Technology,False,5.02213740458015
872,LTIM,2024,12.90931103415266,17.982937748120616,22.904386052552702,28.914844492733938,0.10345688880007993,31.93243243243243,1.2894641301190821,1752.0,3918.0,5670.0,155.0,42.0,2071.0,LTIM,LTIMindtree Ltd,26.04,34.1,Information Technology,False,5.185155507266064
874,M&M,2013,6.010801682849781,13.270638929730833,20.685336405991684,18.729454306377384,1.438354791844096,4.3347845015237265,0.9022999829241701,-3825.0,2903.0,-922.0,33.0,19.0,28711.0,M&M,"Mahindra & Mahindra Ltd
",17.99,26.98,Consumer Discretionary,False,8.250545693622616
875,M&M,2014,6.964770746341266,13.743057526249643,22.11352812459776,17.39234531586688,1.5088599991418887,3.7044685172647256,0.8419825006542343,-4768.0,4524.0,-244.0,38.0,18.0,35167.0,M&M,"Mahindra & Mahindra Ltd
",17.99,26.98,Consumer Discretionary,False,9.58765468413312
876,M&M,2015,4.732112865300638,12.306852536110178,13.075762849518505,13.789047798268724,1.4661793711567468,3.0386442825467217,0.7570568788675087,-3302.0,4357.0,1055.0,25.0,23.0,37911.0,M&M,"Mahindra & Mahindra Ltd
",17.99,26.98,Consumer Discretionary,False,13.190952201731276
877,M&M,2016,4.686119645046874,13.293601086483564,13.41537067794051,14.81666544198692,1.5685112486788464,3.4088479809976246,0.7595341104835156,-3121.0,5506.0,2385.0,25.0,21.0,41553.0,M&M,"Mahindra & Mahindra Ltd
",17.99,26.98,Consumer Discretionary,False,12.16333455801308
878,M&M,2017,4.83568691583207,12.814391271650772,13.604002955201826,13.668194550547492,1.6375176304654442,3.513024403619413,0.7359160187991391,-5692.0,5875.0,183.0,30.0,22.0,48762.0,M&M,"Mahindra & Mahindra Ltd
",17.99,26.98,Consumer Discretionary,False,13.311805449452509
879,M&M,2018,8.641170977479531,14.361413338545399,21.63970088375255,14.271686467471648,1.52,4.412340105342363,0.675329437042143,-4785.0,5467.0,682.0,60.0,11.0,55898.0,M&M,"Mahindra & Mahindra Ltd
",17.99,26.98,Consumer Discretionary,False,12.708313532528352
880,M&M,2019,5.745743451647711,14.521442690577821,15.0488957807068,13.720890364609179,1.771953080059025,3.5616411073491334,0.6468691510850026,-11521.0,7174.0,-4347.0,43.0,17.0,70848.0,M&M,"Mahindra & Mahindra Ltd
",17.99,26.98,Consumer Discretionary,False,13.259109635390821
881,M&M,2020,-0.4258311002626622,13.47536547186331,-0.8031224198754034,8.32206847395974,2.053891766118742,1.8340807174887892,0.4548866735861353,-8327.0,6870.0,-1457.0,1.0,205.0,82092.0,M&M,"Mahindra & Mahindra Ltd
",17.99,26.98,Consumer Discretionary,False,18.657931526040258
882,M&M,2021,2.035596004200436,15.464875198578316,3.636188735510557,9.399625226050881,1.9389399259294888,2.0712881022615535,0.45025701954318414,-1777.0,19686.0,17909.0,15.0,54.0,80625.0,M&M,"Mahindra & Mahindra Ltd
",17.99,26.98,Consumer Discretionary,False,17.580374773949117
883,M&M,2022,8.043606037417796,16.28350578345588,15.391634658234832,11.77201590661279,1.6468603442055896,3.564567556795536,0.5230700512796714,5996.0,3252.0,9248.0,53.0,20.0,77605.0,M&M,"Mahindra & Mahindra Ltd
",17.99,26.98,Consumer Discretionary,False,15.20798409338721
884,M&M,2023,9.379148834409454,16.72727572586564,20.178831210304086,13.649546136609853,1.6365716921548452,4.158833619210978,0.5936323629474797,-15940.0,8866.0,-7074.0,83.0,18.0,92247.0,M&M,"Mahindra & Mahindra Ltd
",17.99,26.98,Consumer Discretionary,False,13.330453863390147
885,M&M,2024,8.82238743726542,17.89787025985418,18.537543435564285,14.237260991666522,1.6414413053331318,3.7646901709401708,0.5925222177725139,-11245.0,5615.0,-5630.0,91.0,21.0,108647.0,M&M,"Mahindra & Mahindra Ltd
",17.99,26.98,Consumer Discretionary,False,12.742739008333478
890,MARUTI,2016,9.54522565073191,15.66965913629339,17.954664227854717,29.254060362433947,0.0075450744708649075,127.90243902439025,1.347867808828348,1252.0,7230.0,8482.0,182.0,19.0,231.0,MARUTI,Maruti Suzuki India Ltd,15.75,23.67,Consumer Discretionary,False,5.584060362433945
894,MARUTI,2020,7.504625958234206,9.721120803595031,11.490903203610387,14.829525979393916,0.0037237164308987513,80.33582089552239,1.1890991387439491,2939.0,557.0,3496.0,188.0,32.0,184.0,MARUTI,Maruti Suzuki India Ltd,15.75,23.67,Consumer Discretionary,False,8.840474020606086
895,MARUTI,2021,6.236855567555278,7.689137725231626,8.359840764937811,10.201349873685004,0.010304565627321384,82.91176470588235,0.985933647164313,1565.0,7291.0,8856.0,145.0,31.0,541.0,MARUTI,Maruti Suzuki India Ltd,15.75,23.67,Consumer Discretionary,False,13.468650126314998
896,MARUTI,2022,4.3926185893807315,6.511943846937621,7.012090434279725,10.315823454509585,0.007698841559286501,59.94488188976378,1.1831600942991856,1601.0,239.0,1840.0,128.0,47.0,426.0,MARUTI,Maruti Suzuki India Ltd,15.75,23.67,Consumer Discretionary,False,13.354176545490416
897,MARUTI,2023,6.9791402753145855,11.081834304535091,11.077747989276139,17.300390254192596,0.016729222520107237,61.654761904761905,1.1828461830459713,1995.0,8820.0,10815.0,274.0,34.0,1248.0,MARUTI,Maruti Suzuki India Ltd,15.75,23.67,Consumer Discretionary,False,6.369609745807406
900,MOTHERSON,2013,1.7867025061269666,5.850264843070598,19.746614242027086,20.575559571805925,2.142420270860638,7.192,1.9858701624931314,397.0,1089.0,1486.0,1.0,26.0,4904.0,MOTHERSON,Samvardhana Motherson International Ltd,11.8,13.7,Consumer Discretionary,False,6.875559571805926
901,MOTHERSON,2014,3.6068915630959424,7.881238903136713,37.07333558634674,30.734709578151044,1.6356877323420074,9.210884353741497,1.9951456310679612,1323.0,1372.0,2695.0,2.0,29.0,4840.0,MOTHERSON,Samvardhana Motherson International Ltd,11.8,13.7,Consumer Discretionary,False,17.034709578151045
902,MOTHERSON,2015,3.7275323851014104,8.2051873863997,38.86883273164862,33.63690124186871,1.5436221419975933,9.61006289308176,1.9891535150645625,546.0,2844.0,3390.0,2.0,31.0,5131.0,MOTHERSON,Samvardhana Motherson International Ltd,11.8,13.7,Consumer Discretionary,False,19.936901241868714
903,MOTHERSON,2016,4.766766981943251,9.533533963886502,40.34569024334774,33.900248423466465,1.3802592676825107,10.797101449275363,1.8924993643529113,282.0,1906.0,2188.0,3.0,26.0,6069.0,MOTHERSON,Samvardhana Motherson International Ltd,11.8,13.7,Consumer Discretionary,False,20.200248423466466
904,MOTHERSON,2017,5.12554276005286,9.842835567302247,26.25725338491296,22.399441490789968,1.251088007736944,12.045333333333334,1.3265715001252192,-2345.0,6145.0,3800.0,3.0,18.0,10349.0,MOTHERSON,Samvardhana Motherson International Ltd,11.8,13.7,Consumer Discretionary,False,8.699441490789969
905,MOTHERSON,2018,4.013995701827612,9.10786281370442,22.865236746256574,25.313456412281564,1.0495750708215297,12.781021897810218,1.5227727592362201,70.0,3194.0,3264.0,3.0,30.0,10374.0,MOTHERSON,Samvardhana Motherson International Ltd,11.8,13.7,Consumer Discretionary,False,11.613456412281565
906,MOTHERSON,2019,3.3027407395746424,8.418997843300852,19.13709750980571,23.772058496688448,1.0520842834990423,13.430260047281324,1.4857791083875194,994.0,3318.0,4312.0,3.0,29.0,11534.0,MOTHERSON,Samvardhana Motherson International Ltd,11.8,13.7,Consumer Discretionary,False,10.072058496688449
907,MOTHERSON,2020,2.1307777174002536,7.6635544797378525,11.490986590888909,19.076115915891297,1.166503862889619,8.930860033726812,1.3485444007727667,4132.0,2220.0,6352.0,2.0,40.0,13136.0,MOTHERSON,Samvardhana Motherson International Ltd,11.8,13.7,Consumer Discretionary,False,5.3761159158912974
911,MOTHERSON,2024,3.0600251286831757,9.445547764763102,11.546549416937488,20.231351867526097,0.7616899254444657,5.224737713970182,1.1724203473591674,925.0,6644.0,7569.0,4.0,20.0,19922.0,MOTHERSON,Samvardhana Motherson International Ltd,11.8,13.7,Consumer Discretionary,False,6.531351867526098
913,NAUKRI,2013,16.101694915254235,25.635593220338983,12.5,19.868637110016422,0.001644736842105263,48.333333333333336,0.5721212121212121,29.0,46.0,75.0,8.0,12.0,1.0,NAUKRI,Info Edge (India) Ltd,2.44,3.65,Communication Services,False,16.218637110016424
914,NAUKRI,2014,10.582010582010582,17.10758377425044,8.928571428571429,14.413075780089152,0.001488095238095238,48.333333333333336,0.5349056603773585,-123.0,204.0,81.0,8.0,30.0,1.0,NAUKRI,Info Edge (India) Ltd,2.44,3.65,Communication Services,False,10.763075780089151
918,NAUKRI,2018,50.708502024291505,22.16599190283401,24.49877750611247,10.703812316715542,0.0004889975550122249,124.0,0.38058551617873654,104.0,149.0,253.0,42.0,13.0,1.0,NAUKRI,Info Edge (India) Ltd,2.44,3.65,Communication Services,False,7.0538123167155415
920,NAUKRI,2020,-18.75,-26.676829268292686,-11.207289293849659,-15.404929577464788,0.03507972665148064,-4.571428571428571,0.4535084687175942,447.0,97.0,350.0,-19.0,-31.0,77.0,NAUKRI,Info Edge (India) Ltd,2.44,3.65,Communication Services,False,19.054929577464787
926,NESTLEIND,2013,12.27337655202725,21.404241292165697,47.170608108108105,54.76525161653078,0.5021114864864865,55.270270270270274,1.441400063351283,1355.0,441.0,1796.0,12.0,42.0,1189.0,NESTLEIND,Nestle India Ltd,135.61,185.43,Consumer Staples,False,130.66474838346923
927,NESTLEIND,2014,12.02435312024353,20.690005073566716,41.76947479732112,71.36856842842143,0.007049700387733521,151.85714285714286,1.693298969072165,1212.0,432.0,1644.0,12.0,51.0,20.0,NESTLEIND,Nestle India Ltd,135.61,185.43,Consumer Staples,False,114.06143157157858
928,NESTLEIND,2015,6.886850152905198,19.021406727828747,19.985800496982606,54.85008818342152,0.006389776357827476,388.0,1.343246795925074,1028.0,70.0,1098.0,6.0,83.0,18.0,NESTLEIND,Nestle India Ltd,135.61,185.43,Consumer Staples,False,130.5799118165785
929,NESTLEIND,2016,10.95066185318893,20.238485942457064,30.499695307739184,55.80693815987934,0.010054844606946984,21.86813186813187,1.3422907488986784,1340.0,126.0,1466.0,10.0,61.0,33.0,NESTLEIND,Nestle India Ltd,135.61,185.43,Consumer Staples,False,129.62306184012067
930,NESTLEIND,2017,12.237762237762238,20.94905094905095,35.8187134502924,60.6946454413893,0.01023391812865497,24.717391304347824,1.3595002037213093,1687.0,131.0,1818.0,13.0,68.0,35.0,NESTLEIND,Nestle India Ltd,135.61,185.43,Consumer Staples,False,124.73535455861071
931,NESTLEIND,2018,14.231314204746722,23.18455543747786,43.75170160631636,70.60409924487594,0.00952899537163082,25.6875,1.3961424332344214,2000.0,52.0,2052.0,17.0,69.0,35.0,NESTLEIND,Nestle India Ltd,135.61,185.43,Consumer Staples,False,114.82590075512407
932,NESTLEIND,2019,15.910744603444094,23.655913978494624,102.60688216892598,138.8704318936877,0.09854014598540146,24.5968992248062,1.7243831033040569,2378.0,83.0,2295.0,20.0,168.0,189.0,NESTLEIND,Nestle India Ltd,135.61,185.43,Consumer Staples,False,46.5595681063123
933,NESTLEIND,2020,15.595505617977528,23.98501872659176,103.12035661218424,147.83010156971378,0.07280832095096583,20.414634146341463,1.6898734177215189,2133.0,321.0,2454.0,22.0,93.0,147.0,NESTLEIND,Nestle India Ltd,135.61,185.43,Consumer Staples,False,37.59989843028623
934,NESTLEIND,2021,14.368089003459739,24.163896614883658,108.83864337101747,161.03074141048825,0.1366906474820144,17.07920792079208,1.790259897983969,316.0,1920.0,2236.0,22.0,91.0,266.0,NESTLEIND,Nestle India Ltd,135.61,185.43,Consumer Staples,False,24.39925858951176
935,NESTLEIND,2022,14.150440906669823,21.932887494821564,97.23464823098821,135.75091575091577,0.11020740138267589,24.6,1.8818353936964027,2345.0,392.0,2737.0,25.0,89.0,271.0,NESTLEIND,Nestle India Ltd,135.61,185.43,Consumer Staples,False,49.67908424908424
936,NESTLEIND,2023,15.680225870542715,23.376555474223572,121.96014640097602,163.77289377289378,0.11020740138267589,38.54621848739496,2.130081300813008,2465.0,927.0,3392.0,31.0,56.0,271.0,NESTLEIND,Nestle India Ltd,135.61,185.43,Consumer Staples,False,21.657106227106226
937,NESTLEIND,2024,16.12281708616873,23.829630236943512,117.75449101796407,157.74762550881954,0.10329341317365269,41.186206896551724,2.318160220469448,2938.0,1237.0,4175.0,41.0,79.0,345.0,NESTLEIND,Nestle India Ltd,135.61,185.43,Consumer Staples,False,27.682374491180468
965,ONGC,2013,14.812574081390755,26.855121493480837,15.730882198678275,25.114020806632258,0.1356210007342914,101.21694214876032,0.6391817665256645,-1346.0,41220.0,39874.0,19.0,34.0,20686.0,ONGC,Oil & Natural Gas Corpn Ltd,14.32,19.71,Energy,False,5.404020806632257
973,ONGC,2021,7.029807568891126,16.28210064867747,9.665989383702671,13.968794470420818,0.6027079251157339,11.959834613112818,0.5608677835451169,8044.0,39141.0,47185.0,13.0,28.0,133187.0,ONGC,Oil & Natural Gas Corpn Ltd,14.32,19.71,Energy,False,5.741205529579183
978,PFC,2013,25.63243617881483,34.578953448076696,18.741554054054056,3.669561699754218,5.889907094594594,0.5456116416552979,0.10225004429221048,-25080.0,22.0,-25102.0,13.0,21.0,139473.0,PFC,Power Finance Corporation Ltd,19.49,9.96,Financials,False,6.290438300245783
979,PFC,2014,25.515018451908254,35.53510533937497,19.845941428675243,4.073643680684599,5.785008356950803,0.5845399525013407,0.11016364759160148,-22464.0,9.0,-22473.0,17.0,22.0,159215.0,PFC,Power Finance Corporation Ltd,19.49,9.96,Financials,False,5.886356319315402
980,PFC,2015,24.027533215943652,33.73219145189691,18.52457498997254,3.8277794428852987,5.794174817191694,0.546972049689441,0.10915985182078702,-21946.0,491.0,-21455.0,18.0,20.0,187795.0,PFC,Power Finance Corporation Ltd,19.49,9.96,Financials,False,6.132220557114702
981,PFC,2016,22.19590108036323,32.88467750619145,17.164427667369825,3.8709186777529916,5.569557011213501,0.5515398931380201,0.11269719278375535,-15271.0,1973.0,-13298.0,19.0,30.0,200660.0,PFC,Power Finance Corporation Ltd,19.49,9.96,Financials,False,6.08908132224701
982,PFC,2017,8.107030201950618,19.125484935281534,6.068666033383091,2.199401262518867,5.5093771203691135,0.3163764312977099,0.10627001159757568,1128.0,667.0,1795.0,7.0,59.0,202993.0,PFC,Power Finance Corporation Ltd,19.49,9.96,Financials,False,7.760598737481134
983,PFC,2018,18.091888779203686,24.169134583744654,22.08414921925993,2.4433194382361196,11.074735150876135,0.38938228399749086,0.09305476612870815,-55739.0,1409.0,-57148.0,20.0,31.0,441151.0,PFC,Power Finance Corporation Ltd,19.49,9.96,Financials,False,7.516680561763881
984,PFC,2019,23.361549550881602,32.866964846782246,26.824558052672902,3.03149116362006,11.448993017975,0.5162734282496317,0.08603699657639349,-93715.0,13463.0,-80252.0,30.0,0.0,539488.0,PFC,Power Finance Corporation Ltd,19.49,9.96,Financials,False,6.92850883637994
985,PFC,2020,15.23902941034588,22.53131582755793,19.18421052631579,2.169171203834287,12.076133603238866,0.3456236993512058,0.08954228885807629,-42221.0,73.0,-42148.0,22.0,35.0,596561.0,PFC,Power Finance Corporation Ltd,19.49,9.96,Financials,False,7.790828796165714
986,PFC,2021,21.932566707602994,27.731104164340735,25.86272154294272,2.7581411036728487,10.855925090921058,0.4457300152179751,0.09237508492252874,-57402.0,1741.0,-59143.0,36.0,22.0,659682.0,PFC,Power Finance Corporation Ltd,19.49,9.96,Financials,False,7.201858896327153
987,PFC,2022,24.60989745876059,30.602396999816424,26.18449690272895,3.1875894622974466,9.214744126346336,0.523764790087007,0.09641213653603034,4357.0,547.0,4904.0,42.0,23.0,660476.0,PFC,Power Finance Corporation Ltd,19.49,9.96,Financials,False,6.772410537702554
988,PFC,2023,27.263014262911284,34.11384583698059,25.165759642577058,3.172571817132678,8.925568573397657,0.564646829870047,0.08669005660006784,-76411.0,1694.0,-74717.0,48.0,22.0,751158.0,PFC,Power Finance Corporation Ltd,19.49,9.96,Financials,False,6.787428182867323
989,PFC,2024,28.916597455960137,36.68859553263103,26.1609340860332,3.4859018926226346,8.521864217426122,0.5804147544943239,0.0880835748601615,-101229.0,3409.0,-97820.0,60.0,23.0,861961.0,PFC,Power Finance Corporation Ltd,19.49,9.96,Financials,False,6.474098107377366
994,PIDILITIND,2016,15.05316172355904,21.88024622271964,30.591357088703564,43.15673289183223,0.030326004548900682,96.46153846153847,1.4434571890145396,416.0,491.0,907.0,16.0,26.0,80.0,PIDILITIND,Pidilite Industries Ltd,22.8,29.7,Materials,False,13.456732891832228
995,PIDILITIND,2017,15.364073348762686,22.467509346626315,24.863151829443964,35.360044830484725,0.028233938346297897,98.35714285714286,1.1775681341719078,-85.0,879.0,794.0,17.0,28.0,98.0,PIDILITIND,Pidilite Industries Ltd,22.8,29.7,Materials,False,5.6600448304847255
996,PIDILITIND,2018,15.893385982230997,22.063178677196447,27.028539451594852,36.25304136253041,0.03497481813094572,93.375,1.169070975187536,835.0,39.0,796.0,19.0,32.0,125.0,PIDILITIND,Pidilite Industries Ltd,22.8,29.7,Materials,False,6.553041362530411
1027,POWERGRID,2023,33.81356489704624,86.78376422603776,18.57249536289837,18.702329757572894,1.5487196781731023,4.22140336308906,0.1808028545941124,33065.0,7138.0,40203.0,17.0,67.0,128584.0,POWERGRID,Power Grid Corporation of India Ltd,19.0,13.2,Energy,False,5.502329757572895
1028,POWERGRID,2024,33.97028990249329,86.87476823070044,17.870011245496066,18.905165620757423,1.4173456039290386,4.60298643565485,0.18276594811604718,24176.0,13114.0,37290.0,17.0,67.0,123516.0,POWERGRID,Power Grid Corporation of India Ltd,19.0,13.2,Energy,False,5.705165620757423
1058,SBILIFE,2015,3.4830548314030514,3.3933074062994146,20.09368836291913,19.57593688362919,0.0,244.25,0.31568651259427155,2533.0,178.0,2711.0,8.0,15.0,0.0,SBILIFE,SBI Life Insurance Company Ltd,12.0,13.2,Financials,False,6.3759368836291905
1059,SBILIFE,2016,4.367625750362244,4.760919064375906,17.832241707162478,19.437988590745828,0.0,209.8,0.23162209783168922,-1426.0,7204.0,5778.0,8.0,14.0,0.0,SBILIFE,SBI Life Insurance Company Ltd,12.0,13.2,Financials,False,6.237988590745829
1060,SBILIFE,2017,3.1262275762734055,3.496137226659683,17.201008645533143,19.236311239193082,0.0,241.4,0.2987871674491393,-507.0,9032.0,8525.0,10.0,16.0,0.0,SBILIFE,SBI Life Insurance Company Ltd,12.0,13.2,Financials,False,6.036311239193083
1061,SBILIFE,2018,3.3756017377010687,3.9098274040154988,17.61642156862745,20.40441176470588,0.0,248.0,0.2798882681564246,1485.0,8910.0,10395.0,12.0,17.0,0.0,SBILIFE,SBI Life Insurance Company Ltd,12.0,13.2,Financials,False,7.204411764705881
1062,SBILIFE,2019,2.9750695004932295,3.304636355483813,17.51583949313622,19.456177402323124,0.0,217.5,0.30397862799351205,-79.0,13552.0,13473.0,13.0,15.0,0.0,SBILIFE,SBI Life Insurance Company Ltd,12.0,13.2,Financials,False,6.256177402323125
1065,SBILIFE,2022,1.8148295434004555,0.8796982514490921,12.958182756840475,6.281190844949235,0.0,,0.3035922688841979,241.0,21611.0,21852.0,15.0,13.0,0.0,SBILIFE,SBI Life Insurance Company Ltd,12.0,13.2,Financials,False,6.918809155050765
1066,SBILIFE,2023,2.1342824544868297,0.15129718736048417,13.220156706099248,0.937163926870487,0.0,198.4,0.2563135928594814,-1547.0,30203.0,28656.0,17.0,15.0,0.0,SBILIFE,SBI Life Insurance Company Ltd,12.0,13.2,Financials,False,12.262836073129513
1067,SBILIFE,2024,1.4349789374791648,0.18638058005273206,12.704588140595655,1.650120740541991,0.0,240.33333333333334,0.33137919000549837,-2099.0,31221.0,29122.0,19.0,14.0,0.0,SBILIFE,SBI Life Insurance Company Ltd,12.0,13.2,Financials,False,11.549879259458008
1082,SHREECEM,2013,18.530823181985973,28.811369509043928,26.11862643080125,30.416991426344502,0.3350676378772112,9.05699481865285,0.8795454545454545,990.0,270.0,1260.0,288.0,7.0,1288.0,SHREECEM,Shree Cement Ltd,12.2,14.8,Materials,False,15.616991426344502
1083,SHREECEM,2014,13.770778652668417,24.32195975503062,16.705582678836763,23.515479614278465,0.25472298874973465,11.581395348837209,0.7797789602947196,167.0,1234.0,1401.0,226.0,10.0,1200.0,SHREECEM,Shree Cement Ltd,12.2,14.8,Materials,False,8.715479614278465
1084,SHREECEM,2015,6.806199073334398,21.47307876657613,8.074298711144806,21.701921524301632,0.17380591357088704,11.950413223140496,0.7825706426606651,249.0,990.0,1239.0,122.0,20.0,917.0,SHREECEM,Shree Cement Ltd,12.2,14.8,Materials,False,6.901921524301631
1086,SHREECEM,2017,15.580637654177332,29.24133116127531,17.394128345024683,27.95017239461684,0.16796570537802027,22.286821705426355,0.769657890023285,154.0,2048.0,2202.0,384.0,36.0,1293.0,SHREECEM,Shree Cement Ltd,12.2,14.8,Materials,False,13.150172394616838
1087,SHREECEM,2018,14.075053391640393,25.15000508491813,15.55580532763853,20.10569105691057,0.3824884792626728,21.2,0.649385814291375,-1716.0,3595.0,1879.0,397.0,13.0,3403.0,SHREECEM,Shree Cement Ltd,12.2,14.8,Materials,False,5.305691056910568
1088,SHREECEM,2019,8.084428514536041,22.277976901632815,10.495295212490953,22.422639089305758,0.2898355909419915,11.556451612903226,0.810365971729168,1360.0,720.0,2080.0,289.0,21.0,2803.0,SHREECEM,Shree Cement Ltd,12.2,14.8,Materials,False,7.622639089305757
1089,SHREECEM,2020,11.998756605533105,29.305253341622628,11.72450451818665,23.113699049954032,0.2388943731490622,13.862542955326461,0.6452065784195748,-1617.0,5590.0,3973.0,426.0,26.0,3146.0,SHREECEM,Shree Cement Ltd,12.2,14.8,Materials,False,8.313699049954032
1090,SHREECEM,2021,17.234513274336283,30.169616519174042,15.17828148340586,23.20871390480513,0.14483340910566994,17.99601593625498,0.6303165527820388,1603.0,2651.0,4254.0,646.0,9.0,2230.0,SHREECEM,Shree Cement Ltd,12.2,14.8,Materials,False,8.40871390480513
1093,SHREECEM,2024,8.445007553238145,22.01647093221578,8.370767521615225,20.206628203408023,0.07998840747717723,19.825581395348838,0.7348612354521038,1929.0,1418.0,3347.0,480.0,16.0,1656.0,SHREECEM,Shree Cement Ltd,12.2,14.8,Materials,False,5.406628203408022
1095,SHRIRAMFIN,2013,20.873163076045085,31.088600370951635,19.937312619242302,5.350653177487477,4.549741073862088,0.7069857697283312,0.1482633159876465,-8400.0,41.0,-8359.0,12.0,11.0,33386.0,SHRIRAMFIN,"Shriram Finance Ltd
",15.9,11.3,Financials,False,5.949346822512524
1096,SHRIRAMFIN,2014,16.021708352996697,23.58423784804153,15.957696827262044,4.240560033941451,4.539365452408931,0.47318686510748875,0.16196590995948942,-4167.0,112.0,-4055.0,11.0,12.0,38630.0,SHRIRAMFIN,"Shriram Finance Ltd
",15.9,11.3,Financials,False,7.05943996605855
1097,SHRIRAMFIN,2015,11.201917838073443,18.426501035196686,11.094323332613858,3.0217472882900593,5.039391323116771,0.3597535061623459,0.14764938700646782,-9656.0,45.0,-9611.0,8.0,22.0,46695.0,SHRIRAMFIN,"Shriram Finance Ltd
",15.9,11.3,Financials,False,8.278252711709941
1098,SHRIRAMFIN,2016,11.429674679023073,17.607877208224732,11.635220125786164,3.0417236433979253,4.892885220125786,0.3590801886792453,0.15230911737461955,-5543.0,36.0,-5507.0,9.0,19.0,49790.0,SHRIRAMFIN,"Shriram Finance Ltd
",15.9,11.3,Financials,False,8.258276356602074
1099,SHRIRAMFIN,2017,11.611483078051913,18.08676511052004,11.17190257677374,3.0615413277029124,4.684080480056477,0.37804177045410997,0.1464551486983854,-2679.0,2.0,-2677.0,10.0,7.0,53080.0,SHRIRAMFIN,"Shriram Finance Ltd
",15.9,11.3,Financials,False,8.238458672297089
1100,SHRIRAMFIN,2018,18.878684639312695,28.181010220708043,18.619430241051862,3.9709458260715293,5.999342585829072,0.6135122484006865,0.1386811832374692,-13056.0,86.0,-13142.0,20.0,10.0,82131.0,SHRIRAMFIN,"Shriram Finance Ltd
",15.9,11.3,Financials,False,7.329054173928471
1101,SHRIRAMFIN,2019,16.580844490216272,24.465756951596294,16.13731754682704,3.6591353235076096,5.507360771784752,0.5051560021152829,0.14737381306975023,-5611.0,76.0,-5535.0,20.0,11.0,87914.0,SHRIRAMFIN,"Shriram Finance Ltd
",15.9,11.3,Financials,False,7.6408646764923915
1102,SHRIRAMFIN,2020,15.168166173540246,21.526477869693856,13.84632344835189,3.1583050577176928,5.221860875316944,0.4305304944063515,0.14493375107205994,-2519.0,55.0,-2464.0,20.0,5.0,94735.0,SHRIRAMFIN,"Shriram Finance Ltd
",15.9,11.3,Financials,False,8.141694942282308
1103,SHRIRAMFIN,2021,14.343932958328551,19.527034783606933,11.50711424229866,2.652362723466627,4.906110420407975,0.37583892617449666,0.13410822877376646,-4264.0,25.0,-4239.0,18.0,18.0,106546.0,SHRIRAMFIN,"Shriram Finance Ltd
",15.9,11.3,Financials,False,8.647637276533374
1104,SHRIRAMFIN,2022,14.131394443001819,19.03921059465074,10.427284920482851,2.601088398691651,4.401073002490898,0.3769569221324056,0.13534315517192905,-8893.0,34.0,-8859.0,20.0,20.0,114846.0,SHRIRAMFIN,"Shriram Finance Ltd
",15.9,11.3,Financials,False,8.69891160130835
1105,SHRIRAMFIN,2023,19.742883379247015,28.856749311294767,13.835263835263836,4.236113117074439,3.7737175951461666,0.6787556787556788,0.14480488951574988,-12549.0,5076.0,-17625.0,32.0,22.0,164202.0,SHRIRAMFIN,"Shriram Finance Ltd
",15.9,11.3,Financials,False,7.063886882925562
1106,SHRIRAMFIN,2024,20.333626470264925,28.918874354182698,15.116350338120824,4.304889074344531,3.994034363699512,0.6766743648960739,0.14656859980827017,-31359.0,258.0,-31101.0,39.0,23.0,195496.0,SHRIRAMFIN,"Shriram Finance Ltd
",15.9,11.3,Financials,False,6.99511092565547
1108,SIEMENS,2011,7.26056043496445,9.795064826432455,22.746331236897273,30.686582809224316,0.0,56.53846153846154,1.1769049025398701,267.0,264.0,3.0,,24.0,0.0,SIEMENS,Siemens Ltd,19.1,25.6,Industrials,False,5.086582809224314
1109,SIEMENS,2014,5.6471249297621275,1.1144409065368046,13.782857142857145,2.7199999999999998,0.0,35.61290322580645,1.037706511175899,738.0,130.0,608.0,17.0,35.0,0.0,SIEMENS,Siemens Ltd,19.1,25.6,Industrials,False,22.880000000000003
1110,SIEMENS,2015,11.114266780270757,9.448073463978037,22.94313074066836,19.40879035394788,0.004885675200312683,64.7,0.9987708018154312,1220.0,646.0,574.0,33.0,30.0,25.0,SIEMENS,Siemens Ltd,19.1,25.6,Industrials,False,6.191209646052123
1111,SIEMENS,2016,26.889360524130296,9.421426594075852,42.83404380420402,14.953134153485648,0.003674849331177422,379.72727272727275,0.9041381611880527,750.0,237.0,513.0,82.0,41.0,25.0,SIEMENS,Siemens Ltd,19.1,25.6,Industrials,False,10.646865846514354
1112,SIEMENS,2017,10.275643922277451,9.543605964753727,14.785435630689205,13.732119635890767,0.0,234.25,0.8422134267011722,1894.0,1321.0,573.0,32.0,22.0,0.0,SIEMENS,Siemens Ltd,19.1,25.6,Industrials,False,11.867880364109235
1113,SIEMENS,2018,7.041813208284486,10.371238765142634,10.85672972647307,15.98987829859019,0.0,200.875,0.8925083705357143,-74.0,174.0,100.0,25.0,28.0,0.0,SIEMENS,Siemens Ltd,19.1,25.6,Industrials,False,9.610121701409811
1114,SIEMENS,2019,8.399571996331396,11.38795475389789,12.144988396507902,16.465907835119904,0.0,157.33333333333334,0.8519338455528064,138.0,1135.0,1273.0,31.0,23.0,0.0,SIEMENS,Siemens Ltd,19.1,25.6,Industrials,False,9.134092164880098
1115,SIEMENS,2020,7.7317514578725115,10.08445606273879,8.1015592077539,10.566793088916983,0.0,43.93333333333333,0.6271122320302648,1591.0,871.0,720.0,22.0,32.0,0.0,SIEMENS,Siemens Ltd,19.1,25.6,Industrials,False,15.033206911083019
1116,SIEMENS,2021,8.25125018942264,11.001666919230187,10.52478979414323,14.027630180658873,0.0003865854837150865,73.875,0.7326117124618373,-967.0,2389.0,1422.0,31.0,26.0,4.0,SIEMENS,Siemens Ltd,19.1,25.6,Industrials,False,11.572369819341128
1117,SIEMENS,2022,9.561283926137069,11.525591770975337,13.290267011197244,15.773405698778834,0.015676141257536608,65.19444444444444,0.8025262320354071,944.0,34.0,978.0,43.0,23.0,182.0,SIEMENS,Siemens Ltd,19.1,25.6,Industrials,False,9.826594301221167
1118,SIEMENS,2023,10.03375268487266,12.718625345197914,14.991976770841292,18.752827627808777,0.01337204859784519,129.69565217391303,0.9033539684006283,641.0,759.0,1400.0,55.0,18.0,175.0,SIEMENS,Siemens Ltd,19.1,25.6,Industrials,False,6.847172372191224
1119,SIEMENS,2024,12.221223021582734,13.956834532374101,17.698769290877124,19.85162445638271,0.018167610861496385,67.15,0.8790861298865568,1168.0,502.0,1670.0,76.0,16.0,279.0,SIEMENS,Siemens Ltd,19.1,25.6,Industrials,False,5.748375543617293
1120,SUNPHARMA,2013,31.165214266463032,42.979067469230074,23.142094729819878,31.37049180327869,0.01734489659773182,109.16279069767442,0.5462531285272612,982.0,2375.0,3357.0,14.0,9.0,260.0,SUNPHARMA,Sun Pharmaceuticals Industries Ltd,16.7,17.3,Healthcare,False,14.070491803278689
1121,SUNPHARMA,2014,24.12313432835821,43.55099502487562,20.939271255060728,33.21160959878593,0.13824561403508773,114.43181818181819,0.5526722804605603,1783.0,2176.0,3959.0,15.0,10.0,2561.0,SUNPHARMA,Sun Pharmaceuticals Industries Ltd,16.7,17.3,Healthcare,False,15.911609598785926
1122,SUNPHARMA,2015,19.99123831775701,28.818633177570092,21.358920352601608,22.792631518161343,0.35088540447772837,14.122625215889464,0.5621985509923445,4114.0,1502.0,5616.0,22.0,14.0,8996.0,SUNPHARMA,Sun Pharmaceuticals Industries Ltd,16.7,17.3,Healthcare,False,5.4926315181613425
1125,SUNPHARMA,2018,9.596436256559326,21.257880629695343,6.634650519392389,11.562865767264215,0.2710497468288354,10.61003861003861,0.4119787859464672,803.0,3104.0,3907.0,9.0,23.0,10385.0,SUNPHARMA,Sun Pharmaceuticals Industries Ltd,16.7,17.3,Healthcare,False,5.7371342327357855
1126,SUNPHARMA,2019,11.036950388770386,21.939723388151105,7.747108116593012,12.281647824663445,0.25390615566664254,11.025225225225226,0.4500077411363988,1886.0,310.0,2196.0,11.0,25.0,10514.0,SUNPHARMA,Sun Pharmaceuticals Industries Ltd,16.7,17.3,Healthcare,False,5.018352175336556
1136,TATACONSUM,2016,-0.5574807895133344,5.514539701672443,-0.5922842964623019,4.815155900539403,0.21674403713782617,3.452991452991453,0.6707427993936331,261.0,145.0,116.0,0.0,-999.0,1354.0,TATACONSUM,Tata Consumer Products Ltd,8.32,10.6,Consumer Staples,False,5.784844099460597
1146,TATAMOTORS,2013,5.284094219595007,13.02802540348424,26.505832026994714,26.924129475769814,1.427212583362117,6.968820224719101,1.1215647834610587,-806.0,22969.0,22163.0,35.0,6.0,53716.0,TATAMOTORS,Tata Motors Ltd,49.4,20.1,Consumer Discretionary,False,6.824129475769812
1147,TATAMOTORS,2014,6.034342063444342,14.96903373218688,21.416377050179864,27.607211317586298,0.9243643680263398,7.305959149294588,1.0659628432512613,8160.0,27991.0,36151.0,48.0,5.0,60642.0,TATAMOTORS,Tata Motors Ltd,49.4,20.1,Consumer Discretionary,False,7.507211317586297
1148,TATAMOTORS,2015,5.347717539586334,14.910757374819026,25.013330489495573,30.21359492423309,1.3083431090256301,8.219090722073647,1.10890167077513,-701.0,36232.0,35531.0,48.0,0.0,73610.0,TATAMOTORS,Tata Motors Ltd,49.4,20.1,Consumer Discretionary,False,10.113594924233087
1149,TATAMOTORS,2016,4.276935021937695,14.061733187814507,14.791265579086026,25.88799287987486,0.8785084608369642,7.307220290447944,1.0374718827892273,1206.0,36694.0,37900.0,40.0,1.0,69360.0,TATAMOTORS,Tata Motors Ltd,49.4,20.1,Consumer Discretionary,False,5.78799287987486
1152,TATAMOTORS,2019,-9.513211321529585,8.16856440726242,-47.73093604081158,14.826213977421643,1.7643197793250136,-0.35110262198298314,0.9876841247877842,-1987.0,20878.0,18891.0,-100.0,0.0,106175.0,TATAMOTORS,Tata Motors Ltd,49.4,20.1,Consumer Discretionary,False,5.273786022578358
1153,TATAMOTORS,2020,-4.586927543781696,6.889775843841452,-18.984131010320393,9.574326518228322,1.9782812029360008,2.4974458097473424,0.8153813960315949,-6482.0,33115.0,26633.0,-39.0,0.0,124788.0,TATAMOTORS,Tata Motors Ltd,49.4,20.1,Consumer Discretionary,False,10.52567348177168
1155,TATAMOTORS,2022,-4.061353042154179,8.877588398801956,-25.378694374004173,12.941730799434584,3.2864836965059134,2.9149484536082473,0.846207845961691,9839.0,4444.0,14283.0,-34.0,0.0,146449.0,TATAMOTORS,Tata Motors Ltd,49.4,20.1,Consumer Discretionary,False,7.158269200565417
1157,TATAMOTORS,2024,7.263066074788551,13.595385542828959,37.45613415294755,30.98033093974399,1.2631244259167667,6.530242339274985,1.1851234435931923,45133.0,22782.0,67915.0,94.0,7.0,107262.0,TATAMOTORS,Tata Motors Ltd,49.4,20.1,Consumer Discretionary,False,10.880330939743988
1162,TATAPOWER,2016,2.664948803146403,7.137044822675799,6.7566405914209575,4.169803098133988,3.3395512765408752,1.9051297898640296,0.42100004282227327,5610.0,1805.0,7415.0,2.0,53.0,38849.0,TATAPOWER,"Tata Power Company Ltd
",11.3,11.1,Energy,False,6.930196901866012
1164,TATAPOWER,2018,9.728017883755587,8.550670640834575,15.921702542837979,3.5314211854496214,2.962924568571254,2.3613400691305504,0.32774874224588485,4852.0,1512.0,6364.0,9.0,15.0,48589.0,TATAPOWER,"Tata Power Company Ltd
",11.3,11.1,Energy,False,7.568578814550378
1165,TATAPOWER,2019,8.721261001974499,10.27408721261002,14.236547391423107,4.595051713041266,2.649877082764272,2.4594724220623503,0.3554173159040358,4302.0,272.0,4574.0,9.0,15.0,48506.0,TATAPOWER,"Tata Power Company Ltd
",11.3,11.1,Energy,False,6.504948286958734
1173,TATASTEEL,2014,2.466120284764558,10.889956531686112,9.042238231520773,13.24809063449055,2.0139396032764236,3.896702789946968,0.8660287638982774,-2232.0,15378.0,13146.0,3.0,27.0,81629.0,TATASTEEL,"Tata Steel Ltd
",6.55,7.02,Materials,False,6.228090634490551
1175,TATASTEEL,2016,-0.4874221546609131,-0.6129554258814298,-1.136467575230952,-0.4971404481422856,1.8747599012165006,2.3030087656953326,0.5764512335768074,2661.0,8794.0,11455.0,0.0,-203.0,81987.0,TATASTEEL,"Tata Steel Ltd
",6.55,7.02,Materials,False,7.517140448142285
1177,TATASTEEL,2018,14.396060008600475,17.38999910749783,29.148527213287117,14.006848867453503,1.5138078888140494,5.926856095325389,0.5904935751861328,-3707.0,11730.0,8023.0,12.0,9.0,92147.0,TATASTEEL,"Tata Steel Ltd
",6.55,7.02,Materials,False,6.986848867453503
1178,TATASTEEL,2019,5.785538057576315,18.59465081912107,13.234675371780922,17.272197053157456,1.4626913311570549,4.026370757180157,0.6773508955076405,-3840.0,29176.0,25336.0,9.0,15.0,100816.0,TATASTEEL,"Tata Steel Ltd
",6.55,7.02,Materials,False,10.252197053157456
1180,TATASTEEL,2021,5.240124380974318,19.517063994779072,11.031937391398053,18.74400884846995,1.19210926871321,4.033653214144866,0.6407881627984208,34890.0,9437.0,44327.0,6.0,40.0,88501.0,TATASTEEL,"Tata Steel Ltd
",6.55,7.02,Materials,False,11.72400884846995
1181,TATASTEEL,2022,17.113121467131773,26.02486483384503,36.48016916718366,33.41508599818951,0.6602500808262629,11.861955327718784,0.8638101847589778,33476.0,10905.0,44381.0,33.0,16.0,75561.0,TATASTEEL,"Tata Steel Ltd
",6.55,7.02,Materials,False,26.39508599818951
1182,TATASTEEL,2023,3.3182249653795104,13.272899861518042,7.833569391358336,17.183136055326507,0.8235482431462331,5.376885219876171,0.8526853915261602,3504.0,18179.0,21683.0,7.0,50.0,84893.0,TATASTEEL,"Tata Steel Ltd
",6.55,7.02,Materials,False,10.163136055326508
1183,TATASTEEL,2024,-2.1425049417247384,9.70803461170916,-5.334926929972293,12.42093156986774,0.9461835171402184,2.1634256792754396,0.8509498277091255,6048.0,14253.0,20301.0,-4.0,-101.0,87082.0,TATASTEEL,"Tata Steel Ltd
",6.55,7.02,Materials,False,5.4009315698677405
1185,TCS,2013,22.346758957913288,28.639921256092332,36.51740777253152,46.40156386645404,0.008613085663882115,400.375,1.2129130401294,5577.0,6038.0,11615.0,36.0,31.0,332.0,TCS,Tata Consultancy Services Ltd,0.52,64.3,Information Technology,False,17.898436133545957
1186,TCS,2014,23.630651884267014,30.746005940666677,39.29667649151337,50.82235512810151,0.006037198902327472,686.9230769230769,1.224154184560595,5299.0,9452.0,14751.0,49.0,33.0,297.0,TCS,Tata Consultancy Services Ltd,0.52,64.3,Information Technology,False,13.477644871898484
1187,TCS,2015,21.194320006761895,25.866368016228552,39.616865804285574,48.0105112466417,0.007070208353905401,271.1730769230769,1.2909244660247143,17562.0,1807.0,19369.0,51.0,78.0,358.0,TCS,Tata Consultancy Services Ltd,0.52,64.3,Information Technology,False,16.2894887533583
1188,TCS,2016,22.401192864900686,28.2357380851573,34.2441467807294,43.01498941346383,0.0034472084646555608,1023.060606060606,1.23054444960415,14099.0,5010.0,19109.0,62.0,35.0,245.0,TCS,Tata Consultancy Services Ltd,0.52,64.3,Information Technology,False,21.285010586536167
1189,TCS,2017,22.342878456504415,27.390095451231712,30.571600900085834,37.35246176433187,0.003352123785000116,1141.625,1.152765969921726,8328.0,16895.0,25223.0,67.0,35.0,289.0,TCS,Tata Consultancy Services Ltd,0.52,64.3,Information Technology,False,26.947538235668127
1190,TCS,2018,21.02287496750715,26.41343904341045,30.401278075368854,38.08609077598828,0.002901513015694014,695.3461538461538,1.1710138310218214,28171.0,3104.0,25067.0,67.0,37.0,247.0,TCS,Tata Consultancy Services Ltd,0.52,64.3,Information Technology,False,26.213909224011715
1191,TCS,2019,21.549469831971216,26.973365286795982,35.28609440332715,44.136836930777136,0.000693155646982537,221.2979797979798,1.2858798430215714,30238.0,1645.0,28593.0,84.0,36.0,62.0,TCS,Tata Consultancy Services Ltd,0.52,64.3,Information Technology,False,20.16316306922286
1192,TCS,2020,20.673594607165384,26.829734499741953,38.56952666238737,45.62188515709643,0.09716377814231035,50.54220779220779,1.3065255937466183,41337.0,8968.0,32369.0,86.0,85.0,8174.0,TCS,Tata Consultancy Services Ltd,0.52,64.3,Information Technology,False,18.678114842903568
1193,TCS,2021,19.833472410873632,28.351108864213625,37.67311096456215,49.39720677505625,0.09018546157139055,76.0784929356358,1.2629777217059512,30846.0,7956.0,38802.0,88.0,43.0,7795.0,TCS,Tata Consultancy Services Ltd,0.52,64.3,Information Technology,False,14.90279322494375
1194,TCS,2022,20.051211448001087,27.669305464292794,43.13375739014349,54.72219643759605,0.08770571803587655,72.79974489795919,1.3606908688371038,39211.0,738.0,39949.0,105.0,41.0,7818.0,TCS,Tata Consultancy Services Ltd,0.52,64.3,Information Technology,False,9.57780356240395
1198,TECHM,2013,19.01644114651535,20.689655172413794,24.087725764835973,20.893329415221864,0.25433099889421307,12.436893203883495,0.765026714158504,233.0,622.0,855.0,25.0,5.0,1380.0,TECHM,Tech Mahindra Ltd,8.63,11.9,Information Technology,False,8.993329415221863
1199,TECHM,2014,16.28550154238911,22.189128816083397,33.34785449793073,43.708748035620744,0.03953387061642344,55.2,1.1795483061480552,1887.0,291.0,1596.0,32.0,15.0,363.0,TECHM,Tech Mahindra Ltd,8.63,11.9,Information Technology,False,31.808748035620745
1200,TECHM,2015,11.754564342867248,18.535873745634586,21.70966688438929,32.3833796725363,0.057152188112344876,62.30434782608695,1.1397118097541314,583.0,1865.0,2448.0,27.0,22.0,700.0,TECHM,Tech Mahindra Ltd,8.63,11.9,Information Technology,False,20.4833796725363
1201,TECHM,2016,11.425228353589493,16.0791122518306,20.745665136042764,27.164902435913785,0.07477211979987664,48.58762886597938,1.176204217536071,1684.0,1453.0,3137.0,31.0,35.0,1091.0,TECHM,Tech Mahindra Ltd,8.63,11.9,Information Technology,False,15.264902435913784
1202,TECHM,2017,9.783466593459387,14.357777701520194,17.34501429701284,23.50165702409706,0.08310518951146803,38.44186046511628,1.1183559120389914,1178.0,2893.0,4071.0,29.0,28.0,1366.0,TECHM,Tech Mahindra Ltd,8.63,11.9,Information Technology,False,11.60165702409706
1203,TECHM,2018,12.302992883371786,15.305625060930037,20.092341983760548,22.175141242937855,0.12720904314599585,37.82098765432099,1.0112385396470704,235.0,3319.0,3554.0,39.0,33.0,2397.0,TECHM,Tech Mahindra Ltd,8.63,11.9,Information Technology,False,10.275141242937854
1204,TECHM,2019,12.345288123884636,18.050198606873526,21.143702243036728,28.14505632601768,0.09839783090953907,51.16541353383459,1.0387490282843987,2328.0,2104.0,4432.0,44.0,29.0,1996.0,TECHM,Tech Mahindra Ltd,8.63,11.9,Information Technology,False,16.245056326017682
1205,TECHM,2020,10.570142128675274,14.926223283063903,17.865493054600467,21.594788682651178,0.16824829230275523,34.869791666666664,0.9879414759633421,5439.0,1081.0,4358.0,42.0,32.0,3670.0,TECHM,Tech Mahindra Ltd,8.63,11.9,Information Technology,False,9.694788682651177
1206,TECHM,2021,11.499141460837405,17.952714304583278,17.506535290569072,24.47597781459339,0.11667001809772773,43.58620689655172,0.9558860663602848,2661.0,5433.0,8094.0,46.0,89.0,2901.0,TECHM,Tech Mahindra Ltd,8.63,11.9,Information Technology,False,12.575977814593388
1207,TECHM,2022,12.610312234018725,17.963535367110158,20.940266309603512,27.182754880694144,0.09737409804359146,56.04294478527607,1.0051783141210375,5765.0,480.0,5285.0,57.0,47.0,2618.0,TECHM,Tech Mahindra Ltd,8.63,11.9,Information Technology,False,15.282754880694144
1208,TECHM,2023,9.11428035278664,14.567461062112965,17.3936398796734,25.316331854943908,0.09812347801174617,26.773006134969325,1.162851594038449,5346.0,226.0,5572.0,50.0,91.0,2740.0,TECHM,Tech Mahindra Ltd,8.63,11.9,Information Technology,False,13.416331854943907
1211,TITAN,2013,7.161908525140769,10.01679344067964,36.80203045685279,51.47208121827411,0.0,21.823529411764707,1.720428280081577,411.0,142.0,553.0,8.0,26.0,0.0,TITAN,"Titan Company Ltd
",32.9,22.7,Consumer Discretionary,False,28.772081218274113
1212,TITAN,2014,6.726457399103139,9.581769927702021,29.131985731272298,31.44144144144144,0.31985731272294887,13.379310344827585,1.7880870561282933,-826.0,271.0,-555.0,8.0,25.0,807.0,TITAN,"Titan Company Ltd
",32.9,22.7,Consumer Discretionary,False,8.741441441441442
1213,TITAN,2015,6.849660035255603,9.678502476286411,26.459143968871597,36.212311557788944,0.0324254215304799,15.061728395061728,2.030163599182004,385.0,118.0,503.0,9.0,25.0,100.0,TITAN,"Titan Company Ltd
",32.9,22.7,Consumer Discretionary,False,13.512311557788944
1219,TITAN,2021,4.500092404361486,7.969876178155609,12.99186341203148,13.132851161020175,0.7520341469921302,9.38423645320197,1.3162247628314279,1340.0,2799.0,4139.0,11.0,37.0,5638.0,TITAN,"Titan Company Ltd
",32.9,22.7,Consumer Discretionary,False,9.567148838979824
1224,TORNTPHARM,2013,13.581017795816422,21.76084920387137,30.590717299578056,32.95508274231678,0.4873417721518987,20.529411764705884,0.8534505728750333,-94.0,247.0,153.0,13.0,45.0,693.0,TORNTPHARM,Torrent Pharmaceuticals Ltd,24.2,23.2,Healthcare,False,9.755082742316784
1225,TORNTPHARM,2014,15.915627996164908,22.890699904122723,34.8922753547031,31.466227347611202,0.5948502364687336,16.76271186440678,0.8307447232178415,181.0,418.0,599.0,20.0,25.0,1132.0,TORNTPHARM,Torrent Pharmaceuticals Ltd,24.2,23.2,Healthcare,False,8.266227347611203
1227,TORNTPHARM,2016,25.915956333183786,40.87034544638852,49.59931310818546,46.749914471433456,0.6731539782484258,15.027173913043478,0.7525320729237002,1873.0,869.0,2742.0,51.0,34.0,2352.0,TORNTPHARM,Torrent Pharmaceuticals Ltd,24.2,23.2,Healthcare,False,23.549914471433457
1229,TORNTPHARM,2018,11.394957983193276,22.672268907563026,14.665801427644388,12.169598556608028,1.3977936404931863,5.35064935064935,0.4177490697184582,-3783.0,4677.0,894.0,20.0,35.0,6462.0,TORNTPHARM,Torrent Pharmaceuticals Ltd,24.2,23.2,Healthcare,False,11.030401443391971
1235,TORNTPHARM,2024,15.436241610738255,31.3944817300522,24.154025670945156,30.961573818716676,0.5866394399066511,9.926553672316384,0.7396070320579111,3106.0,160.0,3266.0,49.0,57.0,4022.0,TORNTPHARM,Torrent Pharmaceuticals Ltd,24.2,23.2,Healthcare,False,7.761573818716677
1237,TRENT,2013,-1.2664165103189493,0.23452157598499063,-2.1933387489845653,0.3176620076238882,0.2786352558895207,2.1724137931034484,0.965142598460842,-245.0,276.0,31.0,-1.0,-87.0,343.0,TRENT,Trent Ltd,27.2,23.8,Consumer Discretionary,False,23.482337992376113
1238,TRENT,2014,-0.8144020574367767,-0.42863266180882986,-1.917255297679112,-0.7558578987150416,0.3350151362260343,3.1153846153846154,1.2050619834710743,-94.0,48.0,-46.0,-1.0,-125.0,332.0,TRENT,Trent Ltd,27.2,23.8,Consumer Discretionary,False,24.555857898715043
1239,TRENT,2015,5.64798598949212,3.852889667250438,9.071729957805907,5.210183540556542,0.1877637130801688,13.454545454545455,1.0348889895786135,-316.0,306.0,-10.0,4.0,26.0,267.0,TRENT,Trent Ltd,27.2,23.8,Consumer Discretionary,False,18.58981645944346
1240,TRENT,2016,3.262158956109134,5.338078291814947,3.7568306010928962,4.828326180257511,0.273224043715847,3.6666666666666665,0.7816411682892906,11.0,98.0,109.0,2.0,54.0,400.0,TRENT,Trent Ltd,27.2,23.8,Consumer Discretionary,False,18.97167381974249
1241,TRENT,2017,4.690949227373068,7.39514348785872,5.4945054945054945,6.910778751933987,0.25339366515837103,4.673913043478261,0.8154815481548154,58.0,44.0,102.0,3.0,39.0,392.0,TRENT,Trent Ltd,27.2,23.8,Consumer Discretionary,False,16.889221248066015
1242,TRENT,2018,4.033379694019471,9.643022716736208,5.454545454545454,10.473313192346426,0.245141065830721,5.340909090909091,0.9233732876712328,73.0,4.0,77.0,3.0,44.0,391.0,TRENT,Trent Ltd,27.2,23.8,Consumer Discretionary,False,13.326686807653575
1243,TRENT,2019,3.6121673003802277,9.163498098859316,5.771567436208992,11.261682242990654,0.3001215066828676,5.313725490196078,1.0277452129738178,-16.0,37.0,21.0,3.0,45.0,494.0,TRENT,Trent Ltd,27.2,23.8,Consumer Discretionary,False,12.538317757009347
1245,TRENT,2021,-6.980331662167373,4.3964519861164675,-7.825335062689148,4.3628013777267505,0.1297016861219196,1.1992337164750957,0.453004891684137,303.0,18.0,285.0,-4.0,-15.0,300.0,TRENT,Trent Ltd,27.2,23.8,Consumer Discretionary,False,19.43719862227325
1246,TRENT,2022,0.7781236104935527,13.228101378390395,1.4805414551607445,8.393285371702639,1.998730964467005,2.2984615384615386,0.582190007765985,114.0,56.0,58.0,3.0,57.0,4725.0,TRENT,Trent Ltd,27.2,23.8,Consumer Discretionary,False,15.406714628297362
1247,TRENT,2023,4.780393108468818,13.516136859985439,15.177195685670261,15.779036827195467,1.7195685670261942,3.5574572127139366,1.0197970799307101,492.0,103.0,595.0,13.0,18.0,4464.0,TRENT,Trent Ltd,27.2,23.8,Consumer Discretionary,False,8.020963172804533
1248,TRENT,2024,11.935353535353535,15.927272727272726,36.30776794493609,33.86016148428105,0.4309242871189774,8.043478260869565,1.7278693102485339,841.0,508.0,1349.0,42.0,8.0,1753.0,TRENT,Trent Ltd,27.2,23.8,Consumer Discretionary,False,10.06016148428105
1362,INDIGO,2013,8.551559274149733,90.7095512332935,17886.363636363636,54207.792207792205,2.5,28.23310810810811,353.96153846153845,-149.0,1890.0,1741.0,25647.0,70.0,11.0,INDIGO,Interglobe Aviation Ltd,,24.5,Consumer Discretionary,False,54183.292207792205
1363,INDIGO,2014,4.263740217684627,96.10506431591257,10772.727272727272,58065.21739130435,3.1818181818181817,27.335038363171357,317.62857142857143,-1319.0,2914.0,1595.0,15454.0,80.0,14.0,INDIGO,Interglobe Aviation Ltd,,24.5,Consumer Discretionary,False,58040.71739130435
1364,INDIGO,2015,9.364452423698385,86.33393177737881,4939.39393939394,39546.05263157895,0.15151515151515152,30.470886075949366,228.27868852459017,1444.0,940.0,2384.0,42481.0,83.0,4.0,INDIGO,Interglobe Aviation Ltd,,24.5,Consumer Discretionary,False,39521.55263157895
1365,INDIGO,2016,12.304832713754648,80.39653035935564,1534.775888717156,9443.959243085881,0.061823802163833076,25.23495145631068,82.34693877551021,1779.0,1337.0,3116.0,55.0,27.0,8.0,INDIGO,Interglobe Aviation Ltd,,24.5,Consumer Discretionary,False,9419.459243085881
1366,INDIGO,2017,8.928955866523143,88.06243272335846,1692.8571428571427,10908.0,0.5306122448979592,20.752851711026615,75.52845528455285,749.0,3033.0,3782.0,46.0,74.0,52.0,INDIGO,Interglobe Aviation Ltd,,24.5,Consumer Discretionary,False,10883.5
1367,INDIGO,2018,9.738934016767299,86.8381043395161,2242.0,12981.16883116883,0.54,21.123548046462513,82.51254480286738,-249.0,4152.0,3903.0,58.0,10.0,54.0,INDIGO,Interglobe Aviation Ltd,,24.5,Consumer Discretionary,False,12956.66883116883
1368,INDIGO,2019,0.547426044846826,100.52988033828123,120.93023255813952,13201.84331797235,0.6821705426356589,21.620377358490565,76.39946380697052,634.0,2526.0,3160.0,4.0,123.0,88.0,INDIGO,Interglobe Aviation Ltd,,24.5,Consumer Discretionary,False,13177.34331797235
1369,INDIGO,2020,-0.69358988701197,88.62009173285603,-138.54748603351956,12475.1968503937,0.41899441340782123,20.70411495754409,84.72985781990522,2370.0,4573.0,6943.0,-6.0,0.0,75.0,INDIGO,Interglobe Aviation Ltd,,24.5,Consumer Discretionary,False,12450.6968503937
1370,INDIGO,2021,-42.14876033057851,99.97950959633904,-1094.148936170213,2554.624781849913,0.015957446808510637,14.12934362934363,18.053020961775587,1608.0,3228.0,-1620.0,-151.0,0.0,9.0,INDIGO,Interglobe Aviation Ltd,,24.5,Consumer Discretionary,False,2530.124781849913
1371,INDIGO,2022,-1.2224750298870077,97.84813543635032,-48.769230769230774,3832.779456193354,0.018461538461538463,35.0,28.18586956521739,3591.0,1527.0,2064.0,-160.0,0.0,12.0,INDIGO,Interglobe Aviation Ltd,,24.5,Consumer Discretionary,False,3808.279456193354
1372,INDIGO,2023,-0.582228262865959,88.02483194357713,-40.7979407979408,6074.271229404309,0.015444015444015444,33.49965059399022,51.26741996233522,8664.0,4039.0,12703.0,-8.0,0.0,12.0,INDIGO,Interglobe Aviation Ltd,,24.5,Consumer Discretionary,False,6049.771229404309
1373,INDIGO,2024,11.852722628584697,76.29890862649484,892.568306010929,5640.87982832618,0.018579234972677595,22.612639724849526,56.38625204582652,9424.0,11759.0,21183.0,212.0,0.0,17.0,INDIGO,Interglobe Aviation Ltd,,24.5,Consumer Discretionary,False,5616.37982832618
