id_x,company_id,year,net_profit_margin_pct,operating_profit_margin_pct,return_on_equity_pct,debt_to_equity,interest_coverage,asset_turnover,free_cash_flow_cr,capex_cr,cash_from_operations_cr,earnings_per_share,dividend_payout_ratio_pct,total_debt_cr,id_y,company_name,roe_percentage,roce_percentage,broad_sector,high_leverage_flag,roe_difference
61,ABB,Dec 2012,8.771929824561402,12.220205686630369,22.411128284389488,0.0,,1.822491730981257,42.0,59.0,101.0,68.0,25.0,0.0,ABB,Abbott India Ltd,34.9,46.0,Industrials,False,12.488871715610511
62,ABB,Mar 2014,8.699472759226714,11.731107205623902,25.12690355329949,0.0,,1.9982440737489024,11.0,144.0,155.0,93.0,25.0,0.0,ABB,Abbott India Ltd,34.9,46.0,Industrials,False,9.77309644670051
63,ABB,Mar 2015,10.004368719965049,13.630406290956751,24.439701173959445,0.0,,1.665938864628821,28.0,187.0,215.0,108.0,29.0,0.0,ABB,Abbott India Ltd,34.9,46.0,Industrials,False,10.460298826040553
64,ABB,Mar 2016,9.755164498852334,13.963274674827849,21.338912133891213,0.0,138.33333333333334,1.6175742574257426,172.0,77.0,249.0,120.0,29.0,0.0,ABB,Abbott India Ltd,34.9,46.0,Industrials,False,13.561087866108785
65,ABB,Mar 2017,9.541853255253187,13.709955218739237,19.971160778658977,0.0,227.5,1.40513068731849,152.0,155.0,307.0,130.0,31.0,0.0,ABB,Abbott India Ltd,34.9,46.0,Industrials,False,14.928839221341022
66,ABB,Mar 2018,12.15888417222559,15.918738629472406,23.685764914353218,0.0,160.5,1.365066225165563,-62.0,215.0,153.0,189.0,29.0,0.0,ABB,Abbott India Ltd,34.9,46.0,Industrials,False,11.21423508564678
67,ABB,Mar 2019,12.231584669747214,16.444686055993476,22.410358565737052,0.0,359.0,1.2509350561033663,242.0,257.0,499.0,212.0,31.0,0.0,ABB,Abbott India Ltd,34.9,46.0,Industrials,False,12.489641434262946
68,ABB,Mar 2020,14.488150500855118,18.49499144881505,24.39325380501851,0.07198683669271905,96.77777777777777,1.153932901043135,225.0,401.0,626.0,279.0,90.0,175.0,ABB,Abbott India Ltd,34.9,46.0,Industrials,False,10.506746194981488
69,ABB,Mar 2021,16.03248259860789,21.392111368909514,26.5564950038432,0.058800922367409685,55.72222222222222,1.1223958333333333,655.0,72.0,727.0,325.0,85.0,153.0,ABB,Abbott India Ltd,34.9,46.0,Industrials,False,8.343504996156799
70,ABB,Mar 2022,16.26297577854671,22.023203745165887,28.333333333333332,0.05390070921985816,61.31578947368421,1.1631155303030303,552.0,396.0,948.0,376.0,73.0,152.0,ABB,Abbott India Ltd,34.9,46.0,Industrials,False,6.566666666666666
71,ABB,Mar 2023,17.74163395027108,22.546270330902974,29.767879548306148,0.03544542032622334,85.0,1.1740561896400352,745.0,148.0,893.0,447.0,73.0,113.0,ABB,Abbott India Ltd,34.9,46.0,Industrials,False,5.132120451693851
86,ADANIENSOL,Mar 2014,,,0.0,0.0,,,0.0,0.0,0.0,0.0,,0.0,ADANIENSOL,Adani Energy Solutions Ltd,8.59,9.0,Energy,False,8.59
87,ADANIENSOL,Mar 2015,-5.343511450381679,77.09923664122137,-0.6463527239150507,8.95752539242844,1.4246575342465753,0.011399234249912982,-1899.0,1864.0,-35.0,0.0,0.0,9701.0,ADANIENSOL,Adani Energy Solutions Ltd,8.59,9.0,Energy,True,9.23635272391505
88,ADANIENSOL,Mar 2016,16.773017319963536,87.83044667274385,13.77245508982036,3.2129491017964074,2.0867293625914316,0.18678699131619275,728.0,816.0,1544.0,3.0,0.0,8585.0,ADANIENSOL,Adani Energy Solutions Ltd,8.59,9.0,Energy,False,5.18245508982036
89,ADANIENSOL,Mar 2017,14.464534075104313,68.94993045897078,14.116050220563285,3.045469969460468,2.2179203539823007,0.22449457497463118,459.0,1730.0,2189.0,4.0,0.0,8975.0,ADANIENSOL,Adani Energy Solutions Ltd,8.59,9.0,Energy,False,5.526050220563285
90,ADANIENSOL,Mar 2018,28.98073022312373,71.65314401622717,18.87072808320951,1.7216443784051512,3.31489841986456,0.22843903851723138,-994.0,3192.0,2198.0,10.0,0.0,10428.0,ADANIENSOL,Adani Energy Solutions Ltd,8.59,9.0,Energy,False,10.28072808320951
93,ADANIENSOL,Mar 2021,12.996171670360667,39.79447914567802,14.46350487722839,3.0378966251821953,2.3925366084081245,0.22958782439746495,-225.0,4009.0,3784.0,11.0,0.0,27095.0,ADANIENSOL,Adani Energy Solutions Ltd,8.59,9.0,Energy,False,5.87350487722839
98,ADANIENT,Mar 2013,2.6264150943396225,12.983288409703503,5.692652832305104,3.240418769863526,2.2325315005727377,0.41453996120531683,-7124.0,14790.0,7666.0,15.0,10.0,69332.0,ADANIENT,Adani Enterprises Ltd,13.64,11.6,Industrials,False,7.947347167694897
101,ADANIENT,Mar 2016,2.9404845918607387,4.951776052693484,7.4749588877261175,1.4328748691882194,2.0103168754605747,0.8159504786583172,3287.0,1825.0,5112.0,9.0,4.0,19169.0,ADANIENT,Adani Enterprises Ltd,13.64,11.6,Industrials,False,6.165041112273883
102,ADANIENT,Mar 2017,2.5319574083705145,5.206251881860236,6.543576683644596,1.4746745897000566,2.1089896579156724,0.7673226775325029,-686.0,1460.0,774.0,9.0,4.0,20846.0,ADANIENT,Adani Enterprises Ltd,13.64,11.6,Industrials,False,7.096423316355405
103,ADANIENT,Mar 2018,1.653490702594366,5.673087629439929,3.936642587315263,1.1688647359003248,1.9208,0.6368938923854268,-4707.0,7649.0,2942.0,7.0,6.0,17637.0,ADANIENT,Adani Enterprises Ltd,13.64,11.6,Industrials,False,9.703357412684738
104,ADANIENT,Mar 2019,1.2531266252259838,4.876297085118502,3.429113580916238,0.7619273515857956,1.5218461538461538,0.9492900131653188,5723.0,2487.0,3236.0,7.0,6.0,11243.0,ADANIENT,Adani Enterprises Ltd,13.64,11.6,Industrials,False,10.210886419083764
105,ADANIENT,Mar 2020,2.3961477317236133,5.285348939013432,6.136779370980115,0.7328140673865581,2.013994910941476,0.9259306666666667,1372.0,1082.0,2454.0,10.0,10.0,12419.0,ADANIENT,Adani Enterprises Ltd,13.64,11.6,Industrials,False,7.503220629019886
106,ADANIENT,Mar 2021,2.645623087234742,6.338366593317652,6.0959263360335685,0.9456844804475786,2.178649237472767,0.7659685762442606,-4568.0,8611.0,4043.0,8.0,12.0,16227.0,ADANIENT,Adani Enterprises Ltd,13.64,11.6,Industrials,False,7.544073663966432
107,ADANIENT,Mar 2022,1.135119562085854,5.3500432152117545,3.5404591813811384,1.8692546165251382,1.870942201108472,0.6833618805740949,-15656.0,17041.0,1385.0,7.0,14.0,41604.0,ADANIENT,Adani Enterprises Ltd,13.64,11.6,Industrials,False,10.099540818618863
108,ADANIENT,Mar 2023,1.899012074643249,6.913909361768857,7.328068742246831,1.6096335965628876,2.431846812799194,0.9027590990812441,2167.0,15459.0,17626.0,22.0,6.0,53200.0,ADANIENT,Adani Enterprises Ltd,13.64,11.6,Industrials,False,6.311931257753169
109,ADANIENT,Mar 2024,3.458790097592848,11.799296833677312,8.534650424813185,1.671358378544375,2.7492864983534577,0.6004321671876751,-8455.0,18767.0,10312.0,28.0,5.0,65310.0,ADANIENT,Adani Enterprises Ltd,13.64,11.6,Industrials,False,5.105349575186816
111,ADANIGREEN,Mar 2017,-9.362549800796813,80.2788844621514,-3.906899418121363,3.6134663341645887,1.4461077844311376,0.08149350649350649,-1483.0,1511.0,28.0,0.0,0.0,4347.0,ADANIGREEN,Adani Green Energy Ltd,14.7,96.5,Energy,False,18.606899418121362
112,ADANIGREEN,Mar 2018,-9.324324324324325,56.95945945945946,-10.290827740492169,7.355704697986577,1.6032608695652173,0.09421350818002419,-3779.0,4428.0,649.0,-1.0,0.0,9864.0,ADANIGREEN,Adani Green Energy Ltd,14.7,96.5,Energy,True,24.99082774049217
113,ADANIGREEN,Mar 2019,-23.080660835762874,74.14965986394559,-24.573202276254527,5.764097258147957,1.4264049955396967,0.14040114613180515,-1041.0,2666.0,1625.0,-3.0,0.0,11142.0,ADANIGREEN,Adani Green Energy Ltd,14.7,96.5,Energy,True,39.27320227625452
114,ADANIGREEN,Mar 2020,-2.6677128285602194,56.88505296194586,-2.8850233347475602,6.307170131523122,1.3457286432160804,0.13835214937038645,-1778.0,3743.0,1965.0,0.0,0.0,14866.0,ADANIGREEN,Adani Green Energy Ltd,14.7,96.5,Energy,True,17.58502333474756
115,ADANIGREEN,Mar 2021,5.8258642765685025,71.73495518565942,8.272727272727273,11.004090909090909,1.3476702508960574,0.10888052418792694,-7536.0,9137.0,1601.0,1.0,0.0,24209.0,ADANIGREEN,Adani Green Energy Ltd,14.7,96.5,Energy,True,6.427272727272726
120,ADANIPORTS,Mar 2013,45.820519988817445,66.59211629857423,25.633406318423525,1.817328745699093,5.029520295202952,0.17004991680532447,-3757.0,5136.0,1379.0,8.0,12.0,11620.0,ADANIPORTS,"Adani Ports & Special Economic Zone Ltd
",18.1,12.9,Industrials,False,7.533406318423523
129,ADANIPORTS,Mar 2022,28.93276476429698,55.65745662713943,11.843332297171278,1.1461944955883407,4.465408805031447,0.1741009681881051,4927.0,5493.0,10420.0,23.0,22.0,47935.0,ADANIPORTS,"Adani Ports & Special Economic Zone Ltd
",18.1,12.9,Industrials,False,6.256667702828723
130,ADANIPORTS,Mar 2023,25.85363514291195,52.498561289084975,11.8773271056864,1.1772455881380952,4.771053745239103,0.18524737258246493,-4816.0,16716.0,11900.0,25.0,20.0,53434.0,ADANIPORTS,"Adani Ports & Special Economic Zone Ltd
",18.1,12.9,Industrials,False,6.222672894313602
146,ADANIPOWER,Mar 2013,-34.294680215182304,14.34548714883443,-53.459119496855344,9.735616119263918,0.6899588960657663,0.12236688121708601,-1063.0,4064.0,3001.0,-10.0,0.0,41795.0,ADANIPOWER,Adani Power Ltd,57.1,32.2,Energy,True,110.55911949685535
147,ADANIPOWER,Mar 2014,-1.8984864300626305,29.964770354906058,-4.447501146263182,6.747669264863212,1.1364728495915426,0.2609509865676978,-1462.0,4700.0,3238.0,-1.0,0.0,44150.0,ADANIPOWER,Adani Power Ltd,57.1,32.2,Energy,True,61.54750114626319
148,ADANIPOWER,Mar 2015,-4.367606915377617,25.03880533104962,-14.253275109170305,7.815196506550218,1.2060032894736843,0.3195095256011219,1087.0,4737.0,5824.0,-3.0,0.0,44742.0,ADANIPOWER,Adani Power Ltd,57.1,32.2,Energy,True,71.35327510917031
149,ADANIPOWER,Mar 2016,2.171257437837412,34.6849509398274,7.378146759507231,7.06065881092662,1.5469424460431656,0.33481542074570547,2565.0,2692.0,5257.0,2.0,0.0,52729.0,ADANIPOWER,Adani Power Ltd,57.1,32.2,Energy,True,49.72185324049277
150,ADANIPOWER,Mar 2017,-27.299257163070394,26.44145737530951,-205.79999999999998,17.494666666666667,0.3920704845814978,0.31625903707121983,3513.0,1212.0,4725.0,-16.0,0.0,52484.0,ADANIPOWER,Adani Power Ltd,57.1,32.2,Energy,True,262.9
151,ADANIPOWER,Mar 2018,-10.35756501182033,26.773049645390074,-236.55793025871765,59.43194600674916,1.111310592459605,0.29202623403520883,4581.0,520.0,5101.0,-5.0,0.0,52835.0,ADANIPOWER,Adani Power Ltd,57.1,32.2,Energy,True,293.65793025871767
152,ADANIPOWER,Mar 2019,-4.119912912409982,20.86333947412494,-12.759336099585061,6.091804979253112,1.313593777620647,0.3513127895859381,4626.0,984.0,5610.0,-3.0,0.0,46980.0,ADANIPOWER,Adani Power Ltd,57.1,32.2,Energy,True,69.85933609958506
153,ADANIPOWER,Mar 2020,-8.595284872298626,21.66389602538915,-35.102607622280516,8.517049837987965,1.139604891815616,0.3527890703098967,3294.0,2304.0,5598.0,-6.0,0.0,55199.0,ADANIPOWER,Adani Power Ltd,57.1,32.2,Energy,True,92.20260762228051
154,ADANIPOWER,Mar 2021,4.84344609282636,33.13374775942947,9.685045374818882,4.005109433386716,2.0754014884449665,0.3327284724513362,4826.0,2188.0,7014.0,3.0,0.0,52519.0,ADANIPOWER,Adani Power Ltd,57.1,32.2,Energy,False,47.41495462518112
155,ADANIPOWER,Mar 2022,17.725812854101257,35.6573201977554,26.613209080565635,2.662675407704394,3.3672771672771673,0.33801734548248985,11007.0,774.0,10233.0,13.0,0.0,49145.0,ADANIPOWER,Adani Power Ltd,57.1,32.2,Energy,False,30.486790919434366
156,ADANIPOWER,Mar 2023,27.666159440848016,26.038738297268715,35.90507430713616,1.4175257731958764,4.2927414517096585,0.4517891891262045,9976.0,1545.0,8431.0,28.0,0.0,42350.0,ADANIPOWER,Adani Power Ltd,57.1,32.2,Energy,False,21.19492569286384
157,ADANIPOWER,Mar 2024,41.36759945184802,36.20186292228556,48.27674122146251,0.8023177656738903,8.297225501770956,0.5472399439185297,17651.0,3481.0,14170.0,54.0,0.0,34616.0,ADANIPOWER,Adani Power Ltd,57.1,32.2,Energy,False,8.823258778537493
159,AMBUJACEM,Dec 2012,13.252641296543235,25.36670427736178,14.686825053995682,0.006820506991019666,32.58974358974359,0.7897124341838802,1472.0,388.0,1860.0,8.0,43.0,60.0,AMBUJACEM,Ambuja Cements Ltd,9.24,12.8,Materials,False,5.446825053995681
161,AMBUJACEM,Dec 2014,14.937217478653944,19.427423405323957,14.766633565044687,0.0033763654419066533,35.65151515151515,0.7173223807465052,1219.0,456.0,1675.0,10.0,46.0,34.0,AMBUJACEM,Ambuja Cements Ltd,9.24,12.8,Materials,False,5.526633565044687
168,AMBUJACEM,Dec 2021,12.812014500258934,21.439668565510097,14.636743709079436,0.01881359943204228,44.26027397260274,0.6407477048999004,3302.0,2007.0,5309.0,14.0,45.0,477.0,AMBUJACEM,Ambuja Cements Ltd,9.24,12.8,Materials,False,5.396743709079436
175,APOLLOHOSP,Mar 2016,3.8211382113821135,11.121951219512196,7.052821128451381,0.8505402160864346,4.311111111111111,0.8355978260869565,-291.0,888.0,597.0,17.0,35.0,2834.0,APOLLOHOSP,"Apollo Hospitals
Chain of Indian private hospitals",13.81,17.2,Healthcare,False,6.75717887154862
176,APOLLOHOSP,Mar 2017,1.8054024255788312,10.115766262403527,3.952926976463488,0.9429692214846107,3.0894941634241246,0.8954708132790324,-529.0,1152.0,623.0,16.0,38.0,3125.0,APOLLOHOSP,"Apollo Hospitals
Chain of Indian private hospitals",13.81,17.2,Healthcare,False,9.857073023536513
177,APOLLOHOSP,Mar 2018,0.7278903311901006,9.717335921387845,1.8450184501845017,1.0538130381303814,2.7966101694915255,0.9589343880874825,132.0,405.0,537.0,8.0,59.0,3427.0,APOLLOHOSP,"Apollo Hospitals
Chain of Indian private hospitals",13.81,17.2,Healthcare,False,11.964981549815498
178,APOLLOHOSP,Mar 2019,2.0796506186960593,11.126130810023916,5.9988002399520095,1.1016796640671866,3.3516819571865444,1.0492035784420686,194.0,711.0,905.0,17.0,35.0,3673.0,APOLLOHOSP,"Apollo Hospitals
Chain of Indian private hospitals",13.81,17.2,Healthcare,False,7.811199760047991
180,APOLLOHOSP,Mar 2021,1.2973484848484849,10.795454545454545,2.976319791440365,0.9037584184227677,2.7683741648106905,0.9269662921348315,385.0,880.0,1265.0,10.0,29.0,4160.0,APOLLOHOSP,"Apollo Hospitals
Chain of Indian private hospitals",13.81,17.2,Healthcare,False,10.833680208559635
181,APOLLOHOSP,Mar 2022,7.556434563186251,14.928732183045762,19.704783923172684,0.723457229237062,6.746701846965699,1.1057235502601614,949.0,747.0,1696.0,73.0,16.0,4068.0,APOLLOHOSP,"Apollo Hospitals
Chain of Indian private hospitals",13.81,17.2,Healthcare,False,5.8947839231726835
190,ASIANPAINT,Mar 2018,12.469539375928678,19.043090638930163,24.94649227110583,0.0633769322235434,86.34146341463415,1.2224805638305603,557.0,1556.0,2113.0,21.0,41.0,533.0,ASIANPAINT,"Asian Paints
Indian Multi-National Paint and Coating Manufacturing Company",31.45,41.75,Materials,False,6.503507728894171
191,ASIANPAINT,Mar 2019,11.476091476091476,19.56860706860707,23.3132720937599,0.13937282229965156,36.71818181818182,1.1840728660225244,1552.0,918.0,2470.0,22.0,47.0,1320.0,ASIANPAINT,"Asian Paints
Indian Multi-National Paint and Coating Manufacturing Company",31.45,41.75,Materials,False,8.1367279062401
193,ASIANPAINT,Mar 2021,14.769953484087875,22.36448210749321,25.042948617835393,0.0853506168983289,56.391304347826086,1.0667157946450503,3142.0,541.0,3683.0,33.0,55.0,1093.0,ASIANPAINT,"Asian Paints
Indian Multi-National Paint and Coating Manufacturing Company",31.45,41.75,Materials,False,6.407051382164607
194,ASIANPAINT,Mar 2022,10.60101027456101,16.50802377925157,22.335650159281784,0.11490008688097307,53.68421052631579,1.2675755727850857,669.0,317.0,986.0,32.0,61.0,1587.0,ASIANPAINT,"Asian Paints
Indian Multi-National Paint and Coating Manufacturing Company",31.45,41.75,Materials,False,9.114349840718216
195,ASIANPAINT,Mar 2023,12.163298442981821,18.150714720635566,26.231865932966482,0.12087293646823412,46.46527777777778,1.3378719112455875,2911.0,1282.0,4193.0,43.0,60.0,1933.0,ASIANPAINT,"Asian Paints
Indian Multi-National Paint and Coating Manufacturing Company",31.45,41.75,Materials,False,5.2181340670335175
200,ATGL,Mar 2020,23.253333333333334,31.733333333333334,29.63970088375255,0.2909585316111489,15.585365853658537,0.7572697899838449,,,,4.0,6.0,428.0,ATGL,Adani Total Gas Ltd,20.5,21.2,Energy,False,9.13970088375255
206,BAJAJ-AUTO,Mar 2013,15.645443196004994,18.257178526841447,38.84686918784873,0.014383137011779294,4446.0,1.5840056953013764,824.0,1394.0,2218.0,108.0,42.0,116.0,BAJAJ-AUTO,Bajaj Auto Ltd,26.5,33.5,Consumer Discretionary,False,12.346869187848732
207,BAJAJ-AUTO,Mar 2014,16.785022595222724,20.673387297015445,33.24481164551982,0.0058030884233303826,4837.0,1.3154559707342566,1430.0,2072.0,3502.0,117.0,43.0,59.0,BAJAJ-AUTO,Bajaj Auto Ltd,26.5,33.5,Consumer Discretionary,False,6.7448116455198175
211,BAJAJ-AUTO,Mar 2018,16.735422451408173,19.22253074176914,20.656058751529986,0.005924112607099143,6250.0,1.0027445209021122,2374.0,1954.0,4328.0,146.0,41.0,121.0,BAJAJ-AUTO,Bajaj Auto Ltd,26.5,33.5,Consumer Discretionary,False,5.8439412484700135
212,BAJAJ-AUTO,Mar 2019,16.2329534224916,17.12234007510376,21.211208195239532,0.005380278052769767,1806.5,1.0528542692654506,2214.0,273.0,2487.0,170.0,35.0,125.0,BAJAJ-AUTO,Bajaj Auto Ltd,26.5,33.5,Consumer Discretionary,False,5.288791804760468
214,BAJAJ-AUTO,Mar 2021,17.508381096571863,17.800367686817346,17.808821911780882,0.0044366223004436624,929.7142857142857,0.8255758585798464,251.0,2869.0,3120.0,168.0,83.0,121.0,BAJAJ-AUTO,Bajaj Auto Ltd,26.5,33.5,Consumer Discretionary,False,8.691178088219118
215,BAJAJ-AUTO,Mar 2022,18.60310755770101,15.866646553024587,20.650390167118793,0.004119360996684417,881.1111111111111,0.9440061519182023,4473.0,276.0,4197.0,213.0,66.0,123.0,BAJAJ-AUTO,Bajaj Auto Ltd,26.5,33.5,Consumer Discretionary,False,5.849609832881207
216,BAJAJ-AUTO,Mar 2023,16.62323412426279,17.734192840488273,20.638921054424088,0.004223145562291397,204.2,1.037539845173042,6488.0,1211.0,5277.0,214.0,65.0,124.0,BAJAJ-AUTO,Bajaj Auto Ltd,26.5,33.5,Consumer Discretionary,False,5.861078945575912
223,AXISBANK,Mar 2017,8.259620133806294,53.450675766692115,6.525363604114934,9.355037247250799,2.0353263193909847,0.07284508276883928,19751.0,12458.0,32209.0,15.0,33.0,527437.0,AXISBANK,Axis Bank Ltd,18.4,7.06,Financials,False,11.874636395885066
224,AXISBANK,Mar 2018,0.6028833551769331,63.11708169506335,0.42985967262136526,9.522715591757908,2.632716330810614,0.06505585452953874,-48397.0,10007.0,-38390.0,1.0,0.0,611425.0,AXISBANK,Axis Bank Ltd,18.4,7.06,Financials,False,17.970140327378633
225,AXISBANK,Mar 2019,8.505801476739535,49.385298075873855,6.898026606884752,10.501106162060116,2.0674028941355673,0.06754655142338394,18451.0,18674.0,37125.0,18.0,6.0,711996.0,AXISBANK,Axis Bank Ltd,18.4,7.06,Financials,False,11.501973393115247
226,AXISBANK,Mar 2020,2.5975892073122058,55.984673106090845,1.8844104702339586,9.234850590687978,2.2559052584153956,0.06750392295489033,20931.0,9485.0,30416.0,6.0,0.0,797337.0,AXISBANK,Axis Bank Ltd,18.4,7.06,Financials,False,16.51558952976604
227,AXISBANK,Mar 2021,10.400025258106274,50.119976004799035,6.359441666505782,8.210427244821128,2.588470319634703,0.06328240118680725,-41655.0,54288.0,12633.0,22.0,0.0,850551.0,AXISBANK,Axis Bank Ltd,18.4,7.06,Financials,False,12.040558333494218
228,AXISBANK,Mar 2022,19.33152262641554,44.4691808777476,11.01377461716035,8.632964375406939,1.968793114775639,0.056345695985629454,1025.0,27112.0,28137.0,42.0,2.0,1020943.0,AXISBANK,Axis Bank Ltd,18.4,7.06,Financials,False,7.386225382839649
229,AXISBANK,Mar 2023,11.248884505189986,34.15645108261707,7.381666037401469,8.876784737365254,1.8029486464721551,0.06334636995339248,-10276.0,32351.0,22075.0,31.0,3.0,1152038.0,AXISBANK,Axis Bank Ltd,18.4,7.06,Financials,False,11.018333962598529
232,BAJAJFINSV,Mar 2013,27.48603351955307,48.80198634388579,28.377339143809277,1.6650858754165598,3.2666112956810633,0.12322166131252868,-3969.0,2953.0,-6922.0,10.0,2.0,12991.0,BAJAJFINSV,Bajaj Finserv Ltd,11.72,21.14,Financials,False,16.657339143809274
233,BAJAJFINSV,Mar 2014,36.37722065415906,74.5641706790636,23.528780068728523,2.0948238831615122,2.87708066581306,0.08097280292539961,-6043.0,3764.0,-9807.0,10.0,2.0,19507.0,BAJAJFINSV,Bajaj Finserv Ltd,11.72,21.14,Financials,False,11.808780068728522
234,BAJAJFINSV,Mar 2015,21.25275694750772,48.619320688134096,21.724231220128054,2.372801875732708,2.4748878923766817,0.12847395384685134,-7022.0,3709.0,-10731.0,11.0,2.0,26312.0,BAJAJFINSV,Bajaj Finserv Ltd,11.72,21.14,Financials,False,10.004231220128053
235,BAJAJFINSV,Mar 2016,13.514829786197827,32.82033799249987,20.405912199426428,2.651812633281859,2.3423705248522766,0.19752575732797184,-10681.0,886.0,-9795.0,12.0,1.0,36062.0,BAJAJFINSV,Bajaj Finserv Ltd,11.72,21.14,Financials,False,8.685912199426427
236,BAJAJFINSV,Mar 2017,14.077610478638755,35.553107275472314,21.360906445421335,2.989412420283574,2.344725511302476,0.19054690780163902,-10771.0,151.0,-10922.0,14.0,1.0,48282.0,BAJAJFINSV,Bajaj Finserv Ltd,11.72,21.14,Financials,False,9.640906445421335
237,BAJAJFINSV,Mar 2018,12.707686689793682,32.82819061530034,20.387638529512277,3.2072938534394377,2.3811520635621277,0.20346223856755452,-20502.0,922.0,-19580.0,17.0,1.0,65695.0,BAJAJFINSV,Bajaj Finserv Ltd,11.72,21.14,Financials,False,8.667638529512276
238,BAJAJFINSV,Mar 2019,12.61354301138364,35.29397957986152,22.636899747262003,4.201937657961246,2.259125732311852,0.20441111558907632,-33979.0,6903.0,-27076.0,20.0,1.0,99754.0,BAJAJFINSV,Bajaj Finserv Ltd,11.72,21.14,Financials,False,10.916899747262002
239,BAJAJFINSV,Mar 2020,11.028315946348734,33.59275818292212,19.148936170212767,4.0640214682767875,1.9218947368421053,0.21627590488014517,-33317.0,9948.0,-23369.0,21.0,2.0,127212.0,BAJAJFINSV,Bajaj Finserv Ltd,11.72,21.14,Financials,False,7.428936170212767
240,BAJAJFINSV,Mar 2021,12.158370742012146,32.415170319514125,20.56098241696902,3.585291655037678,2.1171015742937245,0.21651985920777572,863.0,3684.0,4547.0,28.0,1.0,128461.0,BAJAJFINSV,Bajaj Finserv Ltd,11.72,21.14,Financials,False,8.840982416969018
241,BAJAJFINSV,Mar 2022,12.153904628248984,31.364207818027655,20.657440306109773,4.004745695331329,2.2289957420292867,0.20516896461745643,-32225.0,1445.0,-33670.0,29.0,1.0,161179.0,BAJAJFINSV,Bajaj Finserv Ltd,11.72,21.14,Financials,False,8.937440306109773
242,BAJAJFINSV,Mar 2023,14.877181011794521,36.39243590993274,26.310685887904846,4.573986683043507,2.4126817447495963,0.2024464665849369,-53425.0,13945.0,-39480.0,40.0,2.0,212265.0,BAJAJFINSV,Bajaj Finserv Ltd,11.72,21.14,Financials,False,14.590685887904845
243,BAJAJFINSV,Mar 2024,14.128209309488865,37.04045949520755,25.850351412279537,4.789368120938867,2.197130112323319,0.2053943414307379,-79634.0,10960.0,-68674.0,51.0,2.0,288933.0,BAJAJFINSV,Bajaj Finserv Ltd,11.72,21.14,Financials,False,14.130351412279536
254,BAJAJHLDNG,Mar 2022,852.4793388429752,75.82644628099173,9.630736193455022,0.0026609401988702676,1421.0,0.009031872807344929,1459.0,151.0,1610.0,364.0,32.0,114.0,BAJAJHLDNG,Bajaj Holdings & Investment Ltd,14.8,13.1,Financials,False,5.169263806544979
261,BAJFINANCE,Mar 2018,19.58261415345991,32.28463831790366,15.749621403331652,4.1997097425542655,414.6,0.15031014882426472,-19491.0,1075.0,-20566.0,43.0,9.0,66557.0,BAJFINANCE,Bajaj Finance Ltd,22.1,11.9,Financials,False,6.3503785966683495
263,BAJFINANCE,Mar 2020,19.959050580116784,34.72738302874043,16.283098243009157,4.015280871071517,1020.8888888888889,0.1604345736688748,-33170.0,8758.0,-24412.0,87.0,11.0,129806.0,BAJFINANCE,Bajaj Finance Ltd,22.1,11.9,Financials,False,5.816901756990845
264,BAJFINANCE,Mar 2021,16.5710643722116,40.63659880778315,11.972479549271359,3.5655777669429547,3621.0,0.15555490756400536,-1236.0,429.0,-807.0,73.0,14.0,131634.0,BAJFINANCE,Bajaj Finance Ltd,22.1,11.9,Financials,False,10.127520450728642
265,BAJFINANCE,Mar 2022,22.211687367655887,37.546221674409786,16.07759705350811,3.779928167821929,-700.6470588235294,0.14889461944603918,-30743.0,6347.0,-37090.0,116.0,17.0,165232.0,BAJFINANCE,Bajaj Finance Ltd,22.1,11.9,Financials,False,6.022402946491891
271,BANKBARODA,Mar 2015,8.794389402204164,29.981075364577535,9.400733019182256,15.838045599504975,2.4716461736098365,0.06119493273530382,17282.0,556.0,17838.0,18.0,18.0,665483.0,BANKBARODA,Bank of Baroda,16.7,6.33,Financials,False,7.299266980817743
272,BANKBARODA,Mar 2016,-10.98932291098059,55.440075110810284,-11.841517069383338,14.599816483542337,4.233144192256342,0.06626271570214692,-14016.0,4005.0,-10011.0,-22.0,0.0,620536.0,BANKBARODA,Bank of Baroda,16.7,6.33,Financials,False,28.54151706938334
273,BANKBARODA,Mar 2017,4.171070087468801,43.28468958694039,4.307242204007709,15.057909768500243,2.4240897064382008,0.06183538742185936,17314.0,551.0,17865.0,8.0,15.0,648499.0,BANKBARODA,Bank of Baroda,16.7,6.33,Financials,False,12.39275779599229
274,BANKBARODA,Mar 2018,-3.986451276706618,56.654941809970474,-3.9427908774642444,14.437808701627796,3.2623873873873874,0.061588989510508216,-60106.0,414.0,-59692.0,-7.0,0.0,672311.0,BANKBARODA,Bank of Baroda,16.7,6.33,Financials,False,20.642790877464243
275,BANKBARODA,Mar 2019,2.203908819415567,48.79408762711223,2.1201541930322207,13.354716706669576,3.271839736274883,0.06454548781826833,-3986.0,2537.0,-1449.0,4.0,0.0,734456.0,BANKBARODA,Bank of Baroda,16.7,6.33,Financials,False,14.579845806967779
276,BANKBARODA,Mar 2020,1.2434248051207302,51.439254705621394,1.2890255439924314,14.046318196152633,3.327700762857846,0.06574939475888278,18392.0,139.0,18531.0,2.0,0.0,1068981.0,BANKBARODA,Bank of Baroda,16.7,6.33,Financials,False,15.410974456007567
277,BANKBARODA,Mar 2021,2.1799391770056786,51.22857065963344,1.9662580410243962,12.95270057045758,2.591475454483557,0.061791002829544674,-1358.0,471.0,-887.0,3.0,0.0,1067173.0,BANKBARODA,Bank of Baroda,16.7,6.33,Financials,False,14.733741958975603
278,BANKBARODA,Mar 2022,10.810111058118144,51.12488928255093,8.635121749447583,12.902404510770772,2.6060437651962487,0.05475998062861488,2565.0,3645.0,6210.0,15.0,19.0,1185331.0,BANKBARODA,Bank of Baroda,16.7,6.33,Financials,False,8.064878250552416
282,BHARTIARTL,Mar 2013,2.9461837368578374,29.838720158030853,4.50498787806526,1.326179404634156,5.337242752821421,0.48709881623092993,3932.0,18676.0,22608.0,4.0,17.0,66736.0,BHARTIARTL,Bharti Airtel Ltd,14.9,13.1,Communication Services,False,10.395012121934741
283,BHARTIARTL,Mar 2014,3.516025342401938,30.87673530233858,5.05221233014258,1.2700984001606532,4.999659806089471,0.47310074273246205,1052.0,25181.0,26233.0,5.0,26.0,75896.0,BHARTIARTL,Bharti Airtel Ltd,14.9,13.1,Communication Services,False,9.847787669857421
286,BHARTIARTL,Mar 2017,4.442326224494071,37.00716470440357,6.286967994426079,1.5904650369865247,3.880067036765476,0.41092965797470754,-2400.0,30680.0,28280.0,7.0,11.0,107288.0,BHARTIARTL,Bharti Airtel Ltd,14.9,13.1,Communication Services,False,8.61303200557392
287,BHARTIARTL,Mar 2018,2.6428199760403683,36.398068708479045,3.1408643129359315,1.60112173725462,3.413574951747802,0.33119056111509654,1914.0,27940.0,29854.0,2.0,194.0,111334.0,BHARTIARTL,Bharti Airtel Ltd,14.9,13.1,Communication Services,False,11.759135687064068
288,BHARTIARTL,Mar 2019,2.0896261450854174,31.894033176528847,2.3633843439788302,1.7561289780602887,2.8467331952551307,0.29478954551757863,-8216.0,28286.0,20070.0,1.0,244.0,125428.0,BHARTIARTL,Bharti Airtel Ltd,14.9,13.1,Communication Services,False,12.53661565602117
289,BHARTIARTL,Mar 2020,-35.02895852134477,41.821359622568224,-39.748525503921186,1.9214207012768163,-0.08326186392224127,0.2437794319545742,-11469.0,29598.0,18129.0,-55.0,-3.0,148228.0,BHARTIARTL,Bharti Airtel Ltd,14.9,13.1,Communication Services,False,54.648525503921185
290,BHARTIARTL,Mar 2021,-12.28830404707005,45.00178897988392,-20.972639221074417,2.7612674503417978,2.7210920416142073,0.2921342442446221,20919.0,27286.0,48205.0,-26.0,0.0,162785.0,BHARTIARTL,Bharti Airtel Ltd,14.9,13.1,Communication Services,False,35.872639221074415
295,BEL,Mar 2013,14.522556990275785,10.664753706360592,15183.333333333334,4.0,184.42857142857142,139.4,214.0,1753.0,-1539.0,1.0,20.0,24.0,BEL,Bharat Electronics Ltd,26.3,34.6,Industrials,False,15157.033333333335
296,BEL,Mar 2014,14.605707272169377,14.191469776004908,13600.0,3.0,194.71428571428572,141.69565217391303,190.0,759.0,-569.0,1.0,20.0,21.0,BEL,Bharat Electronics Ltd,26.3,34.6,Industrials,False,13573.7
297,BEL,Mar 2015,16.875793035387,16.622021711546594,17100.0,3.7142857142857144,240.85714285714286,144.75510204081633,595.0,839.0,1434.0,2.0,20.0,26.0,BEL,Bharat Electronics Ltd,26.3,34.6,Industrials,False,17073.7
298,BEL,Mar 2016,18.18058199619255,18.94207234158281,11141.666666666668,2.0833333333333335,196.6,141.42307692307693,790.0,1470.0,2260.0,2.0,31.0,25.0,BEL,Bharat Electronics Ltd,26.3,34.6,Industrials,False,11115.366666666669
299,BEL,Mar 2017,17.594731977818853,20.70240295748614,10153.333333333334,1.9333333333333333,122.88888888888889,112.41558441558442,3054.0,3115.0,-61.0,2.0,33.0,29.0,BEL,Bharat Electronics Ltd,26.3,34.6,Industrials,False,10127.033333333335
300,BEL,Mar 2018,13.758292471877704,19.603884241899816,4616.129032258064,1.5483870967741935,372.5,85.95867768595042,-693.0,6.0,-687.0,2.0,34.0,48.0,BEL,Bharat Electronics Ltd,26.3,34.6,Industrials,False,4589.829032258064
301,BEL,Mar 2019,15.512989148306477,23.914830647813222,3851.020408163265,0.9591836734693877,186.375,96.53968253968254,618.0,896.0,1514.0,3.0,44.0,47.0,BEL,Bharat Electronics Ltd,26.3,34.6,Industrials,False,3824.720408163265
302,BEL,Mar 2020,14.073103022825418,21.275447254781,3318.181818181818,0.8,357.25,106.29508196721312,1921.0,649.0,2570.0,3.0,37.0,44.0,BEL,Bharat Electronics Ltd,26.3,34.6,Industrials,False,3291.881818181818
303,BEL,Mar 2021,14.88411652136934,22.779785952229073,3559.322033898305,0.8305084745762712,333.9,92.82236842105263,2498.0,2595.0,5093.0,3.0,46.0,49.0,BEL,Bharat Electronics Ltd,26.3,34.6,Industrials,False,3533.022033898305
304,BEL,Mar 2022,15.616866215512754,21.759500260281104,3478.260869565217,0.8405797101449275,397.3333333333333,94.28220858895706,-665.0,4872.0,4207.0,3.0,46.0,58.0,BEL,Bharat Electronics Ltd,26.3,34.6,Industrials,False,3451.960869565217
305,BEL,Mar 2023,16.837712867937295,23.063042742754032,3981.333333333333,0.52,230.05263157894737,123.15277777777777,3907.0,2708.0,1199.0,4.0,44.0,39.0,BEL,Bharat Electronics Ltd,26.3,34.6,Industrials,False,3955.033333333333
306,BEL,Mar 2024,19.661535425300965,24.921057825143084,4744.047619047619,0.5119047619047619,476.75,125.88819875776397,-1265.0,5924.0,4659.0,5.0,40.0,43.0,BEL,Bharat Electronics Ltd,26.3,34.6,Industrials,False,4717.747619047619
308,BHEL,Mar 2013,13.686276915526655,19.39144837740016,21.90906412648532,0.08831712985695113,82.9296875,0.6809295719735999,646.0,1113.0,1759.0,18.0,20.0,2698.0,BHEL,"Bharat Heavy Electricals Limited
",1.05,3.28,Industrials,False,20.85906412648532
309,BHEL,Mar 2014,8.852152372285838,11.574530471929426,10.557414609146544,0.14147900274336017,46.58646616541353,0.5251622837875509,3644.0,868.0,4512.0,10.0,20.0,4693.0,BHEL,"Bharat Heavy Electricals Limited
",1.05,3.28,Industrials,False,9.507414609146544
315,BHEL,Mar 2020,-6.839677584680613,-0.6196710618273308,-5.12212142358688,0.17725052337752967,0.7455138662316476,0.35599011461080426,-1015.0,1877.0,-2892.0,-4.0,0.0,5080.0,BHEL,"Bharat Heavy Electricals Limited
",1.05,3.28,Industrials,False,6.17212142358688
316,BHEL,Mar 2021,-15.59882142238142,-17.615113524755905,-10.391409767925182,0.1905476657814725,-5.687366167023555,0.30931022158684773,518.0,42.0,560.0,-8.0,0.0,4951.0,BHEL,"Bharat Heavy Electricals Limited
",1.05,3.28,Industrials,False,11.441409767925183
328,BOSCHLTD,Mar 2020,6.604348709611868,15.068075594391384,7.011866235167206,0.007982740021574973,137.8,0.7388888888888889,463.0,873.0,1336.0,220.0,48.0,74.0,BOSCHLTD,Bosch Ltd,16.0,20.6,Consumer Discretionary,False,8.988133764832794
329,BOSCHLTD,Mar 2021,4.959868285655484,11.967483021197777,4.9068512674335745,0.005497302249821846,65.85714285714286,0.6577771761202111,372.0,463.0,835.0,164.0,70.0,54.0,BOSCHLTD,Bosch Ltd,16.0,20.6,Consumer Discretionary,False,11.093148732566426
334,BPCL,Mar 2013,0.7994021000821699,2.770242091658718,11.540983606557377,1.9765722801788375,3.256949960285941,3.0414050334053346,2322.0,3604.0,5926.0,4.0,42.0,33157.0,BPCL,Bharat Petroleum Corporation Ltd,41.9,32.1,Energy,False,30.359016393442623
335,BPCL,Mar 2014,1.5327829484042492,3.5602316003645704,20.848765432098766,1.705349794238683,5.4278506559031285,2.9891589418946416,2707.0,6881.0,9588.0,9.0,31.0,33152.0,BPCL,Bharat Petroleum Corporation Ltd,41.9,32.1,Energy,False,21.051234567901233
336,BPCL,Mar 2015,2.0948235352311233,4.031360522345609,22.524598883077743,1.1298643737257335,10.082203389830509,2.81038437478279,10206.0,10536.0,20742.0,11.0,34.0,25492.0,BPCL,Bharat Petroleum Corporation Ltd,41.9,32.1,Energy,False,19.375401116922255
337,BPCL,Mar 2016,4.306897745121529,6.906264142906584,29.103403612290425,0.8414765776786357,21.888235294117646,2.173231353127676,1886.0,9233.0,11119.0,19.0,25.0,23388.0,BPCL,Bharat Petroleum Corporation Ltd,41.9,32.1,Energy,False,12.796596387709574
338,BPCL,Mar 2017,4.723951682227666,6.84866162155716,30.847853596807163,1.1591875141957884,23.71264367816092,1.844883853106723,-6233.0,15274.0,9041.0,20.0,49.0,35725.0,BPCL,Bharat Petroleum Corporation Ltd,41.9,32.1,Energy,False,11.052146403192836
339,BPCL,Mar 2018,4.150999385319739,6.493143135717163,26.740216827330077,1.0284005570878505,15.382799325463743,1.9599770680315065,4002.0,7066.0,11068.0,21.0,46.0,37659.0,BPCL,Bharat Petroleum Corporation Ltd,41.9,32.1,Energy,False,15.159783172669922
340,BPCL,Mar 2019,2.859576294488073,5.067297955241997,21.999226106023475,1.1566877337804722,10.253401360544217,2.1780085593678336,-294.0,10451.0,10157.0,18.0,48.0,44839.0,BPCL,Bharat Petroleum Corporation Ltd,41.9,32.1,Energy,False,19.900773893976524
341,BPCL,Mar 2020,1.2882504251999494,3.1538591287969298,10.035037775101282,1.792291689477718,3.931740614334471,1.8863316982632905,-3254.0,11135.0,7881.0,7.0,106.0,65476.0,BPCL,Bharat Petroleum Corporation Ltd,41.9,32.1,Energy,False,31.86496222489872
342,BPCL,Mar 2021,7.524840227483046,9.124086005621908,32.340584445896745,1.0182429278312015,16.535113174695297,1.4298289207220862,20981.0,2474.0,23455.0,37.0,102.0,54532.0,BPCL,Bharat Petroleum Corporation Ltd,41.9,32.1,Energy,False,9.559415554103253
343,BPCL,Mar 2022,3.3685995311297003,5.518309298684223,22.50650226375108,1.243309893073885,9.23867996930161,1.849265980195063,12198.0,8138.0,20336.0,27.0,29.0,64534.0,BPCL,Bharat Petroleum Corporation Ltd,41.9,32.1,Energy,False,19.393497736248918
344,BPCL,Mar 2023,0.45035049568141133,2.3033177158290488,3.9815403011845594,1.2962146407084938,3.4539385847797064,2.5154936765386027,4660.0,7806.0,12466.0,5.0,40.0,69376.0,BPCL,Bharat Petroleum Corporation Ltd,41.9,32.1,Energy,False,37.91845969881544
345,BPCL,Mar 2024,5.994201967046283,9.837909494446341,35.511337343822305,0.7218747934157467,11.355507351168956,2.213651947949293,25415.0,10521.0,35936.0,62.0,33.0,54599.0,BPCL,Bharat Petroleum Corporation Ltd,41.9,32.1,Energy,False,6.388662656177694
347,BRITANNIA,Mar 2013,4.203718674211803,6.806790622473727,46.59498207885305,0.6810035842293907,11.536585365853659,3.2846521508231548,348.0,28.0,320.0,11.0,39.0,380.0,BRITANNIA,Britannia Industries Ltd,57.1,48.9,Consumer Staples,False,10.505017921146951
348,BRITANNIA,Mar 2014,5.713872414291914,9.069868363951974,49.49874686716792,0.18796992481203006,82.625,3.280968201233982,425.0,246.0,671.0,16.0,36.0,150.0,BRITANNIA,Britannia Industries Ltd,57.1,48.9,Consumer Staples,False,7.601253132832085
350,BRITANNIA,Mar 2016,9.824937477670597,14.576634512325832,39.4359464627151,0.06261950286806883,267.8,2.403262736119061,254.0,705.0,959.0,34.0,29.0,131.0,BRITANNIA,Britannia Industries Ltd,57.1,48.9,Consumer Staples,False,17.6640535372849
351,BRITANNIA,Mar 2017,9.774685222001326,14.115308151093439,32.826409495548965,0.046364985163204746,285.8,2.2034558286687758,291.0,150.0,441.0,37.0,30.0,125.0,BRITANNIA,Britannia Industries Ltd,57.1,48.9,Consumer Staples,False,24.273590504451036
352,BRITANNIA,Mar 2018,10.127092999798265,15.14020576961872,29.47739283617146,0.05901350557839107,208.375,1.9109483423284503,292.0,957.0,1249.0,42.0,30.0,201.0,BRITANNIA,Britannia Industries Ltd,57.1,48.9,Consumer Staples,False,27.62260716382854
353,BRITANNIA,Mar 2019,10.44776119402985,15.66711895070104,27.157300728897248,0.03667999059487421,215.33333333333334,1.7722026290477717,304.0,852.0,1156.0,48.0,31.0,156.0,BRITANNIA,Britannia Industries Ltd,57.1,48.9,Consumer Staples,False,29.942699271102754
354,BRITANNIA,Mar 2020,12.017241379310345,15.887931034482758,31.66023166023166,0.3493072904837611,27.350649350649352,1.4814814814814814,-41.0,1526.0,1485.0,58.0,60.0,1538.0,BRITANNIA,Britannia Industries Ltd,57.1,48.9,Consumer Staples,False,25.439768339768342
357,BRITANNIA,Mar 2023,14.207717317955954,17.36703269738053,65.53480475382003,0.8480475382003395,20.284023668639055,1.743236017538231,1019.0,1507.0,2526.0,96.0,75.0,2997.0,BRITANNIA,Britannia Industries Ltd,57.1,48.9,Consumer Staples,False,8.434804753820025
360,CANBK,Mar 2013,8.790724977986498,21.182858820076316,11.896250397203687,14.936447410231967,2.1822853688029022,0.08124982114069311,7575.0,435.0,8010.0,12.0,19.0,376040.0,CANBK,Canara Bank,17.9,6.63,Financials,False,6.0037496027963115
361,CANBK,Mar 2014,6.7525903462218855,24.351781652767247,8.854718981972429,14.843352332979851,2.3248069498069497,0.07896785008681076,13864.0,380.0,14244.0,10.0,19.0,447913.0,CANBK,Canara Bank,17.9,6.63,Financials,False,9.04528101802757
362,CANBK,Mar 2015,6.689795266245178,23.513569032022456,9.020682014034225,15.37264557429521,2.1764208747094864,0.07843948166528812,5240.0,1104.0,6344.0,11.0,17.0,499488.0,CANBK,Canara Bank,17.9,6.63,Financials,False,8.879317985965773
363,CANBK,Mar 2016,-5.756261495492632,40.38465905220373,-7.821659981487196,15.634433816723234,3.3739080896315987,0.07812142445341257,8903.0,443.0,9346.0,-9.0,0.0,506712.0,CANBK,Canara Bank,17.9,6.63,Financials,False,25.721659981487193
364,CANBK,Mar 2017,3.403526545577345,37.84885544057698,4.06804093988756,15.420441112873,1.9965613856342332,0.06954017300753658,2099.0,476.0,2575.0,5.0,4.0,534858.0,CANBK,Canara Bank,17.9,6.63,Financials,False,13.831959060112439
365,CANBK,Mar 2018,-9.367517233039061,61.874470915467406,-10.496788356776973,15.279182589370409,3.4536361178696944,0.06547784015773594,-11607.0,487.0,-11120.0,-11.0,0.0,563756.0,CANBK,Canara Bank,17.9,6.63,Financials,False,28.396788356776973
366,CANBK,Mar 2019,1.4514817209234425,56.72874392609122,1.8466926689484995,16.98548648146674,2.7433128091248613,0.06736744204343177,17492.0,745.0,18237.0,2.0,0.0,640166.0,CANBK,Canara Bank,17.9,6.63,Financials,False,16.0533073310515
367,CANBK,Mar 2020,-3.8606081311923472,53.87769046805603,-4.661942435567636,16.215356986846576,2.2699381303500297,0.0671112969356927,-5734.0,445.0,-5289.0,-4.0,0.0,668170.0,CANBK,Canara Bank,17.9,6.63,Financials,False,22.561942435567634
368,CANBK,Mar 2021,4.2090729221527905,61.82938806883692,4.73802275276398,17.000448646050312,1.8804037078749025,0.05955965885006019,58002.0,1116.0,59118.0,4.0,0.0,1060998.0,CANBK,Canara Bank,17.9,6.63,Financials,False,13.161977247236019
369,CANBK,Mar 2022,8.720650295975302,58.39493584841533,8.802046854676176,16.18939123225797,1.7432643911517152,0.056096772374083344,-510.0,1429.0,919.0,7.0,19.0,1132626.0,CANBK,Canara Bank,17.9,6.63,Financials,False,9.097953145323823
380,CHOLAFIN,Mar 2020,12.098255280073463,27.789256198347108,12.853658536585366,6.707926829268293,,0.13600174841549845,-2129.0,54.0,-2075.0,13.0,13.0,55005.0,CHOLAFIN,Cholamandalam Investment & Finance Company Ltd,20.2,10.4,Financials,False,7.346341463414634
388,CIPLA,Mar 2015,10.832966064345527,80.94314676068753,11.377522680985003,0.15765598963154973,56.109756097560975,0.7239948947032546,223.0,950.0,1173.0,15.0,14.0,1703.0,CIPLA,"Cipla Ltd
",16.8,22.8,Healthcare,False,5.422477319014998
390,CIPLA,Mar 2017,7.190496040016674,82.65944143393081,8.250956632653061,0.3278858418367347,57.28365384615385,0.6897311802194642,1078.0,1304.0,2382.0,13.0,16.0,4113.0,CIPLA,"Cipla Ltd
",16.8,22.8,Healthcare,False,8.54904336734694
391,CIPLA,Mar 2018,9.349432567959884,81.3473211929269,9.958535385480358,0.2880033733923677,44.1,0.668460283156177,629.0,834.0,1463.0,18.0,17.0,4098.0,CIPLA,"Cipla Ltd
",16.8,22.8,Healthcare,False,6.8414646145196425
392,CIPLA,Mar 2019,9.118689646742451,81.07199608849774,9.938715694111377,0.2875033306687983,27.849056603773583,0.6885784024913728,3.0,1688.0,1691.0,19.0,16.0,4316.0,CIPLA,"Cipla Ltd
",16.8,22.8,Healthcare,False,6.861284305888624
393,CIPLA,Mar 2020,8.755545178613122,81.28648143824422,9.515955084692001,0.17864619678995114,40.53779069767442,0.731417837168595,3182.0,114.0,3068.0,19.0,21.0,2816.0,CIPLA,"Cipla Ltd
",16.8,22.8,Healthcare,False,7.284044915308
399,COALINDIA,Mar 2013,25.41030408620412,73.51946473800565,35.80623865324311,0.026922759531275788,5.740630712979891,0.6154365983979528,7276.0,1833.0,9109.0,27.0,51.0,1305.0,COALINDIA,Coal India Ltd,52.0,63.6,Materials,False,16.193761346756887
400,COALINDIA,Mar 2014,21.402673917969636,74.83854520734195,35.63814734459013,0.0041977171964908975,7.374389733575115,0.6728544473879815,23105.0,8580.0,14525.0,24.0,121.0,178.0,COALINDIA,Coal India Ltd,52.0,63.6,Materials,False,16.36185265540987
401,COALINDIA,Mar 2015,18.519967620075555,76.60145709660011,34.01729735087849,0.010110772433276337,8.645357686453577,0.6661453980065968,15276.0,894.0,14382.0,22.0,95.0,408.0,COALINDIA,Coal India Ltd,52.0,63.6,Materials,False,17.982702649121507
402,COALINDIA,Mar 2016,18.323679377351947,75.96486045645446,40.95828668216921,0.034421382022794475,9.963125105236571,0.6856375484325467,21308.0,8154.0,13154.0,23.0,121.0,1199.0,COALINDIA,Coal India Ltd,52.0,63.6,Materials,False,11.04171331783079
403,COALINDIA,Mar 2017,11.872473261347935,84.0745100046057,37.84974304592544,0.12293009217717596,12.364936042136945,0.6591278976616324,16916.0,455.0,16461.0,15.0,133.0,3014.0,COALINDIA,Coal India Ltd,52.0,63.6,Materials,False,14.150256954074557
404,COALINDIA,Mar 2018,8.25629956360565,89.10421847871991,34.87957181088314,0.07622162751511548,15.269748743718592,0.6793920507527635,13368.0,7747.0,21115.0,11.0,146.0,1538.0,COALINDIA,Coal India Ltd,52.0,63.6,Materials,False,17.120428189116858
405,COALINDIA,Mar 2019,17.536601530335588,74.88904062820076,66.01398601398601,0.08353808353808354,12.787795680493657,0.7486487096022433,8460.0,7896.0,16356.0,28.0,46.0,2210.0,COALINDIA,Coal India Ltd,52.0,63.6,Materials,False,14.013986013986013
407,COALINDIA,Mar 2021,14.109257325661476,79.3081998533757,34.78284681526918,0.16112602004490936,19.085783003741316,0.5589906302972351,10774.0,182.0,10592.0,21.0,78.0,5884.0,COALINDIA,Coal India Ltd,52.0,63.6,Materials,False,17.21715318473082
408,COALINDIA,Mar 2022,15.839219796746114,77.46889668687052,40.27999907285075,0.08145006142363767,21.99120538023797,0.6114436344992086,15392.0,25715.0,41107.0,28.0,60.0,3514.0,COALINDIA,Coal India Ltd,52.0,63.6,Materials,False,11.72000092714925
410,COALINDIA,Mar 2024,26.25628846856468,66.29380849329698,45.16982956605826,0.0788468512027076,11.24178180085755,0.6018691588785047,13617.0,4486.0,18103.0,61.0,42.0,6523.0,COALINDIA,Coal India Ltd,52.0,63.6,Materials,False,6.830170433941738
412,DABUR,Mar 2013,12.47557003257329,16.156351791530945,36.563245823389025,0.5494033412887828,18.508474576271187,1.3038861754087916,248.0,622.0,870.0,4.0,34.0,1151.0,DABUR,Dabur India Ltd,19.2,22.3,Consumer Staples,False,17.363245823389025
413,DABUR,Mar 2014,12.978180787758573,16.463587418532164,34.48795180722892,0.26656626506024095,23.85185185185185,1.3286897590361446,994.0,104.0,1098.0,5.0,33.0,708.0,DABUR,Dabur India Ltd,19.2,22.3,Consumer Staples,False,15.287951807228918
414,DABUR,Mar 2015,13.701090442591404,16.93393200769724,31.84257602862254,0.21884317233154443,36.85,1.2766131673763512,171.0,876.0,1047.0,6.0,33.0,734.0,DABUR,Dabur India Ltd,19.2,22.3,Consumer Staples,False,12.642576028622539
415,DABUR,Mar 2016,16.118251928020566,19.511568123393317,30.064732678014867,0.19299928074802206,36.145833333333336,1.122331217541835,457.0,730.0,1187.0,7.0,32.0,805.0,DABUR,Dabur India Ltd,19.2,22.3,Consumer Staples,False,10.864732678014867
416,DABUR,Mar 2017,16.811137378513266,19.858156028368796,26.408087476789767,0.20115535382710956,33.48148148148148,0.9847387480600104,420.0,807.0,1227.0,7.0,31.0,975.0,DABUR,Dabur India Ltd,19.2,22.3,Consumer Staples,False,7.208087476789768
418,DABUR,Mar 2019,16.981796829125074,20.434527304756312,25.67471590909091,0.12411221590909091,32.7,1.0092449922958397,1837.0,338.0,1499.0,8.0,34.0,699.0,DABUR,Dabur India Ltd,19.2,22.3,Consumer Staples,False,6.474715909090911
425,DIVISLAB,Mar 2013,28.065268065268068,38.04195804195804,24.070371851259495,0.013194722111155539,287.0,0.6833386428798981,225.0,255.0,480.0,23.0,33.0,33.0,DIVISLAB,Divis Laboratories Ltd,12.2,16.5,Healthcare,False,11.870371851259495
426,DIVISLAB,Mar 2014,30.529225908372826,40.20537124802528,26.07962213225371,0.006072874493927126,362.0,0.6824797843665769,252.0,305.0,557.0,29.0,34.0,18.0,DIVISLAB,Divis Laboratories Ltd,12.2,16.5,Healthcare,False,13.879622132253711
427,DIVISLAB,Mar 2015,27.351524879614768,37.65650080256822,24.37070938215103,0.007723112128146453,403.6666666666667,0.7071509648127128,305.0,521.0,826.0,32.0,31.0,27.0,DIVISLAB,Divis Laboratories Ltd,12.2,16.5,Healthcare,False,12.170709382151031
428,DIVISLAB,Mar 2016,29.81991525423729,37.6853813559322,26.22874446773818,0.009783368273934312,303.2,0.7709269089424254,632.0,406.0,1038.0,42.0,24.0,42.0,DIVISLAB,Divis Laboratories Ltd,12.2,16.5,Healthcare,False,14.028744467738182
429,DIVISLAB,Mar 2017,26.08267716535433,35.67913385826771,19.787194325182007,0.006720179204778794,507.3333333333333,0.6602761982128351,10.0,1140.0,1150.0,40.0,25.0,36.0,DIVISLAB,Divis Laboratories Ltd,12.2,16.5,Healthcare,False,7.587194325182008
431,DIVISLAB,Mar 2019,27.355438738374442,37.88920339668419,19.448037947391118,0.015236452493891045,405.6,0.6154803384768541,269.0,685.0,954.0,51.0,31.0,106.0,DIVISLAB,Divis Laboratories Ltd,12.2,16.5,Healthcare,False,7.2480379473911185
432,DIVISLAB,Mar 2020,25.528364849833146,33.852428624397476,18.83720930232558,0.00533515731874145,287.42857142857144,0.6322822646817489,1133.0,83.0,1216.0,52.0,31.0,39.0,DIVISLAB,Divis Laboratories Ltd,12.2,16.5,Healthcare,False,6.63720930232558
433,DIVISLAB,Mar 2021,28.46893384990673,41.13933132443679,21.34480903711673,0.0005379236148466917,1462.0,0.6470151332281125,2022.0,75.0,1947.0,75.0,27.0,5.0,DIVISLAB,Divis Laboratories Ltd,12.2,16.5,Healthcare,False,9.14480903711673
434,DIVISLAB,Mar 2022,33.035714285714285,43.359375,25.2387448840382,0.00034106412005457026,1998.5,0.6706586826347305,-283.0,2195.0,1912.0,112.0,27.0,4.0,DIVISLAB,Divis Laboratories Ltd,12.2,16.5,Healthcare,False,13.038744884038202
440,DLF,Mar 2015,6.628317427114655,39.40384363969146,1.8524608133289489,0.8949906828894004,1.5264756944444444,0.11543569466662643,2135.0,98.0,2037.0,3.0,66.0,24495.0,DLF,DLF Ltd,6.95,5.74,Real Estate,False,5.097539186671051
441,DLF,Mar 2016,3.07273826314729,39.955671972597216,1.2671901616186798,1.049648926004404,1.6686567164179105,0.1607996241636832,2139.0,818.0,2957.0,2.0,117.0,25264.0,DLF,DLF Ltd,6.95,5.74,Real Estate,False,5.682809838381321
443,DLF,Mar 2018,66.75115550916952,35.455494259728646,12.678768655659708,0.49534139503270935,4.1003049813622505,0.11070396962944623,-1832.0,2102.0,270.0,25.0,8.0,17491.0,DLF,DLF Ltd,6.95,5.74,Real Estate,False,5.7287686556597075
445,DLF,Mar 2020,-9.699161597895776,18.839388459641622,-1.7127761488663744,0.23523093447905477,1.598458304134548,0.10883879048130256,6864.0,6508.0,356.0,-2.0,-85.0,8103.0,DLF,DLF Ltd,6.95,5.74,Real Estate,False,8.662776148866374
454,DMART,Mar 2016,3.727865796831314,7.735321528424977,21.038790269559502,0.7836949375410914,7.483516483516484,2.7672469374597033,-200.0,633.0,433.0,6.0,0.0,1192.0,DMART,Avenue Supermarts Ltd,14.5,19.4,Consumer Discretionary,False,6.538790269559502
459,DMART,Mar 2021,4.5520440707451435,7.227767883030278,9.020026263952726,0.032255416940249505,46.166666666666664,1.7680703039179788,265.0,1110.0,1375.0,17.0,0.0,393.0,DMART,Avenue Supermarts Ltd,14.5,19.4,Consumer Discretionary,False,5.479973736047274
468,DRREDDY,Mar 2017,9.101155255001409,17.413355874894336,10.536617191322787,0.4010764964932311,33.46835443037975,0.655583264062067,254.0,1890.0,2144.0,16.0,26.0,4918.0,DRREDDY,Dr Reddys Laboratories Ltd,21.4,26.5,Healthcare,False,10.863382808677212
469,DRREDDY,Mar 2018,6.631188292136406,16.462432602758913,7.532612153993,0.40335666560610883,31.72151898734177,0.6389995078079556,320.0,1483.0,1803.0,11.0,35.0,5071.0,DRREDDY,Dr Reddys Laboratories Ltd,21.4,26.5,Healthcare,False,13.867387846006999
470,DRREDDY,Mar 2019,12.622993267736923,20.572242361470742,13.904734740444951,0.27367370222475756,39.98876404494382,0.6890891248104202,2101.0,769.0,2870.0,23.0,17.0,3838.0,DRREDDY,Dr Reddys Laboratories Ltd,21.4,26.5,Healthcare,False,7.4952652595550475
471,DRREDDY,Mar 2020,11.565907404235885,14.140549180795798,12.988012052054618,0.14167574844541317,32.11224489795919,0.7542953106833742,2489.0,495.0,2984.0,24.0,21.0,2210.0,DRREDDY,Dr Reddys Laboratories Ltd,21.4,26.5,Healthcare,False,8.41198794794538
472,DRREDDY,Mar 2021,10.247795044099119,20.338093238135237,11.06513236211099,0.17181565670880336,43.391752577319586,0.7164134195877839,1315.0,2255.0,3570.0,23.0,21.0,3031.0,DRREDDY,Dr Reddys Laboratories Ltd,21.4,26.5,Healthcare,False,10.334867637889008
473,DRREDDY,Mar 2022,10.127639823624971,17.488976560686933,11.35748490526754,0.17613991255465333,45.03125,0.7242990654205608,246.0,2565.0,2811.0,26.0,23.0,3384.0,DRREDDY,Dr Reddys Laboratories Ltd,21.4,26.5,Healthcare,False,10.042515094732458
480,EICHERMOT,Mar 2016,21.675036449052325,27.37728819050705,36.627429509991785,0.006296194908294552,1008.0,1.2498481473982588,462.0,1001.0,1463.0,49.0,20.0,23.0,EICHERMOT,Eicher Motors Ltd,24.2,31.1,Consumer Discretionary,False,12.427429509991786
481,EICHERMOT,Mar 2017,23.702545144319636,30.911417602729983,31.18802619270346,0.02095416276894294,647.5,1.003424168925667,-36.0,1744.0,1708.0,61.0,16.0,112.0,EICHERMOT,Eicher Motors Ltd,24.2,31.1,Consumer Discretionary,False,6.988026192703462
484,EICHERMOT,Mar 2020,19.958488092637097,23.847498361372075,18.30477908025248,0.024947400060114217,145.0,0.7352610441767068,186.0,1508.0,1694.0,67.0,19.0,249.0,EICHERMOT,Eicher Motors Ltd,24.2,31.1,Consumer Discretionary,False,5.895220919747519
485,EICHERMOT,Mar 2021,15.447247706422019,20.44724770642202,11.776534359153699,0.01914670396922539,141.5625,0.5989422350436157,66.0,1625.0,1691.0,49.0,34.0,219.0,EICHERMOT,Eicher Motors Ltd,24.2,31.1,Consumer Discretionary,False,12.4234656408463
486,EICHERMOT,Mar 2022,16.284715478733737,21.149737813167604,13.301078680203046,0.008565989847715736,140.73684210526315,0.6380421313506816,544.0,983.0,1527.0,61.0,34.0,108.0,EICHERMOT,Eicher Motors Ltd,24.2,31.1,Consumer Discretionary,False,10.898921319796953
493,GAIL,Mar 2016,3.6001767429350853,8.71419514725376,5.147927368623465,0.24866082465730846,6.407542579075426,0.8813131740683676,3056.0,904.0,3960.0,3.0,37.0,9052.0,GAIL,GAIL (India) Ltd,14.0,14.7,Energy,False,8.852072631376535
494,GAIL,Mar 2017,6.949250288350635,12.40113692535838,8.584149599287622,0.16672179112072255,14.210216110019646,0.8329244651833044,5690.0,334.0,6024.0,5.0,56.0,6553.0,GAIL,GAIL (India) Ltd,14.0,14.7,Energy,False,5.415850400712378
497,GAIL,Mar 2020,13.120880333158663,12.44104911883946,19.31273849151579,0.14029390273605585,41.48220064724919,0.9677582939653562,46.0,8299.0,8345.0,14.0,31.0,6912.0,GAIL,GAIL (India) Ltd,14.0,14.7,Energy,False,5.312738491515791
499,GAIL,Mar 2022,13.262908267758974,16.342567640400993,19.19081635836167,0.14374395607823565,89.53465346534654,0.9605110577321295,3930.0,5490.0,9420.0,18.0,36.0,9216.0,GAIL,GAIL (India) Ltd,14.0,14.7,Energy,False,5.190816358361669
500,GAIL,Mar 2023,3.841612433753467,5.14869429112777,8.61891046868021,0.274400480539683,28.279452054794522,1.3512174759983304,-4248.0,7453.0,3205.0,9.0,59.0,17816.0,GAIL,GAIL (India) Ltd,14.0,14.7,Energy,False,5.381089531319789
503,GODREJCP,Mar 2013,13.178415470991892,15.517779164067374,25.505584062782976,0.7413220645940235,13.666666666666666,0.8332683560753736,-45.0,865.0,820.0,8.0,22.0,2456.0,GODREJCP,Godrej Consumer Products Ltd,6.77,26.49,Consumer Staples,False,18.735584062782976
504,GODREJCP,Mar 2014,10.777733912356888,15.383603105671797,21.695364238410598,0.6286092715231788,10.258333333333333,0.9133413461538461,622.0,494.0,1116.0,7.0,24.0,2373.0,GODREJCP,Godrej Consumer Products Ltd,6.77,26.49,Consumer Staples,False,14.925364238410598
505,GODREJCP,Mar 2015,11.797413272089932,16.66868125226641,22.639758756668986,0.6302482022732545,12.964285714285714,0.9066301369863013,-209.0,1236.0,1027.0,9.0,21.0,2717.0,GODREJCP,Godrej Consumer Products Ltd,6.77,26.49,Consumer Staples,False,15.869758756668986
506,GODREJCP,Mar 2016,9.864672364672366,19.669990503323838,19.475041012420906,0.67752519334427,10.8984375,0.8703378448186796,225.0,622.0,847.0,8.0,24.0,2891.0,GODREJCP,Godrej Consumer Products Ltd,6.77,26.49,Consumer Staples,False,12.705041012420907
507,GODREJCP,Mar 2017,14.113077255071213,20.576176089771256,24.669935873255376,0.7546208977744248,12.876623376623376,0.7162287480680062,-383.0,2243.0,1860.0,13.0,39.0,4001.0,GODREJCP,Godrej Consumer Products Ltd,6.77,26.49,Consumer Staples,False,17.899935873255377
508,GODREJCP,Mar 2018,16.593886462882097,21.163806235401644,26.110578459571748,0.5605624800255673,13.68208092485549,0.7102567801500288,1387.0,336.0,1723.0,16.0,42.0,3508.0,GODREJCP,Godrej Consumer Products Ltd,6.77,26.49,Consumer Staples,False,19.34057845957175
509,GODREJCP,Mar 2019,22.70700019391119,20.67093271281753,32.22787945507087,0.4653914958029448,10.478991596638656,0.7318007662835249,2003.0,274.0,1729.0,23.0,44.0,3382.0,GODREJCP,Godrej Consumer Products Ltd,6.77,26.49,Consumer Staples,False,25.45787945507087
510,GODREJCP,Mar 2020,15.104429421854505,21.733427504792655,18.95416561154723,0.45264623955431754,9.587719298245615,0.6660618279569892,1036.0,552.0,1588.0,15.0,55.0,3575.0,GODREJCP,Godrej Consumer Products Ltd,6.77,26.49,Consumer Staples,False,12.184165611547229
511,GODREJCP,Mar 2021,15.604315894460061,21.751745398494876,18.23286365081047,0.1974785464561924,17.55072463768116,0.7742909295141814,1738.0,292.0,2030.0,17.0,0.0,1864.0,GODREJCP,Godrej Consumer Products Ltd,6.77,26.49,Consumer Staples,False,11.462863650810469
512,GODREJCP,Mar 2022,14.524275008145976,19.623655913978492,15.429214260989962,0.1474558670820353,20.385245901639344,0.7633378932968536,607.0,844.0,1451.0,17.0,0.0,1704.0,GODREJCP,Godrej Consumer Products Ltd,6.77,26.49,Consumer Staples,False,8.659214260989962
513,GODREJCP,Mar 2023,12.781616100931211,18.34635025533193,12.338697984630999,0.08191967522111063,13.601063829787234,0.7636634742214831,397.0,1754.0,2151.0,17.0,0.0,1130.0,GODREJCP,Godrej Consumer Products Ltd,6.77,26.49,Consumer Staples,False,5.568697984630999
514,GODREJCP,Mar 2024,-3.9798524404086266,20.977582292849036,-4.45308779171297,0.2557548817272583,2.412903225806452,0.7664201826881253,-1365.0,3435.0,2070.0,-5.0,,3222.0,GODREJCP,Godrej Consumer Products Ltd,6.77,26.49,Consumer Staples,False,11.22308779171297
516,GRASIM,Mar 2013,13.536851911569745,21.226127772403167,19.219616421630974,0.48583201912804597,20.82716049382716,0.6325272533599257,-1445.0,5687.0,4242.0,57.0,8.0,9550.0,GRASIM,Grasim Industries Ltd,6.9,9.3,Industrials,False,12.319616421630974
517,GRASIM,Mar 2014,10.42674102573153,17.348487522501856,13.66643534582466,0.44788341429562806,12.284116331096197,0.5934933802580862,1213.0,2336.0,3549.0,44.0,9.0,9681.0,GRASIM,Grasim Industries Ltd,6.9,9.3,Industrials,False,6.766435345824659
519,GRASIM,Mar 2016,10.018267753066374,17.13979180560791,12.596157351708046,0.45590433482810166,10.071030640668523,0.5788740432388881,1353.0,4515.0,5868.0,51.0,9.0,12505.0,GRASIM,Grasim Industries Ltd,6.9,9.3,Industrials,False,5.696157351708045
520,GRASIM,Mar 2017,11.772208051458357,20.480758567150936,13.527893713958008,0.29352916812693153,12.055555555555555,0.5748163258801218,3779.0,3509.0,7288.0,66.0,8.0,9213.0,GRASIM,Grasim Industries Ltd,6.9,9.3,Industrials,False,6.627893713958008
525,GRASIM,Mar 2022,11.709386526786554,21.34878423422953,14.803365962562253,0.9873842454986196,4.622906197654942,0.3309746877907238,5985.0,1053.0,7038.0,111.0,9.0,74744.0,GRASIM,Grasim Industries Ltd,6.9,9.3,Industrials,False,7.903365962562253
526,GRASIM,Mar 2023,9.417905752930874,18.353779319373952,14.068730791699474,1.3085646795864976,4.1896095301125085,0.34922496385341856,-26397.0,13712.0,-12685.0,100.0,10.0,103039.0,GRASIM,Grasim Industries Ltd,6.9,9.3,Industrials,False,7.168730791699474
532,HAL,Mar 2016,11.92266380236305,14.786967418546364,1664.9999999999998,0.15,679.3333333333334,95.2159090909091,,,,28.0,31.0,18.0,HAL,Hindustan Aeronautics Ltd,28.9,38.9,Industrials,False,1636.0999999999997
533,HAL,Mar 2017,14.573816155988858,18.027855153203344,1966.9172932330828,0.015037593984962405,267.5,105.58823529411765,2598.0,3021.0,-423.0,36.0,31.0,2.0,HAL,Hindustan Aeronautics Ltd,28.9,38.9,Industrials,False,1938.0172932330827
534,HAL,Mar 2018,10.729521032453155,18.683514228630056,1528.4615384615386,0.023076923076923078,120.6,111.56024096385542,-140.0,594.0,-734.0,30.0,54.0,3.0,HAL,Hindustan Aeronautics Ltd,28.9,38.9,Industrials,False,1499.5615384615385
535,HAL,Mar 2019,11.72530987604958,22.835865653738505,1763.9097744360904,0.06015037593984962,27.937853107344633,114.33142857142857,-2402.0,5292.0,-7694.0,35.0,28.0,8.0,HAL,Hindustan Aeronautics Ltd,28.9,38.9,Industrials,False,1735.0097744360903
536,HAL,Mar 2020,13.252506411750991,22.75588715318256,2059.4202898550725,0.014492753623188406,14.749303621169917,123.95953757225433,203.0,1334.0,1537.0,42.0,39.0,2.0,HAL,Hindustan Aeronautics Ltd,28.9,38.9,Industrials,False,2030.5202898550724
537,HAL,Mar 2021,14.155231186085132,23.341491128397866,2249.3055555555557,0.041666666666666664,21.352059925093634,123.02150537634408,13934.0,1190.0,15124.0,48.0,31.0,6.0,HAL,Hindustan Aeronautics Ltd,28.9,38.9,Industrials,False,2220.4055555555556
538,HAL,Mar 2022,20.65800162469537,22.014622258326565,3324.183006535948,0.0784313725490196,98.55384615384615,121.88118811881188,-2609.0,12789.0,10180.0,76.0,26.0,12.0,HAL,Hindustan Aeronautics Ltd,28.9,38.9,Industrials,False,3295.283006535948
539,HAL,Mar 2023,21.57976827094474,24.766042780748663,3283.050847457627,0.2655367231638418,130.328125,99.36531365313652,3102.0,5734.0,8836.0,87.0,32.0,47.0,HAL,Hindustan Aeronautics Ltd,28.9,38.9,Industrials,False,3254.1508474576267
540,HAL,Mar 2024,24.999177117277245,32.08913465652875,3816.5829145728644,0.6180904522613065,270.8837209302326,67.51333333333334,1814.0,6412.0,8226.0,114.0,31.0,123.0,HAL,Hindustan Aeronautics Ltd,28.9,38.9,Industrials,False,3787.6829145728643
542,HAVELLS,Mar 2013,8.142957252978276,9.446391030133146,40.29126213592233,0.680998613037448,7.284552845528455,1.6004934948407357,494.0,144.0,638.0,9.0,16.0,982.0,HAVELLS,Havells India Ltd,18.0,24.4,Industrials,False,22.29126213592233
543,HAVELLS,Mar 2014,5.539684511240839,9.650975034157247,26.770708283313326,0.6326530612244898,7.96078431372549,1.5099399849962492,492.0,376.0,868.0,7.0,42.0,1054.0,HAVELLS,Havells India Ltd,18.0,24.4,Industrials,False,8.770708283313326
545,HAVELLS,Mar 2016,17.118777982617857,10.481959441664472,42.94681202510737,0.04426825239511067,19.175824175824175,1.7310234784590837,392.0,121.0,513.0,21.0,29.0,134.0,HAVELLS,Havells India Ltd,18.0,24.4,Industrials,False,24.94681202510737
555,HCLTECH,Jun 2013,15.792971345920801,22.203979516047063,30.689759951382555,0.07930720145852324,56.716981132075475,1.1420599133889906,2131.0,2361.0,4492.0,14.0,21.0,1044.0,HCLTECH,HCL Technologies Ltd,23.3,29.6,Information Technology,False,7.389759951382555
556,HCLTECH,Jun 2014,20.3086112493778,24.99688899950224,33.39130434782609,0.05207161125319693,76.42105263157895,1.0721814543028685,1615.0,4842.0,6457.0,23.0,11.0,1018.0,HCLTECH,HCL Technologies Ltd,23.3,29.6,Information Technology,False,10.091304347826092
557,HCLTECH,Jun 2015,20.004904498515028,23.121985776954308,30.30878467635403,0.026750330250990752,105.62637362637362,1.0413108242303872,3451.0,2088.0,5539.0,26.0,58.0,648.0,HCLTECH,HCL Technologies Ltd,23.3,29.6,Information Technology,False,7.008784676354029
581,HDFCLIFE,Mar 2013,3.1792318634423897,96.26600284495022,33.43305908750935,0.0,483.5357142857143,0.33541676606708337,,,,2.0,0.0,0.0,HDFCLIFE,HDFC Life Insurance Company Ltd,11.4,6.61,Financials,False,22.03305908750935
582,HDFCLIFE,Mar 2014,4.223464988931609,96.47559128509845,37.60373443983403,0.0,68.7344398340249,0.3283787661406026,,,,4.0,14.0,0.0,HDFCLIFE,HDFC Life Insurance Company Ltd,11.4,6.61,Financials,False,26.20373443983403
583,HDFCLIFE,Mar 2015,2.8881131728826013,96.78853573397024,30.932703659976386,0.0,333.46835443037975,0.3926618476676911,945.0,3514.0,4459.0,4.0,18.0,0.0,HDFCLIFE,HDFC Life Insurance Company Ltd,11.4,6.61,Financials,False,19.532703659976384
584,HDFCLIFE,Mar 2016,4.503610605810043,94.74119398048619,26.32935868514341,0.0,159.1851851851852,0.23700094063545152,1725.0,3962.0,5687.0,4.0,22.0,0.0,HDFCLIFE,HDFC Life Insurance Company Ltd,11.4,6.61,Financials,False,14.929358685143411
585,HDFCLIFE,Mar 2017,2.8942473977877117,96.82513786014944,23.183481442760062,0.0,213.50359712230215,0.32227094440413473,1053.0,5177.0,6230.0,4.0,25.0,0.0,HDFCLIFE,HDFC Life Insurance Company Ltd,11.4,6.61,Financials,False,11.783481442760062
586,HDFCLIFE,Mar 2018,3.4314941103533787,96.67079975201489,23.52816153028693,0.0,110.59929078014184,0.2919906229917725,2318.0,4421.0,6739.0,6.0,25.0,0.0,HDFCLIFE,HDFC Life Insurance Company Ltd,11.4,6.61,Financials,False,12.12816153028693
587,HDFCLIFE,Mar 2019,3.289151975292755,96.87298931926392,22.651542006380716,0.0,276.7867647058824,0.2988386402091986,-314.0,10182.0,9868.0,6.0,26.0,0.0,HDFCLIFE,HDFC Life Insurance Company Ltd,11.4,6.61,Financials,False,11.251542006380715
588,HDFCLIFE,Mar 2020,4.414567733151804,96.11640571817563,19.05391508741002,0.0,76.53929539295393,0.2221986931268151,-401.0,7789.0,7388.0,6.0,0.0,0.0,HDFCLIFE,HDFC Life Insurance Company Ltd,11.4,6.61,Financials,False,7.653915087410018
594,HEROMOTOCO,Mar 2014,8.316518298714143,85.94263105835806,37.38218033078428,0.050506846878890274,50.54883720930233,2.497036158861885,1347.0,1616.0,2963.0,105.0,62.0,284.0,HEROMOTOCO,"Hero MotoCorp Ltd
",22.0,29.1,Consumer Discretionary,False,15.38218033078428
595,HEROMOTOCO,Mar 2015,8.584501416224853,87.21766286585809,36.14678899082569,0.01529051987767584,73.94153846153846,2.5847568988173455,2217.0,31.0,2186.0,118.0,51.0,100.0,HEROMOTOCO,"Hero MotoCorp Ltd
",22.0,29.1,Consumer Discretionary,False,14.14678899082569
596,HEROMOTOCO,Mar 2016,10.935797870471237,84.45373721755631,35.22752999773602,0.026262168892913742,57.12351543942993,2.2066532258064515,1422.0,2300.0,3722.0,157.0,46.0,232.0,HEROMOTOCO,"Hero MotoCorp Ltd
",22.0,29.1,Consumer Discretionary,False,13.22752999773602
597,HEROMOTOCO,Mar 2017,12.394267738552953,83.9741349178609,34.373788290034895,0.025300504071345483,28.965060240963854,1.8684691745036572,2035.0,1972.0,4007.0,179.0,47.0,261.0,HEROMOTOCO,"Hero MotoCorp Ltd
",22.0,29.1,Consumer Discretionary,False,12.373788290034895
598,HEROMOTOCO,Mar 2018,11.467126748413333,83.56645511122065,31.089208152355496,0.019044437019712663,48.12056737588652,1.8657239753980572,2159.0,1858.0,4017.0,186.0,51.0,228.0,HEROMOTOCO,"Hero MotoCorp Ltd
",22.0,29.1,Consumer Discretionary,False,9.089208152355496
602,HEROMOTOCO,Mar 2022,7.881289973266556,88.98176034651958,14.696788035590332,0.038177573042216195,48.26788990825688,1.314663226265682,1882.0,222.0,2104.0,116.0,82.0,605.0,HEROMOTOCO,"Hero MotoCorp Ltd
",22.0,29.1,Consumer Discretionary,False,7.303211964409668
603,HEROMOTOCO,Mar 2023,8.197201241290474,88.00281046899701,16.810758885686838,0.034101825168107586,53.03703703703704,1.4281891541581302,2193.0,421.0,2614.0,141.0,71.0,568.0,HEROMOTOCO,"Hero MotoCorp Ltd
",22.0,29.1,Consumer Discretionary,False,5.1892411143131625
608,HINDALCO,Mar 2015,0.248367391950595,91.51906867022755,0.6757285606198962,1.7863236713715462,-114.71754807692308,0.7356891905238948,3270.0,3873.0,7143.0,4.0,24.0,68468.0,HINDALCO,Hindalco Industries Ltd,10.2,11.3,Materials,False,9.524271439380103
609,HINDALCO,Mar 2016,-0.7108212922366569,92.12426209256877,-1.7286808342978157,1.663473614223448,60.659333333333336,0.6996939339407422,8468.0,3220.0,11688.0,-1.0,-82.0,67552.0,HINDALCO,Hindalco Industries Ltd,10.2,11.3,Materials,False,11.928680834297815
610,HINDALCO,Mar 2017,1.8785434799968057,87.70562165615267,4.086063527215094,1.3855489697996048,73.35475792988314,0.685515655791548,9811.0,2876.0,12687.0,8.0,13.0,63817.0,HINDALCO,Hindalco Industries Ltd,10.2,11.3,Materials,False,6.113936472784905
615,HINDALCO,Mar 2022,7.038895923797416,85.46747394378112,17.559565678914453,0.8247240731030425,133.06225059856345,0.8792184084199139,10065.0,6773.0,16838.0,61.0,6.0,64486.0,HINDALCO,Hindalco Industries Ltd,10.2,11.3,Materials,False,7.3595656789144535
619,HINDUNILVR,Mar 2013,14.216412383350615,84.37268552806991,133.99650959860384,0.008726003490401396,20.302760463045413,2.2332120410188554,3668.0,63.0,3605.0,18.0,104.0,25.0,HINDUNILVR,"Hindustan Unilever Ltd
",20.2,27.2,Consumer Staples,False,113.79650959860383
620,HINDUNILVR,Mar 2014,13.532188547581583,83.72100978312923,111.84619734238055,0.013005371783997738,30.9229797979798,2.125490766322524,3343.0,475.0,3818.0,18.0,71.0,46.0,HINDUNILVR,"Hindustan Unilever Ltd
",20.2,27.2,Consumer Staples,False,91.64619734238055
621,HINDUNILVR,Mar 2015,13.68697610409108,83.07268860252721,108.66650111745717,0.010677924012912838,21.312750601443465,2.2156618156618157,3430.0,138.0,3292.0,20.0,74.0,43.0,HINDUNILVR,"Hindustan Unilever Ltd
",20.2,27.2,Consumer Staples,False,88.46650111745717
622,HINDUNILVR,Mar 2016,12.896911700739452,81.63797924563475,63.15228966986155,0.026928343222272933,54.10288065843621,2.175758804840127,3889.0,282.0,4171.0,19.0,83.0,177.0,HINDUNILVR,"Hindustan Unilever Ltd
",20.2,27.2,Consumer Staples,False,42.95228966986156
623,HINDUNILVR,Mar 2017,13.539593510644716,80.91791809902901,66.57769869513642,0.041073546856465006,44.31188118811881,2.111422386349166,4012.0,1173.0,5185.0,21.0,82.0,277.0,HINDUNILVR,"Hindustan Unilever Ltd
",20.2,27.2,Consumer Staples,False,46.37769869513642
624,HINDUNILVR,Mar 2018,14.705303136868759,78.90279926853285,71.78958934212334,0.0,79.5099150141643,1.989978725786586,4996.0,1063.0,6059.0,24.0,83.0,0.0,HINDUNILVR,"Hindustan Unilever Ltd
",20.2,27.2,Consumer Staples,False,51.58958934212333
625,HINDUNILVR,Mar 2019,15.41592470109387,77.41032816077335,77.03063429515699,0.01258421253336723,94.57453416149069,2.1101508400880347,5362.0,438.0,5800.0,28.0,78.0,99.0,HINDUNILVR,"Hindustan Unilever Ltd
",20.2,27.2,Consumer Staples,False,56.83063429515698
626,HINDUNILVR,Mar 2020,16.982128044642185,75.21303069150139,82.09989063069631,0.0,70.62971698113208,1.974048528755024,9414.0,1791.0,7623.0,31.0,80.0,0.0,HINDUNILVR,"Hindustan Unilever Ltd
",20.2,27.2,Consumer Staples,False,61.899890630696305
635,ICICIBANK,Mar 2016,18.428508786723782,88.12358754680069,11.610757509749126,7.1347132641242785,1.2400123509571992,0.06453726560697291,11585.0,12060.0,23645.0,16.0,29.0,671455.0,ICICIBANK,ICICI Bank Ltd,18.8,7.6,Financials,False,7.189242490250875
636,ICICIBANK,Mar 2017,18.608467344929437,104.76042008532984,10.837984555394144,6.698467008181054,1.2158107438331618,0.06182251642192295,50925.0,1711.0,52636.0,16.0,14.0,700874.0,ICICIBANK,ICICI Bank Ltd,18.8,7.6,Financials,False,7.962015444605857
637,ICICIBANK,Mar 2018,14.63916862391815,117.12300119043788,8.225616921269095,7.368688420862334,1.280370376890172,0.05529044785067078,-31168.0,50551.0,19383.0,12.0,12.0,815198.0,ICICIBANK,ICICI Bank Ltd,18.8,7.6,Financials,False,10.574383078730905
638,ICICIBANK,Mar 2019,7.903364730071407,116.38326248228724,4.979300324717951,7.804092671527225,1.4109397387273495,0.05810651327016437,18389.0,30282.0,48671.0,7.0,15.0,891641.0,ICICIBANK,ICICI Bank Ltd,18.8,7.6,Financials,False,13.82069967528205
639,ICICIBANK,Mar 2020,13.231411193361309,100.6188410580414,9.128985035783995,8.251756668835394,1.3134411085450346,0.06159623376887399,37470.0,42095.0,79565.0,15.0,0.0,1014636.0,ICICIBANK,ICICI Bank Ltd,18.8,7.6,Financials,False,9.671014964216006
640,ICICIBANK,Mar 2021,22.83907001783251,102.40682794432668,12.922385729787356,7.004638707507599,1.2644304043007177,0.05665416199647734,74384.0,63631.0,138015.0,27.0,8.0,1103840.0,ICICIBANK,ICICI Bank Ltd,18.8,7.6,Financials,False,5.877614270212645
658,ICICIPRULI,Mar 2013,7.5655430711610485,96.27965043695382,38.24791719262812,0.0,21.426666666666666,0.2662190906673757,-1077.0,1564.0,-2641.0,11.0,32.0,0.0,ICICIPRULI,ICICI Prudential Life Insurance Company Ltd,8.07,8.75,Financials,False,30.177917192628122
659,ICICIPRULI,Mar 2014,7.131761695906433,93.12865497076024,35.614875655943415,0.0,158.06976744186048,0.2686501215111569,3630.0,6012.0,-2382.0,11.0,70.0,0.0,ICICIPRULI,ICICI Prudential Life Insurance Company Ltd,8.07,8.75,Financials,False,27.544875655943414
660,ICICIPRULI,Mar 2015,4.760107973180855,95.1963544538937,31.14909781576448,0.0,762.8604651162791,0.34039421034431655,-1299.0,1822.0,523.0,11.0,51.0,0.0,ICICIPRULI,ICICI Prudential Life Insurance Company Ltd,8.07,8.75,Financials,False,23.07909781576448
661,ICICIPRULI,Mar 2016,7.91404863542616,91.16984028010936,30.99755776817584,0.19331204208153296,,0.1990073020569847,3661.0,27.0,3634.0,12.0,73.0,1029.0,ICICIPRULI,ICICI Prudential Life Insurance Company Ltd,8.07,8.75,Financials,False,22.92755776817584
662,ICICIPRULI,Mar 2017,4.447852760736196,95.22424370636767,26.256634405245084,0.0,277.03846153846155,0.3031561395210877,3434.0,696.0,4130.0,12.0,63.0,0.0,ICICIPRULI,ICICI Prudential Life Insurance Company Ltd,8.07,8.75,Financials,False,18.186634405245083
663,ICICIPRULI,Mar 2018,4.169241862381541,95.44190358467245,24.627319744447824,0.0,280.81060606060606,0.27381380492035623,301.0,5389.0,5690.0,11.0,59.0,0.0,ICICIPRULI,ICICI Prudential Life Insurance Company Ltd,8.07,8.75,Financials,False,16.557319744447824
664,ICICIPRULI,Mar 2019,2.747027470274703,98.69522224634011,16.57691747926066,0.0,50.33579335793358,0.25424009418343696,3818.0,7559.0,11377.0,8.0,40.0,0.0,ICICIPRULI,ICICI Prudential Life Insurance Company Ltd,8.07,8.75,Financials,False,8.506917479260661
665,ICICIPRULI,Mar 2020,5.074910820451843,101.51724137931035,14.792735338971303,0.0,13.524714828897338,0.13474886400779332,-2201.0,10797.0,8596.0,7.0,11.0,0.0,ICICIPRULI,ICICI Prudential Life Insurance Company Ltd,8.07,8.75,Financials,False,6.722735338971303
705,INDUSINDBK,Mar 2021,9.779310344827588,55.16206896551724,6.5398362734924484,7.091617664014758,2.4375667022411953,0.07989574982161207,44420.0,226.0,44646.0,37.0,14.0,307528.0,INDUSINDBK,IndusInd Bank Ltd,15.2,7.93,Financials,False,8.660163726507552
706,INDUSINDBK,Mar 2022,14.960093439750827,51.39186295503212,9.667071994632899,7.149251540945113,2.1593946004908644,0.07667641022451645,16249.0,351.0,16600.0,60.0,14.0,341005.0,INDUSINDBK,IndusInd Bank Ltd,15.2,7.93,Financials,False,5.532928005367101
710,INFY,Mar 2013,23.366871530531323,28.59337827121332,24.81707638048113,0.0,2780.6,0.8720043219881145,4451.0,2922.0,7373.0,21.0,25.0,0.0,INFY,Infosys Ltd,31.8,40.0,Information Technology,False,6.982923619518871
711,INFY,Mar 2014,21.255460475136136,26.70895418187621,23.92993487536492,0.0,1783.7777777777778,0.8800512586455078,7262.0,2563.0,9825.0,23.0,34.0,0.0,INFY,Infosys Ltd,31.8,40.0,Information Technology,False,7.8700651246350795
712,INFY,Mar 2015,23.20373600405109,27.913126652787934,24.385052034058656,0.0,1526.0833333333333,0.804341595136448,9352.0,999.0,8353.0,27.0,55.0,0.0,INFY,Infosys Ltd,31.8,40.0,Information Technology,False,7.414947965941344
713,INFY,Mar 2016,21.602793036626576,27.352220496148366,21.84665716506867,0.0,,0.8314602253056007,9143.0,885.0,10028.0,29.0,41.0,0.0,INFY,Infosys Ltd,31.8,40.0,Information Technology,False,9.95334283493133
714,INFY,Mar 2017,20.958180012849716,27.165469306699375,20.80687715635963,0.0,,0.8236397748592871,-3133.0,14664.0,11531.0,31.0,41.0,0.0,INFY,Infosys Ltd,31.8,40.0,Information Technology,False,10.993122843640371
715,INFY,Mar 2018,22.729077451008195,26.68954368849437,24.689247262141308,0.0,,0.888757262221326,17751.0,4533.0,13218.0,37.0,59.0,0.0,INFY,Infosys Ltd,31.8,40.0,Information Technology,False,7.110752737858693
716,INFY,Mar 2019,18.639250075597218,24.396734200181434,23.726673646609594,0.0,,0.9834534770299527,14209.0,632.0,14841.0,35.0,60.0,0.0,INFY,Infosys Ltd,31.8,40.0,Information Technology,False,8.073326353390406
717,INFY,Mar 2020,18.32670639160269,24.525558700752278,25.422459893048128,0.0707868601986249,147.47058823529412,0.98900871459695,16672.0,331.0,17003.0,39.0,45.0,4633.0,INFY,Infosys Ltd,31.8,40.0,Information Technology,False,6.377540106951873
718,INFY,Mar 2021,19.331754120550997,27.757982323433396,25.43909051616875,0.06974368377624393,154.30769230769232,0.9345276297309113,15851.0,7373.0,23224.0,45.0,59.0,5325.0,INFY,Infosys Ltd,31.8,40.0,Information Technology,False,6.36090948383125
723,IOC,Mar 2013,0.7854389536142752,3.0016458053618607,5.753763662610847,1.422513761758967,2.4232272473478504,1.9091442793474396,46.0,9294.0,9340.0,3.0,36.0,89671.0,IOC,"Indian Oil Corporation
",25.44,21.31,Energy,False,19.686236337389154
724,IOC,Mar 2014,1.4266553358793475,3.526605166429471,10.258713353849778,1.39761165019952,3.7468056489576327,1.8362079013961115,5601.0,18594.0,24195.0,5.0,30.0,94916.0,IOC,"Indian Oil Corporation
",25.44,21.31,Energy,False,15.181286646150223
725,IOC,Mar 2015,1.0838540890353208,2.352577379217676,7.078103207810321,0.942773709902371,3.912163770530826,1.9219310509955834,35877.0,10215.0,46092.0,3.0,33.0,64893.0,IOC,"Indian Oil Corporation
",25.44,21.31,Energy,False,18.36189679218968
726,IOC,Mar 2016,3.587105723244087,6.3685358840613215,13.79528784174261,0.6507223827517226,7.816747920848867,1.4934078501607577,12014.0,13610.0,25624.0,8.0,28.0,58552.0,IOC,"Indian Oil Corporation
",25.44,21.31,Energy,False,11.644712158257391
727,IOC,Mar 2017,5.736129596852938,9.609177807354964,19.966502115655853,0.6197206550697383,10.287202778519903,1.2983351539352401,10532.0,17684.0,28216.0,14.0,45.0,63271.0,IOC,"Indian Oil Corporation
",25.44,21.31,Energy,False,5.473497884344148
728,IOC,Mar 2018,5.36807341539104,9.883461607812247,19.869329258654304,0.5765143931011468,11.868129032258064,1.424633272493747,11996.0,17119.0,29115.0,15.0,90.0,65650.0,IOC,"Indian Oil Corporation
",25.44,21.31,Energy,False,5.5706707413456975
729,IOC,Mar 2019,3.2706122031664764,6.676411225428754,15.358898896584835,0.8603704131805209,7.991675126903553,1.5748845281083483,-9822.0,22569.0,12747.0,12.0,49.0,96765.0,IOC,"Indian Oil Corporation
",25.44,21.31,Energy,False,10.081101103415167
730,IOC,Mar 2020,-0.3877931962551911,3.31836043682547,-1.9664982494391918,1.3605107025304515,1.5345303867403315,1.4661173104781762,-21955.0,29101.0,7146.0,-1.0,-437.0,129790.0,IOC,"Indian Oil Corporation
",25.44,21.31,Energy,False,27.406498249439192
731,IOC,Mar 2021,5.9793927737326555,10.971012501717269,19.458502476796795,1.043017578998194,15.214797136038186,1.0247926903095919,26715.0,22935.0,49650.0,15.0,51.0,116649.0,IOC,"Indian Oil Corporation
",25.44,21.31,Energy,False,5.981497523203206
732,IOC,Mar 2022,4.365532536597202,8.103902626921492,19.266110008611975,0.9886546598270116,9.550788412174551,1.434282835461276,4453.0,21294.0,25747.0,18.0,46.0,132020.0,IOC,"Indian Oil Corporation
",25.44,21.31,Energy,False,6.173889991388027
733,IOC,Mar 2023,1.3904266794653084,3.6451180627165116,8.37669355358178,1.0662463051366653,4.7188982604111755,1.9044468828832906,1614.0,28030.0,29644.0,7.0,42.0,148977.0,IOC,"Indian Oil Corporation
",25.44,21.31,Energy,False,17.06330644641822
736,IRCTC,Mar 2015,12.370160528800756,14.353163361661943,29.504504504504503,0.0,,0.9113597246127366,23.0,46.0,69.0,13.0,20.0,0.0,IRCTC,Indian Railway Catering & Tourism Corporation Ltd,40.4,53.8,Consumer Discretionary,False,10.895495495495496
737,IRCTC,Mar 2016,13.825896122896856,13.89904901243599,34.87084870848708,0.0,,0.9512874043145442,295.0,7.0,288.0,19.0,40.0,0.0,IRCTC,Indian Railway Catering & Tourism Corporation Ltd,40.4,53.8,Consumer Discretionary,False,5.5291512915129175
738,IRCTC,Mar 2017,15.06578947368421,20.657894736842106,29.09783989834816,0.0,127.0,0.8324205914567361,432.0,94.0,338.0,11.0,49.0,0.0,IRCTC,Indian Railway Catering & Tourism Corporation Ltd,40.4,53.8,Consumer Discretionary,False,11.30216010165184
739,IRCTC,Mar 2018,15.075034106412005,18.69031377899045,23.141361256544503,0.0,124.33333333333333,0.6321690383786115,64.0,40.0,24.0,11.0,21.0,0.0,IRCTC,Indian Railway Catering & Tourism Corporation Ltd,40.4,53.8,Consumer Discretionary,False,17.258638743455496
740,IRCTC,Mar 2019,16.524064171122994,20.481283422459892,28.851540616246496,0.0,254.5,0.7208943716268311,146.0,353.0,499.0,4.0,98.0,0.0,IRCTC,Indian Railway Catering & Tourism Corporation Ltd,40.4,53.8,Consumer Discretionary,False,11.548459383753503
742,IRCTC,Mar 2021,24.066924066924066,24.195624195624195,12.843406593406591,0.05425824175824176,39.0,0.24643196955280686,-205.0,453.0,248.0,2.0,43.0,79.0,IRCTC,Indian Railway Catering & Tourism Corporation Ltd,40.4,53.8,Consumer Discretionary,False,27.556593406593407
743,IRCTC,Mar 2022,35.125066524747204,46.514103246407664,35.294117647058826,0.05614973262032086,86.0,0.4837796086508754,282.0,242.0,524.0,8.0,42.0,105.0,IRCTC,Indian Railway Catering & Tourism Corporation Ltd,40.4,53.8,Consumer Discretionary,False,5.1058823529411725
745,IRCTC,Mar 2024,26.01873536299766,34.33255269320843,34.39628482972136,0.018575851393188854,82.73684210526316,0.7010343129207027,667.0,215.0,882.0,14.0,47.0,60.0,IRCTC,Indian Railway Catering & Tourism Corporation Ltd,40.4,53.8,Consumer Discretionary,False,6.003715170278639
747,IRFC,Mar 2013,9.405405405405405,99.6036036036036,8.163903659680951,9.188770722552393,1.3570552147239263,0.07843968624125504,,,,222.0,21.0,58753.0,IRFC,Indian Railway Finance Corporation Ltd,13.7,5.73,Financials,False,5.536096340319048
750,IRFC,Mar 2016,11.309444518449448,99.48048488077794,7.366594360086768,7.592451193058569,1.3533248776952347,0.06925276752767527,-16376.0,2.0,-16378.0,188.0,40.0,87503.0,IRFC,Indian Railway Finance Corporation Ltd,13.7,5.73,Financials,False,6.333405639913232
751,IRFC,Mar 2017,10.323864264397038,99.71261191555212,7.7775002081772,8.85960529602798,1.3096689895470384,0.06978017740069417,-19453.0,2.0,-19455.0,143.0,40.0,106395.0,IRFC,Indian Railway Finance Corporation Ltd,13.7,5.73,Financials,False,5.9224997918227995
763,ITC,Mar 2016,24.242192284139623,37.07644417228006,22.261012183692596,0.0019681349578256793,205.30769230769232,0.7587849218795377,5878.0,3921.0,9799.0,8.0,73.0,84.0,ITC,"ITC Ltd
",29.47,34.76,Consumer Staples,False,7.208987816307403
764,ITC,Mar 2017,24.497287691732136,36.171904227459784,22.57341693060134,0.0009911016310085537,351.61224489795916,0.7651078750581416,7376.0,3251.0,10627.0,8.0,56.0,46.0,ITC,"ITC Ltd
",29.47,34.76,Consumer Staples,False,6.896583069398659
765,ITC,Mar 2018,26.45170199544293,38.02389007802251,21.88725956960579,0.0006855836983431727,163.1391304347826,0.6763437679986302,6055.0,7114.0,13169.0,9.0,56.0,36.0,ITC,"ITC Ltd
",29.47,34.76,Consumer Staples,False,7.58274043039421
766,ITC,Mar 2019,26.553578816714936,38.347124534546964,21.70406317106576,0.00021981366564650582,290.38028169014086,0.6738315281785361,7037.0,5546.0,12583.0,10.0,56.0,13.0,ITC,"ITC Ltd
",29.47,34.76,Consumer Staples,False,7.76593682893424
767,ITC,Mar 2020,31.57244674819794,39.16740908722767,23.88889740015014,0.004243714859130115,268.65432098765433,0.6388224185432863,8516.0,6174.0,14690.0,12.0,82.0,277.0,ITC,"ITC Ltd
",29.47,34.76,Consumer Staples,False,5.58110259984986
768,ITC,Mar 2021,27.16974237164261,34.64482205574842,22.17674449434106,0.004490695477819941,338.6551724137931,0.6677919225607029,18267.0,5740.0,12527.0,11.0,101.0,271.0,ITC,"ITC Ltd
",29.47,34.76,Consumer Staples,False,7.293255505658937
774,JINDALSTEL,Mar 2014,9.830965467178263,30.068443430467696,8.385670057496682,1.6084918177797434,3.4023242944106253,0.27986011347641226,-8114.0,12694.0,4580.0,21.0,7.0,36368.0,JINDALSTEL,Jindal Steel & Power Ltd,14.1,13.2,Materials,False,5.714329942503317
775,JINDALSTEL,Mar 2015,-7.48415030153085,28.163496726972838,-6.900484744796122,2.162389506700884,1.413913043478261,0.2568410183089082,-5535.0,6717.0,1182.0,-14.0,0.0,45501.0,JINDALSTEL,Jindal Steel & Power Ltd,14.1,13.2,Materials,False,21.000484744796122
776,JINDALSTEL,Mar 2016,-15.855976167240229,17.653705891417122,-9.517203107658158,1.4427487976322604,1.031960663798402,0.2107080239832031,2071.0,2262.0,4333.0,-32.0,0.0,46797.0,JINDALSTEL,Jindal Steel & Power Ltd,14.1,13.2,Materials,False,23.617203107658156
777,JINDALSTEL,Mar 2017,-11.74836828218303,21.797898440031478,-8.44564240790656,1.5257395760540415,1.2632955536181343,0.23850952249516974,4852.0,1998.0,6850.0,-25.0,0.0,45850.0,JINDALSTEL,Jindal Steel & Power Ltd,14.1,13.2,Materials,False,22.54564240790656
778,JINDALSTEL,Mar 2018,-4.85489394940816,19.43459712792165,-5.3184136909659365,1.413921342767813,1.5222452146921883,0.3730359744480556,6293.0,1431.0,7724.0,-15.0,0.0,42962.0,JINDALSTEL,Jindal Steel & Power Ltd,14.1,13.2,Materials,False,19.418413690965934
779,JINDALSTEL,Mar 2019,-5.135630030234638,17.910829110420305,-7.517531556802244,1.2329437431821724,1.6280487804878048,0.5277019359333042,8195.0,832.0,9027.0,-17.0,0.0,39559.0,JINDALSTEL,Jindal Steel & Power Ltd,14.1,13.2,Materials,False,21.617531556802245
780,JINDALSTEL,Mar 2020,-1.0547688737705352,18.01281544181631,-1.2446712512057752,1.1458443538600367,1.8325371549893843,0.4225780570970114,7338.0,1476.0,8814.0,-1.0,0.0,36824.0,JINDALSTEL,Jindal Steel & Power Ltd,14.1,13.2,Materials,False,15.344671251205774
789,JSWENERGY,Mar 2013,10.15783540022548,31.578354002254795,14.522888459058672,1.6726305609284333,2.917964693665628,0.43527333398763374,781.0,944.0,1725.0,6.0,36.0,10377.0,JSWENERGY,JSW Energy Ltd,8.4,8.59,Energy,False,6.122888459058672
791,JSWENERGY,Mar 2015,14.528725794372527,38.7717984380015,18.063314711359403,1.2362330407023145,3.3597185576077395,0.48130792996910404,2972.0,422.0,3394.0,8.0,24.0,9294.0,JSWENERGY,JSW Energy Ltd,8.4,8.59,Energy,False,9.663314711359403
792,JSWENERGY,Mar 2016,14.861563517915311,41.01180781758957,15.045342126957955,1.5315333882934872,2.916555407209613,0.3442307018465959,266.0,3272.0,3538.0,9.0,22.0,14862.0,JSWENERGY,JSW Energy Ltd,8.4,8.59,Energy,False,6.645342126957955
794,JSWENERGY,Mar 2018,1.0560318051931916,33.70605044104858,0.7650765076507651,1.0695769576957697,1.8956043956043955,0.30122375659593575,3719.0,215.0,3934.0,0.0,0.0,11883.0,JSWENERGY,JSW Energy Ltd,8.4,8.59,Energy,False,7.634923492349236
802,JSWSTEEL,Mar 2013,2.431300706621303,17.042658989793246,5.443891004980955,1.2672135950776442,3.1545500762582614,0.6643715333924504,411.0,5433.0,5844.0,4.0,30.0,21625.0,JSWSTEEL,JSW Steel Ltd,11.66,13.36,Materials,False,6.216108995019045
803,JSWSTEEL,Mar 2014,0.7848496680983992,17.90121046466224,1.8985548313969962,1.6778596391801266,2.4734251968503935,0.6597114889232355,-3024.0,5618.0,2594.0,2.0,74.0,35527.0,JSWSTEEL,JSW Steel Ltd,11.66,13.36,Materials,False,9.761445168603004
805,JSWSTEEL,Mar 2016,-1.1577528522601455,15.457565108554375,-2.536117262469683,2.225245175577349,1.237434046098306,0.5072338139597348,3040.0,3857.0,6897.0,-1.0,-67.0,42204.0,JSWSTEEL,JSW Steel Ltd,11.66,13.36,Materials,False,14.196117262469683
807,JSWSTEEL,Mar 2018,8.49818581179709,20.735962631893567,21.83370240731481,1.4069933566683335,3.982437179140773,0.7821354789605306,7850.0,4529.0,12379.0,26.0,16.0,39393.0,JSWSTEEL,JSW Steel Ltd,11.66,13.36,Materials,False,10.17370240731481
808,JSWSTEEL,Mar 2019,8.877142890852673,22.334438453461072,21.623796522488863,1.3621497341572064,4.882818483533316,0.7383206878228525,3246.0,11387.0,14633.0,32.0,16.0,47396.0,JSWSTEEL,JSW Steel Ltd,11.66,13.36,Materials,False,9.963796522488863
810,JSWSTEEL,Mar 2021,9.861095454602388,25.273362642317664,16.835600034214355,1.3341886921563595,5.218852666161233,0.5382997228908352,11087.0,7702.0,18789.0,33.0,25.0,62392.0,JSWSTEEL,JSW Steel Ltd,11.66,13.36,Materials,False,5.175600034214355
811,JSWSTEEL,Mar 2022,14.304746158733629,26.722506507436584,31.112828209281247,1.0734059467732588,8.19524959742351,0.7449474514593989,11522.0,14748.0,26270.0,85.0,25.0,72237.0,JSWSTEEL,JSW Steel Ltd,11.66,13.36,Materials,False,19.452828209281247
812,JSWSTEEL,Mar 2023,2.4939744516751023,11.129187756085804,6.300327269959662,1.2307329324910572,2.9022022602144304,0.7882625071839422,12593.0,10730.0,23323.0,17.0,25.0,80853.0,JSWSTEEL,JSW Steel Ltd,11.66,13.36,Materials,False,5.359672730040338
828,LICI,Mar 2019,0.4596611071061123,1.0358560160137742,324.32098765432096,332.59382716049384,,0.16675415179930025,22910.0,9636.0,13274.0,,2.0,269401.0,LICI,Life Insurance Corporation of India,63.61,63.79,Financials,False,260.71098765432095
829,LICI,Mar 2020,0.43149911709867,-1.1061344525772918,270.45908183632736,252.90818363273453,,0.1794493681700332,13952.0,40415.0,54367.0,,2.0,253414.0,LICI,Life Insurance Corporation of India,63.61,63.79,Financials,False,206.84908183632734
830,LICI,Mar 2021,0.43044431000095523,-0.03647342505724301,43.201626961069145,0.0005810575246949448,,0.18041772293371186,229049.0,148447.0,80602.0,7.0,0.0,4.0,LICI,Life Insurance Corporation of India,63.61,63.79,Financials,False,20.408373038930854
831,LICI,Mar 2022,0.5700616081127022,0.4596424020806903,36.38207796789557,8.819897689186806e-05,,0.17009778190664493,8748.0,12531.0,-3783.0,57.0,23.0,1.0,LICI,Life Insurance Corporation of India,63.61,63.79,Financials,False,27.22792203210443
832,LICI,Mar 2023,4.5877791768838225,4.359645590012082,77.85997015119071,0.0,545.5454545454545,0.17137262036771503,1671.0,52848.0,54519.0,65.0,5.0,0.0,LICI,Life Insurance Corporation of India,63.61,63.79,Financials,False,14.249970151190709
833,LICI,Mar 2024,4.836600998148862,3.87474201090824,49.44710986501021,0.0,371.9375,0.15913440945875762,853.0,25269.0,26122.0,66.0,15.0,0.0,LICI,Life Insurance Corporation of India,63.61,63.79,Financials,False,14.162890134989787
835,LODHA,Mar 2011,12.149102623101703,23.469857340082832,35.483870967741936,7.521505376344086,2.314487632508834,0.22926777801223888,,,,6.0,0.0,5596.0,LODHA,Macrotech Developers Ltd,10.7,11.1,Real Estate,True,24.783870967741937
836,LODHA,Mar 2012,12.897765741367637,24.509140148950575,33.83658969804618,3.782415630550622,3.338582677165354,0.3187311178247734,,,,9.0,0.0,4259.0,LODHA,Macrotech Developers Ltd,10.7,11.1,Real Estate,False,23.136589698046183
837,LODHA,Mar 2015,12.796664528543939,23.524695317511224,24.225865209471767,3.5980570734669097,3.841463414634146,0.22273019501392957,,,,18.0,0.0,11852.0,LODHA,Macrotech Developers Ltd,10.7,11.1,Real Estate,False,13.525865209471768
838,LODHA,Mar 2016,8.522245120620681,25.772820947993697,17.694437452806444,3.4822552227535866,2.668016194331984,0.26625996578548144,-467.0,854.0,387.0,16.0,0.0,13835.0,LODHA,Macrotech Developers Ltd,10.7,11.1,Real Estate,False,6.994437452806444
841,LODHA,Mar 2019,13.80700428319476,26.698580666834637,42.80135381411091,6.675605311116897,5.723591549295775,0.23878950746029198,-638.0,175.0,-463.0,21.0,0.0,25641.0,LODHA,Macrotech Developers Ltd,10.7,11.1,Real Estate,True,32.10135381411091
842,LODHA,Mar 2020,5.96319215623242,15.406252511452223,16.300527240773285,4.047231985940246,2.7513513513513512,0.30577740643353896,3954.0,182.0,3772.0,9.0,0.0,18423.0,LODHA,Macrotech Developers Ltd,10.7,11.1,Real Estate,False,5.600527240773285
843,LODHA,Mar 2021,0.8808955771701229,25.380803817214172,1.0437051532941943,3.9558599695586,1.0941901408450705,0.13862318103185103,2944.0,420.0,2524.0,1.0,0.0,18193.0,LODHA,Macrotech Developers Ltd,10.7,11.1,Real Estate,False,9.656294846705805
845,LODHA,Mar 2023,5.174234424498416,21.795142555438225,3.8695411829740185,0.7154702677090736,2.1307053941908713,0.24206328919789377,4539.0,1789.0,2750.0,5.0,14.0,9060.0,LODHA,Macrotech Developers Ltd,10.7,11.1,Real Estate,False,6.830458817025981
848,LT,Mar 2013,7.1090747856931715,15.309166151613685,395.1456310679612,0.17475728155339806,2.9980611805256356,31.969931271477662,-11277.0,6922.0,-4355.0,38.0,22.0,234.0,LT,Larsen & Toubro Ltd,10.49,17.18,Industrials,False,384.65563106796117
849,LT,Mar 2014,5.743410068897406,16.561243445340608,303.41614906832297,0.06832298136645963,2.374961502925778,31.903225806451612,-12653.0,5510.0,-7143.0,35.0,27.0,110.0,LT,Larsen & Toubro Ltd,10.49,17.18,Industrials,False,292.92614906832296
850,LT,Mar 2015,5.401995017894244,17.06099272264465,245.11352418558738,0.10760118460019744,2.3542526837324527,30.869375419744795,-6143.0,4778.0,-1365.0,34.0,32.0,218.0,LT,Larsen & Toubro Ltd,10.49,17.18,Industrials,False,234.62352418558737
851,LT,Mar 2016,4.541049425446491,15.314174956982654,216.09411764705882,0.02588235294117647,2.4213654152775765,32.23525661459993,-7867.0,4627.0,-3240.0,31.0,40.0,55.0,LT,Larsen & Toubro Ltd,10.49,17.18,Industrials,False,205.6041176470588
852,LT,Mar 2017,5.933474824355972,15.20418618266979,206.29770992366412,0.0,2.6484111875823695,24.748019017432647,-3141.0,9796.0,6655.0,43.0,22.0,0.0,LT,Larsen & Toubro Ltd,10.49,17.18,Industrials,False,195.8077099236641
853,LT,Mar 2018,6.687666585897746,16.8035560605934,207.3575129533679,0.0,2.7969924812030076,22.42514521266629,-6117.0,3914.0,-10031.0,53.0,30.0,0.0,LT,Larsen & Toubro Ltd,10.49,17.18,Industrials,False,196.86751295336788
854,LT,Mar 2019,7.555834935660405,16.910220381600354,208.80850194154914,0.0,2.737659278295321,20.29111644657863,-15779.0,11023.0,-4756.0,63.0,28.0,0.0,LT,Larsen & Toubro Ltd,10.49,17.18,Industrials,False,198.31850194154913
855,LT,Mar 2020,7.489756070731238,16.880482908450897,201.59141376757955,0.1687638786084382,2.501406405952273,16.500510493477027,-1714.0,8408.0,6694.0,68.0,26.0,912.0,LT,Larsen & Toubro Ltd,10.49,17.18,Industrials,False,191.10141376757954
856,LT,Mar 2021,9.502202545981364,17.252664014296325,176.90306681270536,0.1092552026286966,2.6868936170212767,12.701195591257239,17324.0,5750.0,23074.0,82.0,44.0,798.0,LT,Larsen & Toubro Ltd,10.49,17.18,Industrials,False,166.41306681270535
857,LT,Mar 2022,6.656614767347513,15.534017799528499,72.92133258678611,0.018057110862262037,2.8887926367081755,7.608448376433988,15579.0,3585.0,19164.0,62.0,36.0,258.0,LT,Larsen & Toubro Ltd,10.49,17.18,Industrials,False,62.431332586786105
858,LT,Mar 2023,6.834805089968965,14.817198553515034,75.52434908389586,0.09287608486017358,3.1823186871360507,7.8080575784676975,14729.0,8048.0,22777.0,75.0,32.0,1541.0,LT,Larsen & Toubro Ltd,10.49,17.18,Industrials,False,65.03434908389586
859,LT,Mar 2024,7.031246466738726,13.506668535997433,77.66510140873214,0.10345688880007993,3.5441547518923464,8.027628521638107,20445.0,2179.0,18266.0,95.0,36.0,2071.0,LT,Larsen & Toubro Ltd,10.49,17.18,Industrials,False,67.17510140873215
861,LTIM,Mar 2013,14.593612048818489,22.591534666320438,41.97162061239731,0.17475728155339806,42.476190476190474,1.654209621993127,384.0,224.0,608.0,174.0,54.0,234.0,LTIM,LTIMindtree Ltd,26.04,34.1,Information Technology,False,15.93162061239731
862,LTIM,Mar 2014,20.243902439024392,23.3130081300813,61.86335403726708,0.06832298136645963,44.0,1.8454613653413354,808.0,180.0,628.0,309.0,55.0,110.0,LTIM,LTIMindtree Ltd,26.04,34.1,Information Technology,False,35.82335403726708
863,LTIM,Mar 2015,15.447971072719968,20.188830855765367,37.95656465942744,0.10760118460019744,110.4,1.671591672263264,539.0,103.0,642.0,238.0,63.0,218.0,LTIM,LTIMindtree Ltd,26.04,34.1,Information Technology,False,11.916564659427443
864,LTIM,Mar 2016,14.300376325692781,17.584673280875812,39.34117647058824,0.02588235294117647,202.5,1.8635639145680587,818.0,40.0,858.0,49.0,72.0,55.0,LTIM,LTIMindtree Ltd,26.04,34.1,Information Technology,False,13.301176470588238
881,M&M,Mar 2020,-0.4258311002626622,13.47536547186331,-0.8031224198754034,2.053891766118742,1.8340807174887892,0.4548866735861353,-8327.0,6870.0,-1457.0,1.0,205.0,82092.0,M&M,"Mahindra & Mahindra Ltd
",17.99,26.98,Consumer Discretionary,False,18.793122419875402
882,M&M,Mar 2021,2.035596004200436,15.464875198578316,3.636188735510557,1.9389399259294888,2.0712881022615535,0.45025701954318414,-1777.0,19686.0,17909.0,15.0,54.0,80625.0,M&M,"Mahindra & Mahindra Ltd
",17.99,26.98,Consumer Discretionary,False,14.35381126448944
895,MARUTI,Mar 2021,6.236855567555278,7.689137725231626,8.359840764937811,0.010304565627321384,82.91176470588235,0.985933647164313,1565.0,7291.0,8856.0,145.0,31.0,541.0,MARUTI,Maruti Suzuki India Ltd,15.75,23.67,Consumer Discretionary,False,7.390159235062189
896,MARUTI,Mar 2022,4.3926185893807315,6.511943846937621,7.012090434279725,0.007698841559286501,59.94488188976378,1.1831600942991856,1601.0,239.0,1840.0,128.0,47.0,426.0,MARUTI,Maruti Suzuki India Ltd,15.75,23.67,Consumer Discretionary,False,8.737909565720276
900,MOTHERSON,Mar 2013,1.7867025061269666,5.850264843070598,19.746614242027086,2.142420270860638,7.192,1.9858701624931314,397.0,1089.0,1486.0,1.0,26.0,4904.0,MOTHERSON,Samvardhana Motherson International Ltd,11.8,13.7,Consumer Discretionary,False,7.946614242027085
901,MOTHERSON,Mar 2014,3.6068915630959424,7.881238903136713,37.07333558634674,1.6356877323420074,9.210884353741497,1.9951456310679612,1323.0,1372.0,2695.0,2.0,29.0,4840.0,MOTHERSON,Samvardhana Motherson International Ltd,11.8,13.7,Consumer Discretionary,False,25.273335586346736
902,MOTHERSON,Mar 2015,3.7275323851014104,8.2051873863997,38.86883273164862,1.5436221419975933,9.61006289308176,1.9891535150645625,546.0,2844.0,3390.0,2.0,31.0,5131.0,MOTHERSON,Samvardhana Motherson International Ltd,11.8,13.7,Consumer Discretionary,False,27.068832731648616
903,MOTHERSON,Mar 2016,4.766766981943251,9.533533963886502,40.34569024334774,1.3802592676825107,10.797101449275363,1.8924993643529113,282.0,1906.0,2188.0,3.0,26.0,6069.0,MOTHERSON,Samvardhana Motherson International Ltd,11.8,13.7,Consumer Discretionary,False,28.54569024334774
904,MOTHERSON,Mar 2017,5.12554276005286,9.842835567302247,26.25725338491296,1.251088007736944,12.045333333333334,1.3265715001252192,-2345.0,6145.0,3800.0,3.0,18.0,10349.0,MOTHERSON,Samvardhana Motherson International Ltd,11.8,13.7,Consumer Discretionary,False,14.45725338491296
905,MOTHERSON,Mar 2018,4.013995701827612,9.10786281370442,22.865236746256574,1.0495750708215297,12.781021897810218,1.5227727592362201,70.0,3194.0,3264.0,3.0,30.0,10374.0,MOTHERSON,Samvardhana Motherson International Ltd,11.8,13.7,Consumer Discretionary,False,11.065236746256573
906,MOTHERSON,Mar 2019,3.3027407395746424,8.418997843300852,19.13709750980571,1.0520842834990423,13.430260047281324,1.4857791083875194,994.0,3318.0,4312.0,3.0,29.0,11534.0,MOTHERSON,Samvardhana Motherson International Ltd,11.8,13.7,Consumer Discretionary,False,7.337097509805709
909,MOTHERSON,Mar 2022,1.8534198889829712,7.391727036096214,5.741208470953954,0.6863221293957645,9.740331491712707,1.144420916627786,159.0,2304.0,2463.0,1.0,34.0,14130.0,MOTHERSON,Samvardhana Motherson International Ltd,11.8,13.7,Consumer Discretionary,False,6.058791529046046
913,NAUKRI,Mar 2013,16.101694915254235,25.635593220338983,12.5,0.001644736842105263,48.333333333333336,0.5721212121212121,29.0,46.0,75.0,8.0,12.0,1.0,NAUKRI,Info Edge (India) Ltd,2.44,3.65,Communication Services,False,10.06
914,NAUKRI,Mar 2014,10.582010582010582,17.10758377425044,8.928571428571429,0.001488095238095238,48.333333333333336,0.5349056603773585,-123.0,204.0,81.0,8.0,30.0,1.0,NAUKRI,Info Edge (India) Ltd,2.44,3.65,Communication Services,False,6.488571428571429
916,NAUKRI,Mar 2016,15.775401069518717,12.165775401069519,7.647440051847052,0.0006480881399870382,67.33333333333333,0.38857142857142857,76.0,2.0,78.0,11.0,27.0,1.0,NAUKRI,Info Edge (India) Ltd,2.44,3.65,Communication Services,False,5.207440051847051
917,NAUKRI,Mar 2017,-4.842342342342342,-1.0135135135135136,-2.701005025125628,0.000628140703517588,10.25,0.43253774963468095,48.0,165.0,213.0,-2.0,-230.0,1.0,NAUKRI,Info Edge (India) Ltd,2.44,3.65,Communication Services,False,5.141005025125628
918,NAUKRI,Mar 2018,50.708502024291505,22.16599190283401,24.49877750611247,0.0004889975550122249,124.0,0.38058551617873654,104.0,149.0,253.0,42.0,13.0,1.0,NAUKRI,Info Edge (India) Ltd,2.44,3.65,Communication Services,False,22.05877750611247
919,NAUKRI,Mar 2019,51.433536055603824,0.7819287576020852,23.27959103421156,0.00039323633503735744,106.57142857142857,0.36092819065537785,217.0,59.0,276.0,49.0,12.0,1.0,NAUKRI,Info Edge (India) Ltd,2.44,3.65,Communication Services,False,20.83959103421156
920,NAUKRI,Mar 2020,-18.75,-26.676829268292686,-11.207289293849659,0.03507972665148064,-4.571428571428571,0.4535084687175942,447.0,97.0,350.0,-19.0,-31.0,77.0,NAUKRI,Info Edge (India) Ltd,2.44,3.65,Communication Services,False,13.647289293849658
921,NAUKRI,Mar 2021,125.70921985815602,6.560283687943262,26.278724981467754,0.012045959970348406,150.72727272727272,0.1792752701843611,-1767.0,2043.0,276.0,110.0,7.0,65.0,NAUKRI,Info Edge (India) Ltd,2.44,3.65,Communication Services,False,23.838724981467752
922,NAUKRI,Mar 2022,810.6985525487728,28.067967275015732,74.71291033522793,0.0037118663728105787,1296.0,0.0775765268759459,-470.0,1177.0,707.0,991.0,1.0,64.0,NAUKRI,Info Edge (India) Ltd,2.44,3.65,Communication Services,False,72.27291033522793
926,NESTLEIND,Dec 2013,12.27337655202725,21.404241292165697,47.170608108108105,0.5021114864864865,55.270270270270274,1.441400063351283,1355.0,441.0,1796.0,12.0,42.0,1189.0,NESTLEIND,Nestle India Ltd,135.61,185.43,Consumer Staples,False,88.43939189189192
927,NESTLEIND,Dec 2014,12.02435312024353,20.690005073566716,41.76947479732112,0.007049700387733521,151.85714285714286,1.693298969072165,1212.0,432.0,1644.0,12.0,51.0,20.0,NESTLEIND,Nestle India Ltd,135.61,185.43,Consumer Staples,False,93.84052520267889
928,NESTLEIND,Dec 2015,6.886850152905198,19.021406727828747,19.985800496982606,0.006389776357827476,388.0,1.343246795925074,1028.0,70.0,1098.0,6.0,83.0,18.0,NESTLEIND,Nestle India Ltd,135.61,185.43,Consumer Staples,False,115.62419950301741
929,NESTLEIND,Dec 2016,10.95066185318893,20.238485942457064,30.499695307739184,0.010054844606946984,21.86813186813187,1.3422907488986784,1340.0,126.0,1466.0,10.0,61.0,33.0,NESTLEIND,Nestle India Ltd,135.61,185.43,Consumer Staples,False,105.11030469226083
930,NESTLEIND,Dec 2017,12.237762237762238,20.94905094905095,35.8187134502924,0.01023391812865497,24.717391304347824,1.3595002037213093,1687.0,131.0,1818.0,13.0,68.0,35.0,NESTLEIND,Nestle India Ltd,135.61,185.43,Consumer Staples,False,99.79128654970762
931,NESTLEIND,Dec 2018,14.231314204746722,23.18455543747786,43.75170160631636,0.00952899537163082,25.6875,1.3961424332344214,2000.0,52.0,2052.0,17.0,69.0,35.0,NESTLEIND,Nestle India Ltd,135.61,185.43,Consumer Staples,False,91.85829839368365
932,NESTLEIND,Dec 2019,15.910744603444094,23.655913978494624,102.60688216892598,0.09854014598540146,24.5968992248062,1.7243831033040569,2378.0,83.0,2295.0,20.0,168.0,189.0,NESTLEIND,Nestle India Ltd,135.61,185.43,Consumer Staples,False,33.003117831074036
933,NESTLEIND,Dec 2020,15.595505617977528,23.98501872659176,103.12035661218424,0.07280832095096583,20.414634146341463,1.6898734177215189,2133.0,321.0,2454.0,22.0,93.0,147.0,NESTLEIND,Nestle India Ltd,135.61,185.43,Consumer Staples,False,32.489643387815775
934,NESTLEIND,Dec 2021,14.368089003459739,24.163896614883658,108.83864337101747,0.1366906474820144,17.07920792079208,1.790259897983969,316.0,1920.0,2236.0,22.0,91.0,266.0,NESTLEIND,Nestle India Ltd,135.61,185.43,Consumer Staples,False,26.771356628982545
935,NESTLEIND,Dec 2022,14.150440906669823,21.932887494821564,97.23464823098821,0.11020740138267589,24.6,1.8818353936964027,2345.0,392.0,2737.0,25.0,89.0,271.0,NESTLEIND,Nestle India Ltd,135.61,185.43,Consumer Staples,False,38.3753517690118
936,NESTLEIND,Dec 2023,15.680225870542715,23.376555474223572,121.96014640097602,0.11020740138267589,38.54621848739496,2.130081300813008,2465.0,927.0,3392.0,31.0,56.0,271.0,NESTLEIND,Nestle India Ltd,135.61,185.43,Consumer Staples,False,13.649853599023999
937,NESTLEIND,Mar 2024,16.12281708616873,23.829630236943512,117.75449101796407,0.10329341317365269,41.186206896551724,2.318160220469448,2938.0,1237.0,4175.0,41.0,79.0,345.0,NESTLEIND,Nestle India Ltd,135.61,185.43,Consumer Staples,False,17.855508982035943
968,ONGC,Mar 2016,10.563062336740945,31.55132380921668,6.623393693065202,0.23001405360591262,10.674986723313861,0.36292030944606346,8036.0,38256.0,46292.0,10.0,56.0,45500.0,ONGC,Oil & Natural Gas Corpn Ltd,14.32,19.71,Energy,False,7.6966063069347985
972,ONGC,Mar 2020,2.8876207376338447,13.13368353128592,5.585459084171932,0.6312553631328497,7.088663372946989,0.7804014446341597,17434.0,53159.0,70593.0,9.0,58.0,129473.0,ONGC,Oil & Natural Gas Corpn Ltd,14.32,19.71,Energy,False,8.734540915828068
982,PFC,Mar 2017,8.107030201950618,19.125484935281534,6.068666033383091,5.5093771203691135,0.3163764312977099,0.10627001159757568,1128.0,667.0,1795.0,7.0,59.0,202993.0,PFC,Power Finance Corporation Ltd,19.49,9.96,Financials,False,13.421333966616906
984,PFC,Mar 2019,23.361549550881602,32.866964846782246,26.824558052672902,11.448993017975,0.5162734282496317,0.08603699657639349,-93715.0,13463.0,-80252.0,30.0,0.0,539488.0,PFC,Power Finance Corporation Ltd,19.49,9.96,Financials,False,7.334558052672904
986,PFC,Mar 2021,21.932566707602994,27.731104164340735,25.86272154294272,10.855925090921058,0.4457300152179751,0.09237508492252874,-57402.0,1741.0,-59143.0,36.0,22.0,659682.0,PFC,Power Finance Corporation Ltd,19.49,9.96,Financials,False,6.37272154294272
987,PFC,Mar 2022,24.60989745876059,30.602396999816424,26.18449690272895,9.214744126346336,0.523764790087007,0.09641213653603034,4357.0,547.0,4904.0,42.0,23.0,660476.0,PFC,Power Finance Corporation Ltd,19.49,9.96,Financials,False,6.69449690272895
988,PFC,Mar 2023,27.263014262911284,34.11384583698059,25.165759642577058,8.925568573397657,0.564646829870047,0.08669005660006784,-76411.0,1694.0,-74717.0,48.0,22.0,751158.0,PFC,Power Finance Corporation Ltd,19.49,9.96,Financials,False,5.675759642577059
989,PFC,Mar 2024,28.916597455960137,36.68859553263103,26.1609340860332,8.521864217426122,0.5804147544943239,0.0880835748601615,-101229.0,3409.0,-97820.0,60.0,23.0,861961.0,PFC,Power Finance Corporation Ltd,19.49,9.96,Financials,False,6.670934086033203
994,PIDILITIND,Mar 2016,15.05316172355904,21.88024622271964,30.591357088703564,0.030326004548900682,96.46153846153847,1.4434571890145396,416.0,491.0,907.0,16.0,26.0,80.0,PIDILITIND,Pidilite Industries Ltd,22.8,29.7,Materials,False,7.791357088703563
1004,PNB,Mar 2013,11.655174014998492,,812.2977346278317,10.833333333333334,,5.626518615284128,-1292.0,600.0,-692.0,28.0,19.0,6695.0,PNB,Punjab National Bank,8.7,1.63,Financials,False,803.5977346278316
1005,PNB,Mar 2014,8.172071711375061,,393.3618843683083,10.822269807280515,,3.895840554592721,16604.0,302.0,16906.0,20.0,10.0,10108.0,PNB,Punjab National Bank,8.7,1.63,Financials,False,384.66188436830834
1006,PNB,Mar 2015,7.236707041675221,,223.2425585813806,10.437618746041798,,2.5589703178355663,3942.0,872.0,4814.0,18.0,18.0,16481.0,PNB,Punjab National Bank,8.7,1.63,Financials,False,214.5425585813806
1007,PNB,Mar 2016,-6.908904810644831,,-163.56011183597388,12.122087604846225,,1.7122442789255503,12815.0,1352.0,14167.0,-19.0,-2.0,26014.0,PNB,Punjab National Bank,8.7,1.63,Financials,False,172.26011183597387
1008,PNB,Mar 2017,2.578134753839111,,22.212262459662963,6.3637504481893155,,1.1186685288640597,22097.0,159.0,21938.0,6.0,0.0,35497.0,PNB,Punjab National Bank,8.7,1.63,Financials,False,13.512262459662963
1009,PNB,Mar 2018,-24.855823499230375,,-184.36596133353632,8.186481960724615,,0.7731917864737059,-1350.0,392.0,-1742.0,-44.0,0.0,53777.0,PNB,Punjab National Bank,8.7,1.63,Financials,False,193.0659613335363
1010,PNB,Mar 2019,-18.31361343893225,,-128.4465366509751,9.664963012777404,,0.6226507462686567,-34161.0,629.0,-33532.0,-21.0,0.0,71859.0,PNB,Punjab National Bank,8.7,1.63,Financials,False,137.1465366509751
1012,PNB,Mar 2021,3.289192652712516,,30.393594225780983,6.69831961204466,,1.1486268627423493,30163.0,787.0,30950.0,2.0,0.0,59394.0,PNB,Punjab National Bank,8.7,1.63,Financials,False,21.693594225780984
1013,PNB,Mar 2022,5.125783688780462,,39.87348229772472,5.403632282420161,,1.161358131883197,18828.0,1204.0,20032.0,4.0,18.0,52961.0,PNB,Punjab National Bank,8.7,1.63,Financials,False,31.17348229772472
1014,PNB,Mar 2023,3.8678104669238302,,30.667397060166163,4.895553729571807,,1.299977546590824,21860.0,732.0,22592.0,3.0,21.0,53621.0,PNB,Punjab National Bank,8.7,1.63,Financials,False,21.967397060166164
1015,PNB,Mar 2024,8.395910695456838,,61.320565191187306,3.684256345007701,,1.5070262950629396,-29445.0,1506.0,-27939.0,8.0,18.0,55017.0,PNB,Punjab National Bank,8.7,1.63,Financials,False,52.62056519118731
1018,POWERGRID,Mar 2014,29.238187078109934,83.36226293796207,13.107383710876707,2.427229235114416,4.207744314689613,0.1099448685326548,-11416.0,26639.0,15223.0,5.0,30.0,84220.0,POWERGRID,Power Grid Corporation of India Ltd,19.0,13.2,Energy,False,5.892616289123293
1019,POWERGRID,Mar 2015,28.76852907639681,85.10262257696694,13.127292593459766,2.503785218137829,3.836804704729233,0.10909045676186685,-8385.0,24185.0,15800.0,5.0,21.0,96243.0,POWERGRID,Power Grid Corporation of India Ltd,19.0,13.2,Energy,False,5.8727074065402345
1020,POWERGRID,Mar 2016,28.854348247143136,88.04958357544064,13.552422105981352,2.468614964748692,3.7042862760519073,0.11517355224413313,-6568.0,21576.0,15008.0,6.0,20.0,108545.0,POWERGRID,Power Grid Corporation of India Ltd,19.0,13.2,Energy,False,5.447577894018648
1035,RECLTD,Mar 2018,19.644275752493602,85.08694500838556,13.658401865717442,6.271234810359641,1.4473111827795695,0.09348516730618475,-32464.0,46.0,-32510.0,17.0,41.0,204367.0,RECLTD,REC Ltd,22.2,10.0,Financials,False,8.541598134282557
1036,RECLTD,Mar 2019,22.59524559193955,93.29738664987406,16.618421814392402,7.0702541538817805,1.5178719866999169,0.08513204714964451,-35409.0,457.0,-35866.0,22.0,38.0,244249.0,RECLTD,REC Ltd,22.2,10.0,Financials,False,5.581578185607597
1037,RECLTD,Mar 2020,16.605437178545188,86.70429497027587,14.046388111986891,8.087945306099387,1.3708072244747511,0.08628072500936518,-32591.0,121.0,-32712.0,19.0,44.0,286289.0,RECLTD,REC Ltd,22.2,10.0,Financials,False,8.153611888013108
1056,SBILIFE,Mar 2013,4.236718224613315,2.8715534633490245,23.026315789473685,0.0,179.75,0.276836578917973,903.0,227.0,1130.0,6.0,8.0,0.0,SBILIFE,SBI Life Insurance Company Ltd,12.0,13.2,Financials,False,11.026315789473685
1057,SBILIFE,Mar 2014,4.218333526480473,2.9609456483949472,21.69249106078665,0.0,171.0,0.2845976253298153,-542.0,708.0,166.0,7.0,14.0,0.0,SBILIFE,SBI Life Insurance Company Ltd,12.0,13.2,Financials,False,9.69249106078665
1058,SBILIFE,Mar 2015,3.4830548314030514,3.3933074062994146,20.09368836291913,0.0,244.25,0.31568651259427155,2533.0,178.0,2711.0,8.0,15.0,0.0,SBILIFE,SBI Life Insurance Company Ltd,12.0,13.2,Financials,False,8.093688362919131
1059,SBILIFE,Mar 2016,4.367625750362244,4.760919064375906,17.832241707162478,0.0,209.8,0.23162209783168922,-1426.0,7204.0,5778.0,8.0,14.0,0.0,SBILIFE,SBI Life Insurance Company Ltd,12.0,13.2,Financials,False,5.832241707162478
1060,SBILIFE,Mar 2017,3.1262275762734055,3.496137226659683,17.201008645533143,0.0,241.4,0.2987871674491393,-507.0,9032.0,8525.0,10.0,16.0,0.0,SBILIFE,SBI Life Insurance Company Ltd,12.0,13.2,Financials,False,5.201008645533143
1061,SBILIFE,Mar 2018,3.3756017377010687,3.9098274040154988,17.61642156862745,0.0,248.0,0.2798882681564246,1485.0,8910.0,10395.0,12.0,17.0,0.0,SBILIFE,SBI Life Insurance Company Ltd,12.0,13.2,Financials,False,5.616421568627452
1062,SBILIFE,Mar 2019,2.9750695004932295,3.304636355483813,17.51583949313622,0.0,217.5,0.30397862799351205,-79.0,13552.0,13473.0,13.0,15.0,0.0,SBILIFE,SBI Life Insurance Company Ltd,12.0,13.2,Financials,False,5.51583949313622
1082,SHREECEM,Jun 2013,18.530823181985973,28.811369509043928,26.11862643080125,0.3350676378772112,9.05699481865285,0.8795454545454545,990.0,270.0,1260.0,288.0,7.0,1288.0,SHREECEM,Shree Cement Ltd,12.2,14.8,Materials,False,13.91862643080125
1086,SHREECEM,Mar 2017,15.580637654177332,29.24133116127531,17.394128345024683,0.16796570537802027,22.286821705426355,0.769657890023285,154.0,2048.0,2202.0,384.0,36.0,1293.0,SHREECEM,Shree Cement Ltd,12.2,14.8,Materials,False,5.194128345024684
1104,SHRIRAMFIN,Mar 2022,14.131394443001819,19.03921059465074,10.427284920482851,4.401073002490898,0.3769569221324056,0.13534315517192905,-8893.0,34.0,-8859.0,20.0,20.0,114846.0,SHRIRAMFIN,"Shriram Finance Ltd
",15.9,11.3,Financials,False,5.472715079517149
1109,SIEMENS,Sep 2014,5.6471249297621275,1.1144409065368046,13.782857142857145,0.0,35.61290322580645,1.037706511175899,738.0,130.0,608.0,17.0,35.0,0.0,SIEMENS,Siemens Ltd,19.1,25.6,Industrials,False,5.317142857142857
1111,SIEMENS,Sep 2016,26.889360524130296,9.421426594075852,42.83404380420402,0.003674849331177422,379.72727272727275,0.9041381611880527,750.0,237.0,513.0,82.0,41.0,25.0,SIEMENS,Siemens Ltd,19.1,25.6,Industrials,False,23.73404380420402
1113,SIEMENS,Sep 2018,7.041813208284486,10.371238765142634,10.85672972647307,0.0,200.875,0.8925083705357143,-74.0,174.0,100.0,25.0,28.0,0.0,SIEMENS,Siemens Ltd,19.1,25.6,Industrials,False,8.243270273526932
1114,SIEMENS,Sep 2019,8.399571996331396,11.38795475389789,12.144988396507902,0.0,157.33333333333334,0.8519338455528064,138.0,1135.0,1273.0,31.0,23.0,0.0,SIEMENS,Siemens Ltd,19.1,25.6,Industrials,False,6.9550116034921
1115,SIEMENS,Sep 2020,7.7317514578725115,10.08445606273879,8.1015592077539,0.0,43.93333333333333,0.6271122320302648,1591.0,871.0,720.0,22.0,32.0,0.0,SIEMENS,Siemens Ltd,19.1,25.6,Industrials,False,10.998440792246102
1116,SIEMENS,Sep 2021,8.25125018942264,11.001666919230187,10.52478979414323,0.0003865854837150865,73.875,0.7326117124618373,-967.0,2389.0,1422.0,31.0,26.0,4.0,SIEMENS,Siemens Ltd,19.1,25.6,Industrials,False,8.575210205856772
1117,SIEMENS,Sep 2022,9.561283926137069,11.525591770975337,13.290267011197244,0.015676141257536608,65.19444444444444,0.8025262320354071,944.0,34.0,978.0,43.0,23.0,182.0,SIEMENS,Siemens Ltd,19.1,25.6,Industrials,False,5.809732988802757
1120,SUNPHARMA,Mar 2013,31.165214266463032,42.979067469230074,23.142094729819878,0.01734489659773182,109.16279069767442,0.5462531285272612,982.0,2375.0,3357.0,14.0,9.0,260.0,SUNPHARMA,Sun Pharmaceuticals Industries Ltd,16.7,17.3,Healthcare,False,6.442094729819878
1125,SUNPHARMA,Mar 2018,9.596436256559326,21.257880629695343,6.634650519392389,0.2710497468288354,10.61003861003861,0.4119787859464672,803.0,3104.0,3907.0,9.0,23.0,10385.0,SUNPHARMA,Sun Pharmaceuticals Industries Ltd,16.7,17.3,Healthcare,False,10.06534948060761
1126,SUNPHARMA,Mar 2019,11.036950388770386,21.939723388151105,7.747108116593012,0.25390615566664254,11.025225225225226,0.4500077411363988,1886.0,310.0,2196.0,11.0,25.0,10514.0,SUNPHARMA,Sun Pharmaceuticals Industries Ltd,16.7,17.3,Healthcare,False,8.952891883406988
1127,SUNPHARMA,Mar 2020,12.704793227358548,21.264997868323285,9.216834198608197,0.18369601237158953,24.306930693069308,0.48153796521688125,4330.0,2225.0,6555.0,16.0,25.0,8315.0,SUNPHARMA,Sun Pharmaceuticals Industries Ltd,16.7,17.3,Healthcare,False,7.483165801391802
1128,SUNPHARMA,Mar 2021,6.782494477282226,25.285091647262526,4.889912403417773,0.08327055936982115,35.60992907801418,0.4953713288574724,6577.0,407.0,6170.0,12.0,62.0,3869.0,SUNPHARMA,Sun Pharmaceuticals Industries Ltd,16.7,17.3,Healthcare,False,11.810087596582227
1129,SUNPHARMA,Mar 2022,8.767527293423708,26.538003828840484,7.0587990252233865,0.02686884255691404,53.173228346456696,0.5539727126805778,3429.0,5556.0,8985.0,14.0,73.0,1290.0,SUNPHARMA,Sun Pharmaceuticals Industries Ltd,16.7,17.3,Healthcare,False,9.641200974776613
1136,TATACONSUM,Mar 2016,-0.5574807895133344,5.514539701672443,-0.5922842964623019,0.21674403713782617,3.452991452991453,0.6707427993936331,261.0,145.0,116.0,0.0,-999.0,1354.0,TATACONSUM,Tata Consumer Products Ltd,8.32,10.6,Consumer Staples,False,8.912284296462301
1146,TATAMOTORS,Mar 2013,5.284094219595007,13.02802540348424,26.505832026994714,1.427212583362117,6.968820224719101,1.1215647834610587,-806.0,22969.0,22163.0,35.0,6.0,53716.0,TATAMOTORS,Tata Motors Ltd,49.4,20.1,Consumer Discretionary,False,22.894167973005285
1147,TATAMOTORS,Mar 2014,6.034342063444342,14.96903373218688,21.416377050179864,0.9243643680263398,7.305959149294588,1.0659628432512613,8160.0,27991.0,36151.0,48.0,5.0,60642.0,TATAMOTORS,Tata Motors Ltd,49.4,20.1,Consumer Discretionary,False,27.983622949820134
1148,TATAMOTORS,Mar 2015,5.347717539586334,14.910757374819026,25.013330489495573,1.3083431090256301,8.219090722073647,1.10890167077513,-701.0,36232.0,35531.0,48.0,0.0,73610.0,TATAMOTORS,Tata Motors Ltd,49.4,20.1,Consumer Discretionary,False,24.386669510504426
1149,TATAMOTORS,Mar 2016,4.276935021937695,14.061733187814507,14.791265579086026,0.8785084608369642,7.307220290447944,1.0374718827892273,1206.0,36694.0,37900.0,40.0,1.0,69360.0,TATAMOTORS,Tata Motors Ltd,49.4,20.1,Consumer Discretionary,False,34.608734420913976
1150,TATAMOTORS,Mar 2017,2.8020749518897414,10.971363735803303,13.015397333884469,1.3537942199717543,7.422840962718263,0.9894086139848852,-9372.0,39571.0,30199.0,26.0,0.0,78604.0,TATAMOTORS,Tata Motors Ltd,49.4,20.1,Consumer Discretionary,False,36.384602666115526
1151,TATAMOTORS,Mar 2018,3.1181615503344196,10.789915966386554,9.526554051221863,0.9321163599782034,7.986117043998291,0.8910670187535148,-1282.0,25139.0,23857.0,31.0,0.0,88950.0,TATAMOTORS,Tata Motors Ltd,49.4,20.1,Consumer Discretionary,False,39.873445948778134
1152,TATAMOTORS,Mar 2019,-9.513211321529585,8.16856440726242,-47.73093604081158,1.7643197793250136,-0.35110262198298314,0.9876841247877842,-1987.0,20878.0,18891.0,-100.0,0.0,106175.0,TATAMOTORS,Tata Motors Ltd,49.4,20.1,Consumer Discretionary,False,97.13093604081158
1153,TATAMOTORS,Mar 2020,-4.586927543781696,6.889775843841452,-18.984131010320393,1.9782812029360008,2.4974458097473424,0.8153813960315949,-6482.0,33115.0,26633.0,-39.0,0.0,124788.0,TATAMOTORS,Tata Motors Ltd,49.4,20.1,Consumer Discretionary,False,68.38413101032039
1154,TATAMOTORS,Mar 2021,-5.362397165675854,12.92539882703817,-24.245660397849658,2.5726464785418215,2.6144250957144624,0.7313142254881869,3329.0,25672.0,29001.0,-41.0,0.0,142131.0,TATAMOTORS,Tata Motors Ltd,49.4,20.1,Consumer Discretionary,False,73.64566039784965
1155,TATAMOTORS,Mar 2022,-4.061353042154179,8.877588398801956,-25.378694374004173,3.2864836965059134,2.9149484536082473,0.846207845961691,9839.0,4444.0,14283.0,-34.0,0.0,146449.0,TATAMOTORS,Tata Motors Ltd,49.4,20.1,Consumer Discretionary,False,74.77869437400417
1156,TATAMOTORS,Mar 2023,0.7775308049611668,9.196252821800924,5.935307356250828,2.9591147786946737,3.763325183374083,1.0337432845097019,19971.0,15417.0,35388.0,7.0,32.0,134113.0,TATAMOTORS,Tata Motors Ltd,49.4,20.1,Consumer Discretionary,False,43.464692643749174
1157,TATAMOTORS,Mar 2024,7.263066074788551,13.595385542828959,37.45613415294755,1.2631244259167667,6.530242339274985,1.1851234435931923,45133.0,22782.0,67915.0,94.0,7.0,107262.0,TATAMOTORS,Tata Motors Ltd,49.4,20.1,Consumer Discretionary,False,11.94386584705245
1159,TATAPOWER,Mar 2013,0.37073876480694457,16.864092594267113,0.9971625456019456,3.0710985002026754,2.259651778955337,0.49328694410990676,-740.0,4026.0,3286.0,0.0,-319.0,37882.0,TATAPOWER,"Tata Power Company Ltd
",11.3,11.1,Energy,False,10.302837454398055
1160,TATAPOWER,Mar 2014,0.033588982813637126,19.35845042825953,0.0967663898072736,3.2394968147730023,2.07703488372093,0.5004833083507277,2874.0,3609.0,6483.0,-1.0,-114.0,40173.0,TATAPOWER,"Tata Power Company Ltd
",11.3,11.1,Energy,False,11.203233610192727
1161,TATAPOWER,Mar 2015,1.3604024647992141,18.756883874616737,3.1917865623690456,2.836080458164548,1.9889159232224927,0.4468045487796768,2116.0,3865.0,5981.0,1.0,210.0,40607.0,TATAPOWER,"Tata Power Company Ltd
",11.3,11.1,Energy,False,8.108213437630955
1172,TATASTEEL,Mar 2013,-5.398182789951898,2.943316111408041,-21.280580592297788,2.0054137890670725,1.3634072580645162,0.9171818404640649,936.0,13099.0,14035.0,-6.0,-11.0,68529.0,TATASTEEL,"Tata Steel Ltd
",6.55,7.02,Materials,False,27.83058059229779
1174,TATASTEEL,Mar 2015,-2.8235749512558783,2.4436575295332035,-12.564994098695333,2.574276691441513,1.939562706270627,0.8767825830091321,2859.0,9021.0,11880.0,-3.0,-20.0,80701.0,TATASTEEL,"Tata Steel Ltd
",6.55,7.02,Materials,False,19.114994098695334
1175,TATASTEEL,Mar 2016,-0.4874221546609131,-0.6129554258814298,-1.136467575230952,1.8747599012165006,2.3030087656953326,0.5764512335768074,2661.0,8794.0,11455.0,0.0,-203.0,81987.0,TATASTEEL,"Tata Steel Ltd
",6.55,7.02,Materials,False,7.686467575230952
1176,TATASTEEL,Mar 2017,-3.712410618082084,11.704467537555988,-11.023559586451254,2.195034242047648,1.8444400630914826,0.6512087771895133,1334.0,9490.0,10824.0,-4.0,-23.0,83014.0,TATASTEEL,"Tata Steel Ltd
",6.55,7.02,Materials,False,17.573559586451253
1177,TATASTEEL,Mar 2018,14.396060008600475,17.38999910749783,29.148527213287117,1.5138078888140494,5.926856095325389,0.5904935751861328,-3707.0,11730.0,8023.0,12.0,9.0,92147.0,TATASTEEL,"Tata Steel Ltd
",6.55,7.02,Materials,False,22.598527213287117
1178,TATASTEEL,Mar 2019,5.785538057576315,18.59465081912107,13.234675371780922,1.4626913311570549,4.026370757180157,0.6773508955076405,-3840.0,29176.0,25336.0,9.0,15.0,100816.0,TATASTEEL,"Tata Steel Ltd
",6.55,7.02,Materials,False,6.684675371780922
1181,TATASTEEL,Mar 2022,17.113121467131773,26.02486483384503,36.48016916718366,0.6602500808262629,11.861955327718784,0.8638101847589778,33476.0,10905.0,44381.0,33.0,16.0,75561.0,TATASTEEL,"Tata Steel Ltd
",6.55,7.02,Materials,False,29.93016916718366
1183,TATASTEEL,Mar 2024,-2.1425049417247384,9.70803461170916,-5.334926929972293,0.9461835171402184,2.1634256792754396,0.8509498277091255,6048.0,14253.0,20301.0,-4.0,-101.0,87082.0,TATASTEEL,"Tata Steel Ltd
",6.55,7.02,Materials,False,11.884926929972293
1185,TCS,Mar 2013,22.346758957913288,28.639921256092332,36.51740777253152,0.008613085663882115,400.375,1.2129130401294,5577.0,6038.0,11615.0,36.0,31.0,332.0,TCS,Tata Consultancy Services Ltd,0.52,64.3,Information Technology,False,35.99740777253152
1186,TCS,Mar 2014,23.630651884267014,30.746005940666677,39.29667649151337,0.006037198902327472,686.9230769230769,1.224154184560595,5299.0,9452.0,14751.0,49.0,33.0,297.0,TCS,Tata Consultancy Services Ltd,0.52,64.3,Information Technology,False,38.77667649151336
1187,TCS,Mar 2015,21.194320006761895,25.866368016228552,39.616865804285574,0.007070208353905401,271.1730769230769,1.2909244660247143,17562.0,1807.0,19369.0,51.0,78.0,358.0,TCS,Tata Consultancy Services Ltd,0.52,64.3,Information Technology,False,39.09686580428557
1188,TCS,Mar 2016,22.401192864900686,28.2357380851573,34.2441467807294,0.0034472084646555608,1023.060606060606,1.23054444960415,14099.0,5010.0,19109.0,62.0,35.0,245.0,TCS,Tata Consultancy Services Ltd,0.52,64.3,Information Technology,False,33.7241467807294
1189,TCS,Mar 2017,22.342878456504415,27.390095451231712,30.571600900085834,0.003352123785000116,1141.625,1.152765969921726,8328.0,16895.0,25223.0,67.0,35.0,289.0,TCS,Tata Consultancy Services Ltd,0.52,64.3,Information Technology,False,30.051600900085834
1190,TCS,Mar 2018,21.02287496750715,26.41343904341045,30.401278075368854,0.002901513015694014,695.3461538461538,1.1710138310218214,28171.0,3104.0,25067.0,67.0,37.0,247.0,TCS,Tata Consultancy Services Ltd,0.52,64.3,Information Technology,False,29.881278075368854
1191,TCS,Mar 2019,21.549469831971216,26.973365286795982,35.28609440332715,0.000693155646982537,221.2979797979798,1.2858798430215714,30238.0,1645.0,28593.0,84.0,36.0,62.0,TCS,Tata Consultancy Services Ltd,0.52,64.3,Information Technology,False,34.766094403327145
1192,TCS,Mar 2020,20.673594607165384,26.829734499741953,38.56952666238737,0.09716377814231035,50.54220779220779,1.3065255937466183,41337.0,8968.0,32369.0,86.0,85.0,8174.0,TCS,Tata Consultancy Services Ltd,0.52,64.3,Information Technology,False,38.049526662387365
1193,TCS,Mar 2021,19.833472410873632,28.351108864213625,37.67311096456215,0.09018546157139055,76.0784929356358,1.2629777217059512,30846.0,7956.0,38802.0,88.0,43.0,7795.0,TCS,Tata Consultancy Services Ltd,0.52,64.3,Information Technology,False,37.153110964562146
1194,TCS,Mar 2022,20.051211448001087,27.669305464292794,43.13375739014349,0.08770571803587655,72.79974489795919,1.3606908688371038,39211.0,738.0,39949.0,105.0,41.0,7818.0,TCS,Tata Consultancy Services Ltd,0.52,64.3,Information Technology,False,42.61375739014348
1195,TCS,Mar 2023,18.763139919630266,26.283831134845514,46.7829337344068,0.08502167566132886,80.49807445442876,1.5781854835887132,42513.0,548.0,41965.0,115.0,100.0,7688.0,TCS,Tata Consultancy Services Ltd,0.52,64.3,Information Technology,False,46.26293373440679
1196,TCS,Mar 2024,19.136712150207767,26.690688396923118,50.944313673485176,0.0886406082507266,87.09511568123393,1.6559406621205455,50429.0,6091.0,44338.0,127.0,58.0,8021.0,TCS,Tata Consultancy Services Ltd,0.52,64.3,Information Technology,False,50.42431367348517
1198,TECHM,Mar 2013,19.01644114651535,20.689655172413794,24.087725764835973,0.25433099889421307,12.436893203883495,0.765026714158504,233.0,622.0,855.0,25.0,5.0,1380.0,TECHM,Tech Mahindra Ltd,8.63,11.9,Information Technology,False,15.457725764835972
1199,TECHM,Mar 2014,16.28550154238911,22.189128816083397,33.34785449793073,0.03953387061642344,55.2,1.1795483061480552,1887.0,291.0,1596.0,32.0,15.0,363.0,TECHM,Tech Mahindra Ltd,8.63,11.9,Information Technology,False,24.71785449793073
1200,TECHM,Mar 2015,11.754564342867248,18.535873745634586,21.70966688438929,0.057152188112344876,62.30434782608695,1.1397118097541314,583.0,1865.0,2448.0,27.0,22.0,700.0,TECHM,Tech Mahindra Ltd,8.63,11.9,Information Technology,False,13.079666884389288
1201,TECHM,Mar 2016,11.425228353589493,16.0791122518306,20.745665136042764,0.07477211979987664,48.58762886597938,1.176204217536071,1684.0,1453.0,3137.0,31.0,35.0,1091.0,TECHM,Tech Mahindra Ltd,8.63,11.9,Information Technology,False,12.115665136042763
1202,TECHM,Mar 2017,9.783466593459387,14.357777701520194,17.34501429701284,0.08310518951146803,38.44186046511628,1.1183559120389914,1178.0,2893.0,4071.0,29.0,28.0,1366.0,TECHM,Tech Mahindra Ltd,8.63,11.9,Information Technology,False,8.715014297012837
1203,TECHM,Mar 2018,12.302992883371786,15.305625060930037,20.092341983760548,0.12720904314599585,37.82098765432099,1.0112385396470704,235.0,3319.0,3554.0,39.0,33.0,2397.0,TECHM,Tech Mahindra Ltd,8.63,11.9,Information Technology,False,11.462341983760547
1204,TECHM,Mar 2019,12.345288123884636,18.050198606873526,21.143702243036728,0.09839783090953907,51.16541353383459,1.0387490282843987,2328.0,2104.0,4432.0,44.0,29.0,1996.0,TECHM,Tech Mahindra Ltd,8.63,11.9,Information Technology,False,12.513702243036727
1205,TECHM,Mar 2020,10.570142128675274,14.926223283063903,17.865493054600467,0.16824829230275523,34.869791666666664,0.9879414759633421,5439.0,1081.0,4358.0,42.0,32.0,3670.0,TECHM,Tech Mahindra Ltd,8.63,11.9,Information Technology,False,9.235493054600466
1206,TECHM,Mar 2021,11.499141460837405,17.952714304583278,17.506535290569072,0.11667001809772773,43.58620689655172,0.9558860663602848,2661.0,5433.0,8094.0,46.0,89.0,2901.0,TECHM,Tech Mahindra Ltd,8.63,11.9,Information Technology,False,8.876535290569072
1207,TECHM,Mar 2022,12.610312234018725,17.963535367110158,20.940266309603512,0.09737409804359146,56.04294478527607,1.0051783141210375,5765.0,480.0,5285.0,57.0,47.0,2618.0,TECHM,Tech Mahindra Ltd,8.63,11.9,Information Technology,False,12.310266309603511
1208,TECHM,Mar 2023,9.11428035278664,14.567461062112965,17.3936398796734,0.09812347801174617,26.773006134969325,1.162851594038449,5346.0,226.0,5572.0,50.0,91.0,2740.0,TECHM,Tech Mahindra Ltd,8.63,11.9,Information Technology,False,8.7636398796734
1213,TITAN,Mar 2015,6.849660035255603,9.678502476286411,26.459143968871597,0.0324254215304799,15.061728395061728,2.030163599182004,385.0,118.0,503.0,9.0,25.0,100.0,TITAN,"Titan Company Ltd
",32.9,22.7,Consumer Discretionary,False,6.440856031128401
1214,TITAN,Mar 2016,5.9861653068464,8.32742107130188,19.24721984602224,0.03222127174222983,24.0,1.7779880163986124,417.0,159.0,576.0,8.0,29.0,113.0,TITAN,"Titan Company Ltd
",32.9,22.7,Consumer Discretionary,False,13.652780153977758
1215,TITAN,Mar 2017,5.256013875273358,8.777618580800844,16.46586345381526,0.44460193716040636,29.526315789473685,1.5771883920076117,759.0,953.0,1712.0,8.0,32.0,1882.0,TITAN,"Titan Company Ltd
",32.9,22.7,Consumer Discretionary,False,16.43413654618474
1216,TITAN,Mar 2018,6.836228287841191,10.198511166253102,21.650294695481335,0.33222003929273086,32.339622641509436,1.6930994643419808,47.0,98.0,-51.0,13.0,29.0,1691.0,TITAN,"Titan Company Ltd
",32.9,22.7,Consumer Discretionary,False,11.249705304518663
1217,TITAN,Mar 2019,7.022599726983164,10.081399464078062,22.8830313014827,0.3942339373970346,40.9811320754717,1.689069171648164,446.0,797.0,1243.0,16.0,32.0,2393.0,TITAN,"Titan Company Ltd
",32.9,22.7,Consumer Discretionary,False,10.0169686985173
1218,TITAN,Mar 2020,7.091962758882767,11.69960098802964,22.38716449242765,0.5341130604288499,15.759036144578314,1.554341405788541,-113.0,235.0,-348.0,17.0,24.0,3562.0,TITAN,"Titan Company Ltd
",32.9,22.7,Consumer Discretionary,False,10.512835507572348
1219,TITAN,Mar 2021,4.500092404361486,7.969876178155609,12.99186341203148,0.7520341469921302,9.38423645320197,1.3162247628314279,1340.0,2799.0,4139.0,11.0,37.0,5638.0,TITAN,"Titan Company Ltd
",32.9,22.7,Consumer Discretionary,False,19.90813658796852
1220,TITAN,Mar 2022,7.632209451717073,11.611514288690579,23.6267870579383,0.782005804579168,16.15137614678899,1.3592127619407213,441.0,1165.0,-724.0,24.0,31.0,7275.0,TITAN,"Titan Company Ltd
",32.9,22.7,Consumer Discretionary,False,9.273212942061697
1221,TITAN,Mar 2023,8.069008009858287,12.03203943314849,27.626360644671337,0.7903974348156274,17.293333333333333,1.5016654330125834,-444.0,1814.0,1370.0,37.0,27.0,9367.0,TITAN,"Titan Company Ltd
",32.9,22.7,Consumer Discretionary,False,5.273639355328662
1224,TORNTPHARM,Mar 2013,13.581017795816422,21.76084920387137,30.590717299578056,0.4873417721518987,20.529411764705884,0.8534505728750333,-94.0,247.0,153.0,13.0,45.0,693.0,TORNTPHARM,Torrent Pharmaceuticals Ltd,24.2,23.2,Healthcare,False,6.390717299578057
1225,TORNTPHARM,Mar 2014,15.915627996164908,22.890699904122723,34.8922753547031,0.5948502364687336,16.76271186440678,0.8307447232178415,181.0,418.0,599.0,20.0,25.0,1132.0,TORNTPHARM,Torrent Pharmaceuticals Ltd,24.2,23.2,Healthcare,False,10.692275354703103
1226,TORNTPHARM,Mar 2015,16.199309749784298,22.001725625539258,30.148534725010034,1.099959855479727,7.462857142857143,0.5928388746803069,-1303.0,2113.0,810.0,22.0,25.0,2740.0,TORNTPHARM,Torrent Pharmaceuticals Ltd,24.2,23.2,Healthcare,False,5.948534725010035
1227,TORNTPHARM,Mar 2016,25.915956333183786,40.87034544638852,49.59931310818546,0.6731539782484258,15.027173913043478,0.7525320729237002,1873.0,869.0,2742.0,51.0,34.0,2352.0,TORNTPHARM,Torrent Pharmaceuticals Ltd,24.2,23.2,Healthcare,False,25.399313108185464
1229,TORNTPHARM,Mar 2018,11.394957983193276,22.672268907563026,14.665801427644388,1.3977936404931863,5.35064935064935,0.4177490697184582,-3783.0,4677.0,894.0,20.0,35.0,6462.0,TORNTPHARM,Torrent Pharmaceuticals Ltd,24.2,23.2,Healthcare,False,9.534198572355612
1230,TORNTPHARM,Mar 2019,5.682262478821843,25.843868108953473,9.227513227513228,1.2778835978835978,3.3392857142857144,0.5436831290299724,1552.0,246.0,1798.0,13.0,66.0,6038.0,TORNTPHARM,Torrent Pharmaceuticals Ltd,24.2,23.2,Healthcare,False,14.972486772486771
1233,TORNTPHARM,Mar 2022,9.132581100141044,28.573107663375648,13.052242566773057,0.6836888963547791,8.403921568627451,0.6592282659228266,1607.0,196.0,1803.0,23.0,105.0,4070.0,TORNTPHARM,Torrent Pharmaceuticals Ltd,24.2,23.2,Healthcare,False,11.147757433226943
1237,TRENT,Mar 2013,-1.2664165103189493,0.23452157598499063,-2.1933387489845653,0.2786352558895207,2.1724137931034484,0.965142598460842,-245.0,276.0,31.0,-1.0,-87.0,343.0,TRENT,Trent Ltd,27.2,23.8,Consumer Discretionary,False,29.393338748984565
1238,TRENT,Mar 2014,-0.8144020574367767,-0.42863266180882986,-1.917255297679112,0.3350151362260343,3.1153846153846154,1.2050619834710743,-94.0,48.0,-46.0,-1.0,-125.0,332.0,TRENT,Trent Ltd,27.2,23.8,Consumer Discretionary,False,29.11725529767911
1239,TRENT,Mar 2015,5.64798598949212,3.852889667250438,9.071729957805907,0.1877637130801688,13.454545454545455,1.0348889895786135,-316.0,306.0,-10.0,4.0,26.0,267.0,TRENT,Trent Ltd,27.2,23.8,Consumer Discretionary,False,18.128270042194092
1240,TRENT,Mar 2016,3.262158956109134,5.338078291814947,3.7568306010928962,0.273224043715847,3.6666666666666665,0.7816411682892906,11.0,98.0,109.0,2.0,54.0,400.0,TRENT,Trent Ltd,27.2,23.8,Consumer Discretionary,False,23.443169398907102
1241,TRENT,Mar 2017,4.690949227373068,7.39514348785872,5.4945054945054945,0.25339366515837103,4.673913043478261,0.8154815481548154,58.0,44.0,102.0,3.0,39.0,392.0,TRENT,Trent Ltd,27.2,23.8,Consumer Discretionary,False,21.705494505494507
1242,TRENT,Mar 2018,4.033379694019471,9.643022716736208,5.454545454545454,0.245141065830721,5.340909090909091,0.9233732876712328,73.0,4.0,77.0,3.0,44.0,391.0,TRENT,Trent Ltd,27.2,23.8,Consumer Discretionary,False,21.745454545454546
1243,TRENT,Mar 2019,3.6121673003802277,9.163498098859316,5.771567436208992,0.3001215066828676,5.313725490196078,1.0277452129738178,-16.0,37.0,21.0,3.0,45.0,494.0,TRENT,Trent Ltd,27.2,23.8,Consumer Discretionary,False,21.428432563791006
1244,TRENT,Mar 2020,3.040734366035571,15.174985656913368,4.438860971524288,0.12562814070351758,2.570342205323194,0.633012529507899,-448.0,809.0,361.0,3.0,29.0,300.0,TRENT,Trent Ltd,27.2,23.8,Consumer Discretionary,False,22.76113902847571
1245,TRENT,Mar 2021,-6.980331662167373,4.3964519861164675,-7.825335062689148,0.1297016861219196,1.1992337164750957,0.453004891684137,303.0,18.0,285.0,-4.0,-15.0,300.0,TRENT,Trent Ltd,27.2,23.8,Consumer Discretionary,False,35.025335062689145
1246,TRENT,Mar 2022,0.7781236104935527,13.228101378390395,1.4805414551607445,1.998730964467005,2.2984615384615386,0.582190007765985,114.0,56.0,58.0,3.0,57.0,4725.0,TRENT,Trent Ltd,27.2,23.8,Consumer Discretionary,False,25.719458544839256
1247,TRENT,Mar 2023,4.780393108468818,13.516136859985439,15.177195685670261,1.7195685670261942,3.5574572127139366,1.0197970799307101,492.0,103.0,595.0,13.0,18.0,4464.0,TRENT,Trent Ltd,27.2,23.8,Consumer Discretionary,False,12.022804314329738
1248,TRENT,Mar 2024,11.935353535353535,15.927272727272726,36.30776794493609,0.4309242871189774,8.043478260869565,1.7278693102485339,841.0,508.0,1349.0,42.0,8.0,1753.0,TRENT,Trent Ltd,27.2,23.8,Consumer Discretionary,False,9.10776794493609
